component_type,slug,cve_id,template_id,title,affected_range,fixed_version,fixed_version_key,severity,cvss_score,reference
wp_theme,astra,,functions-php-disclosure,functions.php Full Path Disclosure,,,,low,,
wp_theme,astra-child,,functions-php-disclosure,functions.php Full Path Disclosure,,,,low,,
wp_theme,avada,,functions-php-disclosure,functions.php Full Path Disclosure,,,,low,,
wp_theme,blocksy,,functions-php-disclosure,functions.php Full Path Disclosure,,,,low,,
wp_theme,divi,,functions-php-disclosure,functions.php Full Path Disclosure,,,,low,,
wp_theme,generatepress,,functions-php-disclosure,functions.php Full Path Disclosure,,,,low,,
wp_theme,generatepress-child,,functions-php-disclosure,functions.php Full Path Disclosure,,,,low,,
wp_theme,hello-elementor,,functions-php-disclosure,functions.php Full Path Disclosure,,,,low,,
wp_theme,kadence,,functions-php-disclosure,functions.php Full Path Disclosure,,,,low,,
wp_theme,neve,,functions-php-disclosure,functions.php Full Path Disclosure,,,,low,,
wp_theme,oceanwp,,functions-php-disclosure,functions.php Full Path Disclosure,,,,low,,
wp_theme,storefront,,functions-php-disclosure,functions.php Full Path Disclosure,,,,low,,
wp_theme,twentyeighteen,,functions-php-disclosure,functions.php Full Path Disclosure,,,,low,,
wp_theme,twentyfifteen,,functions-php-disclosure,functions.php Full Path Disclosure,,,,low,,
wp_theme,twentyfourteen,,functions-php-disclosure,functions.php Full Path Disclosure,,,,low,,
wp_theme,twentynineteen,,functions-php-disclosure,functions.php Full Path Disclosure,,,,low,,
wp_theme,twentyseventeen,,functions-php-disclosure,functions.php Full Path Disclosure,,,,low,,
wp_theme,twentysixteen,,functions-php-disclosure,functions.php Full Path Disclosure,,,,low,,
wp_theme,twentythirteen,,functions-php-disclosure,functions.php Full Path Disclosure,,,,low,,
wp_theme,twentytwenty,,functions-php-disclosure,functions.php Full Path Disclosure,,,,low,,
wp_theme,twentytwenty-child,,functions-php-disclosure,functions.php Full Path Disclosure,,,,low,,
wp_theme,twentytwentyfour,,functions-php-disclosure,functions.php Full Path Disclosure,,,,low,,
wp_theme,twentytwentyone,,functions-php-disclosure,functions.php Full Path Disclosure,,,,low,,
wp_theme,twentytwentythree,,functions-php-disclosure,functions.php Full Path Disclosure,,,,low,,
wp_theme,twentytwentytwo,,functions-php-disclosure,functions.php Full Path Disclosure,,,,low,,
wp_plugin,qwiz-online-quizzes-and-flashcards,,wp-qwiz-online-xss,Qwiz Online Quizzes And Flashcards <= 3.36 - Cross-Site Scripting,< 3.36,3.36,00003.00036,medium,,https://wpscan.com/vulnerability/d3c10f69-87b6-43fd-bcbc-c2d35b683ff4
wp_plugin,wordpress,,aspose-pdf-file-download,WordPress Aspose PDF Exporter - Local File Inclusion,,,,high,7.5,https://packetstormsecurity.com/files/131161
wp_plugin,nextgen-gallery,,wp-nextgen-xss,WordPress NextGEN Gallery 1.9.10 - Cross-Site Scripting,,,,high,7.2,https://www.exploit-db.com/exploits/38178
wp_plugin,tutor,,wp-tutor-lfi,WordPress tutor 1.5.3 - Local File Inclusion,,,,high,7.5,https://www.exploit-db.com/exploits/48058
wp_plugin,flagem,,wp-flagem-xss,WordPress FlagEm - Cross-Site Scripting,,,,high,7.2,https://www.exploit-db.com/exploits/38674
wp_theme,churchope,,churchope-lfi,WordPress ChurcHope Theme <= 2.1 - Local File Inclusion,< 2.1,2.1,00002.00001,high,,https://wpscan.com/vulnerability/3c5833bd-1fe0-4eba-97aa-7d3a0c8fda15
wp_plugin,super-forms,,wordpress-super-forms,WordPress super-forms Plugin Directory Listing,,,,low,,https://www.exploit-db.com/ghdb/6776
wp_plugin,under-construction-maintenance-mode,,wp-under-construction-ssrf,"Under Construction, Coming Soon & Maintenance Mode < 1.1.2 - Server Side Request Forgery (SSRF)",< 1.1.2,1.1.2,00001.00001.00002,high,,https://wpscan.com/vulnerability/24784c84-3efd-4166-81c1-e5a266562cfc
wp_plugin,1-flash-gallery,,wp-plugin-1-flashgallery-listing,WordPress 1 flash gallery listing,,,,info,,https://www.exploit-db.com/ghdb/6978
wp_plugin,slideshow-jquery-image-gallery,,wp-slideshow-xss,WordPress Slideshow - Cross-Site Scripting,,,,high,7.2,https://www.exploit-db.com/exploits/37948
wp_plugin,google-mp3-audio-player,,wp-googlemp3-lfi,WordPress Plugin CodeArt Google MP3 Player - File Disclosure Download,,,,critical,,https://www.exploit-db.com/exploits/35460
wp_plugin,music-store,,music-store-open-redirect,WordPress eCommerce Music Store <=1.0.14 - Open Redirect,< 1.0.14,1.0.14,00001.00000.00014,medium,6.1,https://wpscan.com/vulnerability/d73f6575-eb86-480c-bde1-f8765870cdd1
wp_plugin,123contactform-for-wordpress,,wp-123contactform-plugin-listing,WordPress 123ContactForm Plugin Directory Listing,,,,info,,https://blog.sucuri.net/2021/01/critical-vulnerabilities-in-123contactform-for-wordpress-wordpress-plugin.html
wp_plugin,wordfence,,wordpress-wordfence-xss,WordPress Wordfence 7.4.6 - Cross0Site Scripting,,,,medium,5.4,
wp_plugin,tinymce-thumbnail-gallery,,wp-tinymce-lfi,Tinymce Thumbnail Gallery <=1.0.7 - Local File Inclusion,< 1.0.7,1.0.7,00001.00000.00007,high,7.5,https://wpscan.com/vulnerability/4a49b023-c1c9-4cc4-a2fd-af5f911bb400
wp_plugin,sfwd-lms,,wp-sfwd-lms-listing,WordPress Plugin Sfwd-lms Listing,,,,info,,https://www.exploit-db.com/ghdb/6426
wp_plugin,amministrazione-aperta,,amministrazione-aperta-lfi,WordPress Amministrazione Aperta 3.7.3 - Local File Inclusion,,,,high,7.5,https://www.exploit-db.com/exploits/50838
wp_plugin,socialfit,,wp-socialfit-xss,WordPress SocialFit - Cross-Site Scripting,,,,high,7.2,https://www.exploit-db.com/exploits/37481
wp_theme,altair,,wp-altair-listing,Altair WordPress theme v4.8 - Directory Listing,,,,info,,
wp_theme,grimag,,wp-grimag-open-redirect,WordPress Grimag <1.1.1 - Open Redirection,< 1.1.1,1.1.1,00001.00001.00001,medium,6.1,https://wpscan.com/vulnerability/db319d4c-7de6-4d36-90e9-86de82e9c03a
wp_theme,oxygen-theme,,wp-oxygen-theme-lfi,WordPress Oxygen-Theme - Local File Inclusion,,,,high,7.5,https://cxsecurity.com/issue/WLB-2019030178
wp_plugin,w3-total-cache,,w3c-total-cache-ssrf,Wordpress W3C Total Cache <= 0.9.4 - Server Side Request Forgery (SSRF),< 0.9.4,0.9.4,00000.00009.00004,medium,,https://wpvulndb.com/vulnerabilities/8644
wp_plugin,ninja-tables,,wp-ninja-tables-lfi,Ninja Tables <4.1.9 - Unauthenticated Arbitrary File Read,< 4.1.9,4.1.9,00004.00001.00009,high,,https://xbow.com/blog/xbow-ninja-tables/
wp_plugin,knews,,wp-knews-xss,WordPress Knews Multilingual Newsletters 1.1.0 - Cross-Site Scripting,,,,high,7.2,http://web.archive.org/web/20210213220043/https://www.securityfocus.com/bid/54330/info
wp_plugin,superstorefinder-wp,,wp-superstorefinder-misconfig,Superstorefinder WP-plugin - Security Misconfigurations,,,,medium,,https://cxsecurity.com/issue/WLB-2021010145
wp_theme,weekender,,weekender-newspaper-open-redirect,WordPress Weekender Newspaper 9.0 - Open Redirect,,,,medium,6.1,https://cxsecurity.com/issue/WLB-2020040103
wp_plugin,mstore-api,,wp-mstore-plugin-listing,Wordpress Plugin MStore API,,,,low,,
wp_plugin,wp-ticket,,wordpress-zebra-form-xss,Zebra_Form PHP Library <= 2.9.8 - Cross-Site Scripting,< 2.9.8,2.9.8,00002.00009.00008,medium,5.4,https://blog.wpscan.com/2021/02/15/zebra-form-xss-wordpress-vulnerability-affects-multiple-plugins.html
wp_plugin,caldera-forms,,wp-caldera-forms-xss,Caldera Forms <= 1.5.4 - Cross-Site Scripting,< 1.5.4,1.5.4,00001.00005.00004,medium,,https://wpscan.com/vulnerability/c70219da-eab2-4d0b-ac5a-77f6d565ef31
wp_plugin,wp-hide-security-enhancer,,hide-security-enhancer-lfi,WordPress Hide Security Enhancer 1.3.9.2 Local File Inclusion,,,,high,8.6,https://secupress.me/blog/arbitrary-file-download-vulnerability-in-wp-hide-security-enhancer-1-3-9-2/
wp_plugin,issuu-panel,,issuu-panel-lfi,Wordpress Plugin Issuu Panel Remote/Local File Inclusion,,,,high,8.6,https://cxsecurity.com/issue/WLB-2016030131
wp_plugin,gallery-plugin,,wp-gallery-file-upload,WordPress Plugin Gallery 3.06 - Arbitrary File Upload,,,,high,,https://www.exploit-db.com/exploits/18998
wp_plugin,wp-autosuggest,,wp-autosuggest-sql-injection,WP AutoSuggest 0.24 - SQL Injection,,,,critical,,https://wpscan.com/vulnerability/9188
wp_plugin,blogroll-fun,,wp-blogroll-fun-xss,WordPress Blogroll Fun-Show Last Post and Last Update Time 0.8.4 - Cross-Site Scripting,,,,high,7.2,https://codevigilant.com/disclosure/wp-plugin-blogroll-fun-a3-cross-site-scripting-xss/
wp_plugin,instagram-feed,,wp-instagram-feed-xss,Instagram Feed < 1.6 - Cross-Site Scripting,< 1.6,1.6,00001.00006,medium,,https://dumpco.re/blog/xss-instagram-feed
wp_plugin,arforms,,wp-arforms-listing,WordPress Plugin Arforms Listing,,,,info,,https://www.exploit-db.com/ghdb/6424
wp_plugin,aspose-importer-exporter,,aspose-ie-file-download,WordPress Aspose Importer & Exporter 1.0 - Local File Inclusion,,,,high,,https://packetstormsecurity.com/files/131162/
wp_plugin,easy-wp-smtp,CVE-2020-35234,wp-easy-wp-smtp-log-exposure,WordPress Easy WP SMTP - Log Exposure,,,,medium,7.5,https://blog.nintechnet.com/wordpress-easy-wp-smtp-plugin-fixed-zero-day-vulnerability/
wp_plugin,bbpress,,wordpress-bbpress-plugin-listing,WordPress bbPress Plugin Directory Listing,,,,info,,https://www.exploit-db.com/ghdb/6158
wp_plugin,easy-media-gallery-pro,,easy-media-gallery-pro-listing,WordPress Plugin Media Gallery Pro Listing,,,,info,,https://www.exploit-db.com/ghdb/6455
wp_plugin,iwp-client,,wp-iwp-client-listing,WordPress Plugin Iwp-client Listing,,,,info,,https://www.exploit-db.com/ghdb/6427
wp_plugin,ellipsis-human-presence-technology,,wp-ellipsis-xss,Ellipsis Human Presence Technology <= 2.0.8 - Cross Site Scripting,< 2.0.8,2.0.8,00002.00000.00008,medium,,https://wpscan.com/vulnerability/c0a138d8-93ac-463c-b650-d849352c0b44
wp_theme,attitude,,attitude-theme-open-redirect,WordPress Attitude 1.1.1 - Open Redirect,,,,medium,6.1,https://cxsecurity.com/issue/WLB-2020030185
wp_plugin,adaptive-images,,wp-adaptive-xss,WordPress Adaptive Images < 0.6.69 - Cross-Site Scripting,< 0.6.69,0.6.69,00000.00006.00069,high,7.2,https://wpscan.com/vulnerability/eef137af-408c-481c-8493-afe6ee2105d0
wp_plugin,portrait-archiv-shop,,wp-portrait-archiv-xss,WordPress Portrait-Archiv.com Photostore 5.0.4 - Reflected Cross Site Scripting,,,,medium,,https://wpscan.com/vulnerability/c6a8757e-41ef-4c20-8c7d-97b57d56fe0e
wp_plugin,lifterlms,,wordpress-plugins-lifterlms,WordPress Plugin lifterlms Listing,,,,info,,https://www.exploit-db.com/ghdb/6420
wp_plugin,social-warfare,,wp-social-warfare-rce,Social Warfare <= 3.5.2 - Remote Code Execution,< 3.5.2,3.5.2,00003.00005.00002,critical,,https://wpscan.com/vulnerability/9259
wp_plugin,jetpack,,wp-jetpack-ssrf,Wordpress Jetpack plugin - Server Side Request Forgery,,,,medium,,
wp_plugin,custom-tables,,wp-custom-tables-xss,WordPress Custom Tables 3.4.4 - Cross-Site Scripting,,,,high,7.2,https://wpscan.com/vulnerability/211a4286-4747-4b62-acc3-fd9a57b06252
wp_plugin,wp-statistics,,wp-statistics-sqli,WordPress WP Statistics Plugin 13.0.7 - SQL Injection,,,,high,,https://www.exploit-db.com/exploits/49894
wp_plugin,wp-live-chat-software-for-wordpress,,wp-livechat-stored-xss,WordPress LiveChat < 3.7.6 - Unauthenticated Stored XSS,< 3.7.6,3.7.6,00003.00007.00006,high,,https://wpscan.com/plugin/wp-live-chat-software-for-wordpress/
wp_plugin,knr-author-list-widget,,knr-widget-xss,KNR Author List Widget - Cross-site Scripting,,,,medium,6.1,https://wordpress.org/plugins/knr-author-list-widget/
wp_plugin,hb-audio-gallery-lite,,hb-audio-lfi,Wordpress HB Audio Gallery Lite - Local File Inclusion,,,,high,7.5,https://packetstormsecurity.com/files/136340/WordPress-HB-Audio-Gallery-Lite-1.0.0-Arbitrary-File-Download.html
wp_plugin,wp-vr-view,,wp-vr-view-xss,WP VR-View Plugin - Cross-Site Scripting,,,,high,,https://blog.mindedsecurity.com/2018/04/dom-based-cross-site-scripting-in.html
wp_plugin,cherry-plugin,,cherry-file-download,Cherry Plugin < 1.2.7 - Arbitrary File Retrieval and File Upload,< 1.2.7,1.2.7,00001.00002.00007,high,8.6,https://wpscan.com/vulnerability/90034817-dee7-40c9-80a2-1f1cd1d033ee
wp_plugin,elementor,,wordpress-elementor-plugin-listing,WordPress Elementor Plugin Directory Listing,,,,info,,https://www.exploit-db.com/ghdb/6297
wp_plugin,athlon-manage-calameo-publications,,calameo-publications-xss,WordPress Manage Calameo Publications 1.1.0 - Cross-Site Scripting,,,,medium,5.4,https://codevigilant.com/disclosure/wp-plugin-athlon-manage-calameo-publications-a3-cross-site-scripting-xss/
wp_plugin,ait-csv-import-export,,ait-csv-import-export-rce,WordPress AIT CSV Import Export - Unauthenticated Remote Code Execution,,,,critical,9.8,https://wpscan.com/vulnerability/10471
wp_plugin,redirection,,wordpress-redirection-plugin-listing,WordPress Redirection Plugin Directory Listing,,,,info,,https://www.exploit-db.com/ghdb/6436
wp_theme,eatery,,eatery-restaurant-open-redirect,WordPress Eatery 2.2 - Open Redirect,,,,medium,6.1,https://cxsecurity.com/issue/WLB-2020030183
wp_theme,nativechurch,,nativechurch-wp-theme-lfd,WordPress NativeChurch Theme - Local File Inclusion,,,,high,,https://packetstormsecurity.com/files/132297/WordPress-NativeChurch-Theme-1.0-1.5-Arbitrary-File-Download.html
wp_plugin,simple-file-list,,simple-file-list-rce,WordPress Simple File List <=4.2.2 - Remote Code Execution,< 4.2.2,4.2.2,00004.00002.00002,critical,9.8,https://wpscan.com/vulnerability/10192
wp_plugin,members-list,,members-list-xss,WordPress Members List <4.3.7 - Cross-Site Scripting,< 4.3.7,4.3.7,00004.00003.00007,medium,5.4,https://wpscan.com/vulnerability/d13f26f0-5d91-49d7-b514-1577d4247648
wp_plugin,email-subscribers,,wp-email-subscribers-listing,WordPress Plugin Email Subscribers Listing,,,,low,,https://www.exploit-db.com/ghdb/6428
wp_plugin,church-admin,,church-admin-lfi,WordPress Church Admin 0.33.2.1 - Local File Inclusion,,,,high,7.5,https://wpscan.com/vulnerability/8997
wp_theme,upward,,wp-upward-theme-redirect,WordPress Upward Themes <1.5 - Open Redirect,< 1.5,1.5,00001.00005,medium,,https://cxsecurity.com/issue/WLB-2020030133
wp_plugin,finder,,wp-finder-xss,WordPress Finder - Cross-Site Scripting,,,,high,7.2,https://packetstormsecurity.com/files/115902/WordPress-Finder-Cross-Site-Scripting.html
wp_theme,haberadam,,wp-haberadam-idor,WordPress Themes Haberadam JSON API - IDOR and Path Disclosure,,,,low,,https://cxsecurity.com/issue/WLB-2021090078
wp_plugin,kadence-blocks,,wp-kadence-blocks-rce,WordPress Gutenberg Blocks Plugin <= 3.1.10 - Arbitrary File Upload,< 3.1.10,3.1.10,00003.00001.00010,critical,,https://wordpress.org/plugins/kadence-blocks/
wp_plugin,wordfence,,wordpress-wordfence-lfi,WordPress Wordfence 7.4.5 - Local File Inclusion,,,,high,7.5,https://www.exploit-db.com/exploits/48061
wp_plugin,wpify-woo,,wpify-woo-czech-xss,WordPress WPify Woo Czech <3.5.7 - Cross-Site Scripting,< 3.5.7,3.5.7,00003.00005.00007,high,7.2,https://wpscan.com/vulnerability/5c66c32b-22f2-4b59-a6b2-b8da944cdc3c
wp_plugin,sitepress-multilingual-cms,,wpml-multilingual-cms-xss,WordPress WPML Multilingual CMS < 4.6.1 - Cross-Site Scripting,< 4.6.1,4.6.1,00004.00006.00001,high,7.1,https://wpscan.com/vulnerability/b9cc519c-7ec2-42c3-9f42-01e928e12139/
wp_plugin,brandfolder,,brandfolder-lfi,Wordpress Brandfolder - Remote/Local File Inclusion,,,,high,7.5,https://www.exploit-db.com/exploits/39591
wp_plugin,photoblocks-grid-gallery,,photoblocks-grid-gallery-xss,Gallery Photoblocks < 1.1.41 - Cross-Site Scripting,< 1.1.41,1.1.41,00001.00001.00041,medium,,https://plugins.trac.wordpress.org/changeset/2117972
wp_plugin,wordpress-popup,,wordpress-popup-listing,WordPress Popup Plugin Directory Listing,,,,info,,
wp_plugin,booked,,booked-export-csv,Booked < 2.2.6 - Broken Authentication,< 2.2.6,2.2.6,00002.00002.00006,high,,https://codecanyon.net/item/booked-appointments-appointment-booking-for-wordpress/9466968
wp_plugin,wpmudev-updates,,wpmudev-pub-keys,Wpmudev Dashboard Pub Key,,,,medium,,https://www.exploit-db.com/ghdb/6443
wp_theme,ambience,,wp-ambience-xss,WordPress Ambience Theme <=1.0 - Cross-Site Scripting,< 1.0,1.0,00001.00000,medium,5.4,https://www.exploit-db.com/expl oits/38568
wp_plugin,phpfreechat,,wp-phpfreechat-xss,WordPress PHPFreeChat 0.2.8 - Cross-Site Scripting,,,,high,7.2,https://www.exploit-db.com/exploits/37485
wp_plugin,photo-gallery,,photo-gallery-xss,Photo Gallery < 1.7.1 - Cross-Site Scripting,< 1.7.1,1.7.1,00001.00007.00001,medium,,https://wpscan.com/vulnerability/e9f9bfb0-7cb8-4f92-b436-f08442a6c60a
wp_plugin,simple-fields,,wp-simple-fields-lfi,WordPress Simple Fields 0.2 - 0.3.5 LFI/RFI/RCE,,,,high,,https://packetstormsecurity.com/files/147102/WordPress-Simple-Fields-0.3.5-File-Inclusion-Remote-Code-Execution.html
wp_plugin,aspose-doc-exporter,,aspose-words-file-download,WordPress Aspose Words Exporter <2.0 - Local File Inclusion,< 2.0,2.0,00002.00000,high,7.5,https://wpscan.com/vulnerability/7869
wp_plugin,idx-broker-platinum,,wp-idx-broker-platinum-listing,WordPress Plugin Idx Broker Platinum Listing,,,,info,,https://www.exploit-db.com/ghdb/6416
wp_plugin,adiaha-hotel,,wp-adivaha-sqli,WordPress adivaha Travel Plugin 2.3 - SQL Injection,,,,high,,https://wordpress.org/plugins/adiaha-hotel/
wp_theme,realestate-7,,wp-real-estate-xss,WordPress Real Estate 7 Theme <= 3.3.4 - Cross-Site Scripting,< 3.3.4,3.3.4,00003.00003.00004,medium,6.1,https://www.exploitalert.com/view-details.html?id=39344
wp_plugin,brandfolder,,brandfolder-open-redirect,WordPress Brandfolder - Open Redirect (RFI & LFI),,,,medium,,https://www.exploit-db.com/exploits/39591
wp_plugin,qards,,wp-qards-listing,WordPress Plugin Qards,,,,info,,
wp_plugin,updraftplus,,updraftplus-pem-keys,UpdraftPlus Plugin Pem Key,,,,info,,https://www.exploit-db.com/ghdb/6437
wp_plugin,gtranslate,,wordpress-gtranslate-plugin-listing,WordPress gtranslate Plugin Directory Listing,,,,info,,https://www.exploit-db.com/ghdb/6160
wp_theme,reality,,wp-reality-estate-theme,Reality Estate Multipurpose WP-Theme < 2.5.3 - Cross-Site Scripting,< 2.5.3,2.5.3,00002.00005.00003,medium,6.1,https://wpscan.com/vulnerability/10064
wp_plugin,ad-widget,,ad-widget-lfi,WordPress Ad Widget 2.11.0 - Local File Inclusion,,,,high,7.5,https://cxsecurity.com/issue/WLB-2017100084
wp_plugin,ninja-forms,,ninja-forms-xss,Ninja Forms < 3.5.5 - Cross-Site Scripting,< 3.5.5,3.5.5,00003.00005.00005,medium,6.1,https://wpscan.com/vulnerability/ba6fa3d6-e3f7-449a-bd78-d57c26a67aa6/
wp_plugin,ultimate-member,,wordpress-plugins-ultimate-member,WordPress Plugin Ultimate Member,,,,info,,https://www.exploit-db.com/ghdb/6998
wp_plugin,wp-analytify,,analytify-plugin-xss,Analytify <4.2.1 - Cross-Site Scripting,< 4.2.1,4.2.1,00004.00002.00001,medium,5.4,https://wpscan.com/vulnerability/b8415ed5-6fd0-42fe-9201-73686c1871c5
wp_plugin,blog-designer-pack,,blog-designer-pack-rce,News & Blog Designer Pack < 3.4.2 - Remote Code Execution,< 3.4.2,3.4.2,00003.00004.00002,critical,,https://twitter.com/frycos/status/1717571552470819285
wp_plugin,dzs-zoomsounds,,dzs-zoomsounds-listing,WordPress Plugin dzs zoomsounds,,,,info,,
wp_plugin,securimage-wp,,wp-securimage-xss,WordPress Securimage-WP 3.2.4 - Cross-Site Scripting,,,,high,7.2,https://www.exploit-db.com/exploits/38510
wp_plugin,cherry-plugin,,cherry-lfi,WordPress Cherry < 1.2.7 - Unauthenticated Arbitrary File Upload and Download,< 1.2.7,1.2.7,00001.00002.00007,high,8.6,https://wpscan.com/vulnerability/90034817-dee7-40c9-80a2-1f1cd1d033ee
wp_theme,prostore,,wp-prostore-open-redirect,WordPress ProStore <1.1.3 - Open Redirect,< 1.1.3,1.1.3,00001.00001.00003,low,,https://wpscan.com/vulnerability/2e0f8b7f-96eb-443c-a553-550e42ec67dc
wp_plugin,vrview,,vrview-xss,VRview Plugin - Cross-Site Scripting,,,,high,,https://blog.mindedsecurity.com/2018/04/dom-based-cross-site-scripting-in.html
wp_plugin,boldgrid-backup,,wordpress-total-upkeep-backup-download,WordPress Total Upkeep Database and Files Backup Download,,,,high,,https://www.exploit-db.com/exploits/49252
wp_plugin,gtranslate,,wp-gtranslate-open-redirect,GTranslate < 2.8.11 - Open Redirect,< 2.8.11,2.8.11,00002.00008.00011,medium,6.1,https://wpscan.com/vulnerability/d4da110e-4351-49b8-b7a1-8be24895d2fa/
wp_theme,diarise,,diarise-theme-lfi,WordPress Diarise 1.5.9 - Arbitrary File Retrieval,,,,high,,https://packetstormsecurity.com/files/152773/WordPress-Diarise-1.5.9-Local-File-Disclosure.html
wp_plugin,wptouch,,wp-touch-redirect,WordPress WPtouch 3.7.5 - Open Redirect,,,,medium,,https://packetstormsecurity.com/files/170568/WordPress-WPtouch-3.7.5-Open-Redirection.html
wp_plugin,smart-manager-for-wp-e-commerce,,wp-smart-manager-sqli,Smart Manager for WooCommerce & WPeC <= 3.9.6 - SQL Injection,< 3.9.6,3.9.6,00003.00009.00006,critical,,https://wpscan.com/vulnerability/e060fbff-792f-4fb5-baa5-82d80240ec99
wp_plugin,avchat-3,,avchat-video-chat-xss,WordPress AVChat Video Chat 1.4.1 - Cross-Site Scripting,,,,medium,5.4,https://codevigilant.com/disclosure/wp-plugin-avchat-3-a3-cross-site-scripting-xss/
wp_plugin,woocommerce,,wordpress-woocommerce-listing,WordPress WooCommerce - Directory Search,,,,info,,https://www.exploit-db.com/ghdb/6192
wp_plugin,aspose-cloud-ebook-generator,,aspose-file-download,Wordpress Aspose Cloud eBook Generator - Local File Inclusion,,,,high,7.5,https://wpscan.com/vulnerability/7866
wp_theme,xhibiter,,xhibiter-nft-sqli,Xhibiter NFT Marketplace 1.10.2 - SQL Injection,,,,high,,https://www.exploit-db.com/exploits/52060
wp_plugin,capability-manager-enhanced,,wp-publishpress-capabilities-xss,PublishPress Capabilities < 2.3.3 - Cross-Site Scripting,< 2.3.3,2.3.3,00002.00003.00003,medium,6.1,https://wpscan.com/vulnerability/88a57716-6e8b-4e98-884d-5534074c601a/
wp_plugin,gravityforms,,wp-gravity-forms-log-disclosure,WordPress Gravity Forms - Log File Disclosure,,,,low,,
wp_plugin,jetpack,,wp-jetpack-fpd,JetPack - Full Path Disclosure,,,,low,,https://wordpress.org/plugins/jetpack/
wp_plugin,beaver-builder-lite-version,,wp-beaver-builder-lite-version-fpd,Beaver Builder Page Builder - Full Path Disclosure,,,,low,,https://wordpress.org/plugins/beaver-builder-lite-version/
wp_theme,twentysixteen,,wp-twentysixteen-fpd,WordPress Twenty Sixteen - Full Path Disclosure,,,,low,,https://wordpress.org/themes/twentysixteen/
wp_plugin,seo-by-rank-math,,wp-rank-math-seo-fpd,WordPress SEO Plugin Rank Math - Full Path Disclosure,,,,low,,https://wordpress.org/plugins/seo-by-rank-math/
wp_plugin,add-search-to-menu,,wp-add-search-to-menu-fpd,WordPress Ivory Search - Full Path Disclosure,,,,low,,https://wordpress.org/plugins/add-search-to-menu/
wp_plugin,sg-cachepress,,wp-sg-cachepress-fpd,WordPress Plugin SG Optimizer - Full Path Disclosure,,,,low,,https://wordpress.org/plugins/sg-cachepress/
wp_plugin,the-events-calendar,,wp-the-events-calendar-fpd,WordPress The Events Calendar - Full Path Disclosure,,,,low,,https://wordpress.org/plugins/the-events-calendar/
wp_theme,twentyseventeen,,wp-twenty-theme-fpd,WordPress Twenty Seventeen - Full Path Disclosure,,,,low,,https://wordpress.org/themes/twentyseventeen/
wp_plugin,wordpress-seo,,wp-yoast-seo-fpd,WordPress Yoast SEO - Full Path Disclosure,,,,low,,https://wordpress.org/plugins/wordpress-seo/
wp_plugin,wp-pagenavi,,wp-pagenavi-fpd,WordPress WP-PageNavi - Full Path Disclosure,,,,low,,https://wordpress.org/plugins/wp-pagenavi/
wp_plugin,table-of-contents-plus,,wp-toc-plus-fpd,WordPress Plugin Table of Contents Plus - Full Path Disclosure,,,,low,,https://wordpress.org/plugins/table-of-contents-plus/
wp_plugin,members,,wp-members-log-disclosure,WordPress Members Plugin - Debug/Error Log Disclosure,,,,low,,https://wordpress.org/plugins/members/
wp_plugin,all-in-one-seo-pack,,wp-all-in-one-seo-pack-fpd,WordPress All in One SEO Pack - Full Path Disclosure,,,,low,,https://wordpress.org/plugins/all-in-one-seo-pack/
wp_plugin,wp-migrate-db,,wp-migrate-db-fpd,WordPress WP Migrate DB - Full Path Disclosure,,,,low,,https://wordpress.org/plugins/wp-migrate-db/
wp_plugin,simple-301-redirects,,wp-simple-301-redirects-fpd,Simple 301 Redirects - Full Path Disclosure,,,,low,,https://wordpress.org/plugins/simple-301-redirects/
wp_plugin,google-analytics-for-wordpress,,wp-google-analytics-fpd,WordPress Google Analytics - Full Path Disclosure,,,,info,,https://wordpress.org/plugins/google-analytics-for-wordpress/
wp_plugin,meta-box,,wordpress-meta-box-fpd,WordPress Meta Box - Full Path Disclosure,,,,low,,https://wordpress.org/plugins/meta-box/
wp_plugin,hostinger,,wp-hostinger-fpd,WordPress Hostinger Tools - Full Path Disclosure,,,,low,,https://wordpress.org/plugins/hostinger/
wp_plugin,custom-post-type-ui,,wp-custom-post-type-ui-fpd,WordPress Custom Post Type UI - Full Path Disclosure,,,,low,5.3,https://wordpress.org/plugins/custom-post-type-ui/
wp_plugin,all-in-one-wp-security-and-firewall,,wp-all-in-one-wp-security-and-firewall-fpd,All In One WP Security & Firewall - Full Path Disclosure,,,,low,,https://wordpress.org/plugins/all-in-one-wp-security-and-firewall/
wp_plugin,breadcrumb-navxt,,wp-breadcrumb-navxt-fpd,WordPress Breadcrumb NavXT - Full Path Disclosure,,,,low,,https://wordpress.org/plugins/breadcrumb-navxt/
wp_plugin,wp-maintenance-mode,,wp-maintenance-mode-fpd,WordPress WP Maintenance Mode - Full Path Disclosure,,,,low,,https://wordpress.org/plugins/wp-maintenance-mode/
wp_theme,oceanwp,,wp-oceanwp-fpd,WordPress OceanWP - Full Path Disclosure,,,,low,,https://wordpress.org/themes/oceanwp/
wp_plugin,popup-maker,,wp-popup-maker-fpd,Popup Maker - Full Path Disclosure,,,,low,,https://wordpress.org/plugins/popup-maker/
wp_plugin,menu-image,,wordpress-menu-image-fpd,WordPress Menu Image - Full Path Disclosure,,,,low,,https://wordpress.org/plugins/menu-image/
wp_plugin,imsanity,,wordpress-imsanity-fpd,WordPress Plugin Imsanity - Full Path Disclosure,,,,low,,https://wordpress.org/plugins/imsanity/
wp_plugin,megamenu,,wp-megamenu-fpd,WordPress Plugin Max Mega Menu (megamenu) - Full Path Disclosure,,,,low,,https://wordpress.org/plugins/megamenu/
wp_plugin,updraftplus,,wp-updraftplus-fpd,WordPress UpdraftPlus - Full Path Disclosure,,,,low,,https://wordpress.org/plugins/updraftplus/
wp_plugin,duplicate-page,,wp-duplicate-page-fpd,WordPress Duplicate Page - Full Path Disclosure,,,,low,,https://wordpress.org/plugins/duplicate-page/
wp_plugin,safe-svg,,wp-safe-svg-fpd,WordPress Plugin Safe SVG - Full Path Disclosure,,,,low,,https://wordpress.org/plugins/safe-svg/
wp_plugin,nextgen-gallery,,wp-nextgen-gallery-log,WordPress Gallery Plugin / NextGEN Gallery (nextgen-gallery) Error Log Disclosure,,,,low,,https://wordpress.org/plugins/nextgen-gallery/
wp_plugin,contact-form-7,,wp-contact-form-7-fpd,WordPress Contact Form 7 - Full Path Disclosure,,,,low,,https://wordpress.org/plugins/contact-form-7/
wp_plugin,cookie-law-info,,wp-cookie-law-info-fpd,WordPress Plugin GDPR Cookie Consent - Full Path Disclosure,,,,low,,https://wordpress.org/plugins/cookie-law-info/
wp_theme,twentytwenty,,wp-twentytwenty-fpd,WordPress Twenty Twenty Theme - Full Path Disclosure,,,,info,,https://wordpress.stackexchange.com/questions/62999/worthwhile-to-restrict-direct-access-of-theme-files
wp_plugin,wp-mail-smtp,,wp-wp-mail-smtp-fpd,WordPress WP Mail SMTP - Full Path Disclosure,,,,low,,https://wordpress.org/plugins/wp-mail-smtp/
wp_plugin,rocket-lazy-load,,wordpress-rocket-lazy-load-fpd,WordPress LazyLoad Plugin - Full Path Disclosure,,,,low,,https://wordpress.org/plugins/rocket-lazy-load/
wp_plugin,cmb2,,wordpress-cmb2-fpd,WordPress CMB2 - Full Path Disclosure,,,,low,,https://wordpress.org/plugins/cmb2/
wp_plugin,cf7-salesforce,,wp-contact-form-fpd,WordPress Contact Form - Full Path Disclosure,,,,low,,
wp_plugin,flamix-bitrix24-and-contact-forms-7-integrations,,wp-contact-form-fpd,WordPress Contact Form - Full Path Disclosure,,,,low,,
wp_plugin,events-manager,,wordpress-events-manager-fpd,WordPress Events Manager - Full Path Disclosure,,,,low,,https://wordpress.org/plugins/events-manager/
wp_plugin,pretty-link,,wp-pretty-links-fpd,WordPress Pretty Links - Full Path Disclosure,,,,low,,https://wordpress.org/plugins/pretty-link/
wp_theme,twentyfifteen,,wp-twentyfifteen-fpd,WordPress Twenty Fifteen Theme - Full Path Disclosure,,,,info,,https://wordpress.org/themes/twentyfifteen/
wp_plugin,yith-woocommerce-wishlist,,wp-yith-woocommerce-wishlist-fpd,WordPress YITH WooCommerce Wishlist - Full Path Disclosure,,,,low,,https://wordpress.org/plugins/yith-woocommerce-wishlist/
wp_plugin,creame-whatsapp-me,,wordpress-joinchat-fpd,WordPress Joinchat - Full Path Disclosure,,,,low,,https://wordpress.org/plugins/creame-whatsapp-me/
wp_theme,storefront,,wordpress-storefront-fpd,WordPress Storefront Theme - Full Path Disclosure,,,,low,,https://wordpress.org/themes/storefront/
wp_plugin,woocommerce-admin,,wp-woocommerce-admin-fpd,WordPress Plugin WooCommerce Admin (woocommerce-admin) Full Path Disclosure,,,,low,,https://wordpress.org/plugins/woocommerce-admin/
wp_plugin,hello-dolly,,wp-hello-dolly-fpd,WordPress Plugin Hello Dolly - Full Path Disclosure,,,,low,,https://wordpress.org/plugins/hello-dolly/
wp_plugin,intuitive-custom-post-order,,wp-intuitive-custom-post-order-fpd,WordPress Plugin Intuitive Custom Post Order - Full Path Disclosure,,,,low,,https://wordpress.org/plugins/intuitive-custom-post-order/
wp_plugin,ssl-insecure-content-fixer,,wp-ssl-insecure-content-fixer-fpd,WordPress Plugin SSL Insecure Content Fixer - Full Path Disclosure,,,,low,,https://wordpress.org/plugins/ssl-insecure-content-fixer/
wp_plugin,easy-fancybox,,wp-easy-fancybox-fpd,Easy FancyBox - Full Path Disclosure,,,,low,,https://wordpress.org/plugins/easy-fancybox/
wp_plugin,table-of-contents-plus,,wp-table-of-contents-plus-fpd,WordPress Table of Contents Plus - Full Path Disclosure,,,,low,,https://wordpress.org/plugins/table-of-contents-plus/
wp_plugin,elementor,,wordpress-elementor-fpd,WordPress Elementor Page Builder - Full Path Disclosure,,,,low,,https://wordpress.org/plugins/elementor/
wp_plugin,a3-lazy-load,,wp-a3-lazy-load-top-fpd,WordPress a3 Lazy Load - Full Path Disclosure,,,,low,,https://wordpress.org/plugins/a3-lazy-load/
wp_plugin,cf7-data-source,,wp-cf7-data-source-fpd,WordPress Data Source for Contact Form 7 - Full Path Disclosure,,,,low,,https://wordpress.org/plugins/cf7-data-source/
wp_plugin,iwp-client,,wp-iwp-client-fpd,WordPress Plugin InfiniteWP Client - Full Path Disclosure,,,,low,,https://wordpress.org/plugins/iwp-client/
wp_theme,twentynineteen,,wordpress-twentynineteen-fpd,WordPress Twenty Nineteen - Full Path Disclosure,,,,low,,https://wordpress.org/themes/twentynineteen/
wp_plugin,simple-custom-css,,wp-simple-custom-css-fpd,WordPress Simple Custom CSS Plugin - Full Path Disclosure,,,,low,,https://wordpress.org/plugins/simple-custom-css/
wp_plugin,wp-fastest-cache,,wp-fastest-cache-fpd,WordPress WP Fastest Cache Plugin - Full Path Disclosure,,,,info,,https://wordpress.org/plugins/wp-fastest-cache/
wp_plugin,header-footer-elementor,,wp-header-footer-elementor-fpd,WordPress Header Footer Elementor - Full Path Disclosure,,,,low,,https://wordpress.org/plugins/header-footer-elementor/
wp_plugin,google-site-kit,,wp-google-site-kit-fpd,WordPress Plugin Site Kit by Google - Full Path Disclosure,,,,info,,https://wordpress.org/plugins/google-site-kit/
wp_plugin,advanced-custom-fields,,wp-acf-fpd,Advanced Custom Fields (ACF) - Full Path Disclosure,,,,low,,https://www.advancedcustomfields.com
wp_plugin,widget-logic,,wp-widget-logic-fpd,WordPress Widget Logic - Full Path Disclosure,,,,low,,https://wordpress.org/plugins/widget-logic/
wp_plugin,advanced-responsive-video-embedder,,wp-advanced-responsive-video-embedder-fpd,WordPress Advanced Responsive Video Embedder - Full Path Disclosure,,,,low,,https://wordpress.org/plugins/advanced-responsive-video-embedder/
wp_plugin,duracelltomi-google-tag-manager,,wp-duracelltomi-google-tag-manager-fpd,WordPress Plugin Google Tag Manager - Full Path Disclosure,,,,low,,https://wordpress.org/plugins/duracelltomi-google-tag-manager/
wp_plugin,w3-total-cache,,wp-w3-total-cache-fpd,WordPress W3 Total Cache - Full Path Disclosure,,,,low,,https://wordpress.org/plugins/advanced-iframe/
wp_plugin,members,,wp-members-error-log-disclosure,WordPress Members / Membership & User Role Editor Plugin - Error Log Disclosure,,,,low,,https://wordpress.org/plugins/members/
wp_plugin,user-role-editor,,wp-user-role-editor-fpd,User Role Editor - Full Path Disclosure,,,,low,,https://wordpress.org/plugins/user-role-editor/
wp_plugin,newsletter,,wp-newsletter-fpd,WordPress Plugin Newsletter - Full Path Disclosure,,,,low,,https://wordpress.org/plugins/newsletter/
wp_plugin,bbpress,,wp-bbpress-fpd,WordPress bbPress Plugin - Full Path Disclosure,,,,info,,https://wordpress.org/plugins/bbpress/
wp_plugin,call-now-button,,wp-call-now-button-fpd,WordPress Call Now Button - Full Path Disclosure,,,,low,,https://wordpress.org/plugins/call-now-button/
wp_plugin,ajax-search-lite,,wp-ajax-search-lite-fpd,WordPress Ajax Search Lite - Full Path Disclosure,,,,low,,https://wordpress.org/plugins/ajax-search-lite/
wp_plugin,wordfence,,wordfence-waf-logs-disclosure,WordPress Wordfence - WAF Logs and Data Disclosure,,,,low,5.3,https://wordpress.org/support/topic/detect-suspicious-content-in-word-fence-wflogs-in-my-site/
wp_plugin,responsive-coming-soon,,wp-responsive-fpd,WordPress Coming Soon Page - Full Path Disclosure,,,,low,,https://wordpress.org/plugins/responsive-coming-soon/
wp_plugin,astra-sites,,wp-astra-sites-fpd,WordPress Astra Sites - Full Path Disclosure,,,,low,,https://wordpress.org/plugins/astra-sites/
wp_plugin,admin-menu-editor,,wp-admin-menu-editor-fpd,Admin Menu Editor - Full Path Disclosure,,,,low,,https://wordpress.org/plugins/admin-menu-editor/
wp_plugin,duplicate-post,,wp-duplicate-post-fpd,Duplicate Post - Full Path Disclosure,,,,low,,https://wordpress.org/plugins/duplicate-post/
wp_plugin,ajax-load-more-anything,,wp-ajax-load-more-anything-fpd,WordPress Load More Anything - Full Path Disclosure,,,,low,,https://wordpress.org/plugins/ajax-load-more-anything/
wp_plugin,wpfront-scroll-top,,wp-wpfront-scroll-top-fpd,WordPress WPFront Scroll Top - Full Path Disclosure,,,,low,,https://wordpress.org/plugins/wpfront-scroll-top/
wp_plugin,really-simple-captcha,,wp-really-simple-captcha-fpd,WordPress Plugin Really Simple CAPTCHA - Full Path Disclosure,,,,low,,https://wordpress.org/plugins/really-simple-captcha/
wp_plugin,image-widget,,wp-image-widget-fpd,Image Widget - Full Path Disclosure,,,,low,,https://wordpress.org/plugins/image-widget/
wp_plugin,better-wp-security,,wp-better-wp-security-fpd,WordPress Plugin iThemes Security - Full Path Disclosure,,,,low,,https://wordpress.org/plugins/better-wp-security/
wp_theme,astra,,wp-astra-fpd,WordPress Astra - Full Path Disclosure,,,,low,,https://wordpress.org/themes/astra/
wp_plugin,simple-social-icons,,wordpress-simple-social-icons-fpd,WordPress Simple Social Icons - Full Path Disclosure,,,,low,,https://wordpress.org/plugins/simple-social-icons/
wp_plugin,wpforms-lite,,wp-wpforms-lite-fpd,WordPress WPForms - Full Path Disclosure,,,,low,,https://wordpress.org/plugins/wpforms-lite/
wp_plugin,worker,,wp-worker-fpd,WordPress ManageWP Worker - Full Path Disclosure,,,,low,,https://wordpress.org/plugins/worker/
wp_plugin,google-captcha,,wp-googlecaptcha-fpd,WordPress Plugin reCaptcha by BestWebSoft (google-captcha) - Full Path Disclosure,,,,low,,https://wordpress.org/plugins/google-captcha/
wp_plugin,mailchimp-for-wp,,wp-mailchimp-for-wp-fpd,WordPress Mailchimp for WordPress Plugin - Full Path Disclosure,,,,info,,https://wordpress.org/plugins/mailchimp-for-wp/
wp_plugin,elementor-pro,,wp-elementor-pro-fpd,WordPress Elementor Pro - Full Path Disclosure,,,,low,,https://elementor.com/pro/
wp_plugin,svg-support,,wp-svg-support-fpd,WordPress SVG Support - Full Path Disclosure,,,,low,,https://wordpress.org/plugins/svg-support/
wp_plugin,advanced-iframe,,wp-advanced-iframe-fpd,WordPress Advanced iFrame - Full Path Disclosure,,,,low,,https://wordpress.org/plugins/advanced-iframe/
wp_plugin,wp-smushit,,wp-smushit-fpd,WP Smushit - Full Path Disclosure,,,,low,,https://wordpress.org/plugins/wp-smushit/
wp_plugin,accelerated-mobile-pages,,wordpress-amp-fpd,WordPress AMP - Full Path Disclosure,,,,low,,https://wordpress.org/plugins/accelerated-mobile-pages/
wp_plugin,wordfence,,wp-wordfence-fpd,Wordfence - Full Path Disclosure,,,,low,,https://wordpress.org/plugins/wordfence/
wp_plugin,add-to-any,,wp-add-to-any-fpd,WordPress AddToAny Share Buttons Plugin - Full Path Disclosure,,,,low,,https://wordpress.org/plugins/add-to-any/
wp_plugin,wp-super-cache,,wp-super-cache-fpd,WordPress WP Super Cache - Full Path Disclosure,,,,low,,https://wordpress.org/plugins/super-cache/
wp_plugin,wps-hide-login,,wp-wps-hide-login-log,WordPress WPS Hide Login - Error Log Disclosure,,,,low,,https://wordpress.org/plugins/wps-hide-login/
wp_plugin,pretty-link,,wp-pretty-link-log-disclosure,WordPress Pretty Link - Error Log Disclosure,,,,low,,https://wordpress.org/plugins/pretty-link/
wp_plugin,newsletter,,wp-newsletter-log-exposure,WordPress Newsletter - Log File Exposure,,,,medium,,https://wpscan.com/vulnerability/334e02e9-fcbd-47fe-b7ab-079dd525b396/
wp_plugin,wordpress-importer,,wp-importer-log-disclosure,WordPress Importer - Error Log Disclosure,,,,low,,https://wordpress.org/plugins/wordpress-importer/
wp_plugin,easy-google-fonts,,wp-easy-google-fonts-log-disclosure,WordPress Easy Google Fonts - Error Log Disclosure,,,,low,,https://wordpress.org/plugins/easy-google-fonts/
wp_plugin,social-warfare,CVE-2019-9978,CVE-2019-9978,WordPress Social Warfare <3.5.3 - Cross-Site Scripting,< 3.5.3,3.5.3,00003.00005.00003,medium,6.1,https://github.com/mpgn/CVE-2019-9978
wp_plugin,checklist,CVE-2019-16525,CVE-2019-16525,WordPress Checklist <1.1.9 - Cross-Site Scripting,< 1.1.9,1.1.9,00001.00001.00009,medium,6.1,https://wordpress.org/plugins/checklist/#developers
wp_plugin,woocommerce-abandoned-cart,CVE-2019-25152,CVE-2019-25152,Abandoned Cart Lite for WooCommerce < 5.2.0 - Cross-Site Scripting,< 5.2.0,5.2.0,00005.00002.00000,high,7.2,https://wpscan.com/vulnerability/915420b1-f476-481e-9b11-b736a7cfdda7/
wp_plugin,w3-total-cache,CVE-2019-6715,CVE-2019-6715,W3 Total Cache 0.9.2.6-0.9.3 - Unauthenticated File Read / Directory Traversal,,,,high,7.5,https://vinhjaxt.github.io/2019/03/cve-2019-6715
wp_plugin,wp-live-chat-support,CVE-2019-14950,CVE-2019-14950,WP Live Chat Support <= 8.0.27 — Stored Cross-Site Scripting,< 8.0.27,8.0.27,00008.00000.00027,medium,6.1,https://wordpress.org/plugins/wp-live-chat-support/#developers
wp_plugin,my-calendar,CVE-2019-15713,CVE-2019-15713,WordPress My Calendar <= 3.1.9 - Cross-Site Scripting,< 3.1.9,3.1.9,00003.00001.00009,medium,6.1,https://wpscan.com/vulnerability/9267
wp_plugin,photoblocks-grid-gallery,CVE-2019-15829,CVE-2019-15829,Gallery Photoblocks < 1.1.43 - Cross-Site Scripting,< 1.1.43,1.1.43,00001.00001.00043,medium,4.8,https://wpscan.com/vulnerability/b8d1d88e-f2e5-4212-af34-c91f563f07b6/
wp_plugin,wps-hide-login,CVE-2019-15823,CVE-2019-15823,WPS Hide Login <= 1.5.2.2  - Login Page Bypass,< 1.5.2.2,1.5.2.2,00001.00005.00002.00002,high,,https://web.archive.org/web/20230601185557/https://secupress.me/blog/wps-hide-login-v1-5-2-2-multiples-vulnerabilities/
wp_theme,citybook,CVE-2019-20210,CVE-2019-20210,WordPress CTHthemes - Cross-Site Scripting,,,,medium,6.1,https://wpscan.com/vulnerability/10013
wp_plugin,popup-maker,CVE-2019-17574,CVE-2019-17574,Popup-Maker < 1.8.12 - Broken Authentication,< 1.8.12,1.8.12,00001.00008.00012,critical,9.1,https://wpscan.com/vulnerability/9907
wp_theme,onetone,CVE-2019-17230,CVE-2019-17230,WordPress OneTone theme <= 3.0.6 – Unauthenticated Options Changes,< 3.0.6,3.0.6,00003.00000.00006,medium,5.3,https://blog.sucuri.net/2020/04/onetone-vulnerability-leads-to-javascript-cookie-hijacking.html
wp_plugin,motors-car-dealership-classified-listings,CVE-2019-17228,CVE-2019-17228,Motors Car Dealer & Classified Ads <= 1.4.0 - Unauthenticated settings import/export,< 1.4.0,1.4.0,00001.00004.00000,medium,6.5,https://blog.nintechnet.com/multiple-vulnerabilities-in-wordpress-motors-car-dealer-classified-ads-plugin/
wp_plugin,api-bearer-auth,CVE-2019-16332,CVE-2019-16332,WordPress API Bearer Auth <20190907 - Cross-Site Scripting,,,,medium,6.1,https://plugins.trac.wordpress.org/changeset/2152730
wp_plugin,meta-box,CVE-2019-14793,CVE-2019-14793,Meta Box <= 4.16.2 - Arbitrary File Deletion,< 4.16.2,4.16.2,00004.00016.00002,high,8.1,https://www.wordfence.com/threat-intel/vulnerabilities/wordpress-plugins/meta-box/meta-box-4162-arbitrary-file-deletion
wp_plugin,wp-graphql,CVE-2019-9879,CVE-2019-9879,WPGraphQL 0.2.3 - User Creation,,,,critical,9.8,https://github.com/wp-graphql/wp-graphql/releases/tag/v0.3.0
wp_plugin,nd-booking,CVE-2019-15774,CVE-2019-15774,ND Booking < 2.5 - Unauthenticated Options Change,< 2.5,2.5,00002.00005,medium,6.1,https://wpscan.com/vulnerability/fb211b8b-5c32-40df-b197-bb51fc672b4b/
wp_plugin,hmapsprem,CVE-2019-19134,CVE-2019-19134,WordPress Hero Maps Premium <=2.2.1 - Cross-Site Scripting,< 2.2.1,2.2.1,00002.00002.00001,medium,6.1,https://wpscan.com/vulnerability/d179f7fe-e3e7-44b3-9bf8-aab2e90dbe01
wp_plugin,yellow-pencil-visual-theme-customizer,CVE-2019-11886,CVE-2019-11886,Yellow Pencil Visual Theme Customizer < 7.2.1 - Privilege Escalation,< 7.2.1,7.2.1,00007.00002.00001,high,8.8,https://www.wordfence.com/blog/2019/04/zero-day-vulnerability-in-yellow-pencil-visual-theme-customizer-exploited-in-the-wild/
wp_theme,onetone,CVE-2019-17231,CVE-2019-17231,WordPress OneTone theme <= 3.0.6 – Unauthenticated Stored XSS,< 3.0.6,3.0.6,00003.00000.00006,medium,6.1,https://blog.sucuri.net/2020/04/onetone-vulnerability-leads-to-javascript-cookie-hijacking.html
wp_plugin,userpro,CVE-2019-14470,CVE-2019-14470,WordPress UserPro 4.9.32 - Cross-Site Scripting,,,,medium,6.1,https://wpscan.com/vulnerability/9815
wp_plugin,adaptive-images,CVE-2019-14205,CVE-2019-14205,WordPress Nevma Adaptive Images <0.6.67 - Local File Inclusion,< 0.6.67,0.6.67,00000.00006.00067,high,7.5,https://github.com/security-kma/EXPLOITING-CVE-2019-14205
wp_plugin,wp-google-maps,CVE-2019-9912,CVE-2019-9912,WP Google Maps < 7.10.43 - Cross-Site Scripting,< 7.10.43,7.10.43,00007.00010.00043,medium,6.1,https://lists.openwall.net/full-disclosure/2019/02/05/13
wp_plugin,ultimate-faqs,CVE-2019-17232,CVE-2019-17232,WordPress Ultimate FAQs <= 1.8.24 – Unauthenticated Options Import and Export,< 1.8.24,1.8.24,00001.00008.00024,high,7.5,https://blog.nintechnet.com/unauthenticated-options-import-vulnerability-in-wordpress-ultimate-faq-plugin/
wp_plugin,insert-php,CVE-2019-15858,CVE-2019-15858,WordPress Woody Ad Snippets <2.2.5 - Cross-Site Scripting/Remote Code Execution,< 2.2.5,2.2.5,00002.00002.00005,high,8.8,https://github.com/GeneralEG/CVE-2019-15858
wp_plugin,total-donations,CVE-2019-6703,CVE-2019-6703,Total Donations Plugin for WordPress < 2.0.6 - Arbitrary Options Update,< 2.0.6,2.0.6,00002.00000.00006,critical,9.8,https://wpscan.com/vulnerability/6e6342b0-82ca-4f5f-8b59-92ec3bdf1d02/
wp_plugin,gracemedia-media-player,CVE-2019-9618,CVE-2019-9618,WordPress GraceMedia Media Player 1.0 - Local File Inclusion,,,,critical,9.8,https://cve.mitre.org/cgi-bin/cvename.cgi?name=CVE-2019-9618
wp_plugin,ultimate-faqs,CVE-2019-17233,CVE-2019-17233,WordPress Ultimate FAQs <= 1.8.24 – Unauthenticated HTML Content Injection,< 1.8.24,1.8.24,00001.00008.00024,medium,6.1,https://blog.nintechnet.com/unauthenticated-options-import-vulnerability-in-wordpress-ultimate-faq-plugin/
wp_plugin,easy-wp-smtp,CVE-2019-25141,CVE-2019-25141,Easy WP SMTP <= 1.3.9 - Missing Authorization to Arbitrary Options Update,< 1.3.9,1.3.9,00001.00003.00009,critical,9.8,https://www.wordfence.com/threat-intel/vulnerabilities/id/84b75f7d-7258-46f6-aee6-b96d70bee264?source=cve
wp_plugin,visualizer,CVE-2019-16932,CVE-2019-16932,Visualizer <3.3.1 - Blind Server-Side Request Forgery,< 3.3.1,3.3.1,00003.00003.00001,critical,10.0,https://wpscan.com/vulnerability/9892
wp_plugin,advanced-access-manager,CVE-2019-25213,CVE-2019-25213,WordPress Advanced Access Manager - Path Traversal,,,,critical,9.8,https://www.wordfence.com/threat-intel/vulnerabilities/id/55e0f0df-7be2-4e18-988c-2cc558768eff?source=cve
wp_plugin,wp-graphql,CVE-2019-9881,CVE-2019-9881,WPEngine WPGraphQL 0.2.3 - Unauthenticated Comment Posting,,,,medium,5.3,https://nvd.nist.gov/vuln/detail/CVE-2019-9881
wp_plugin,download-manager,CVE-2019-15889,CVE-2019-15889,WordPress Download Manager <2.9.94 - Cross-Site Scripting,< 2.9.94,2.9.94,00002.00009.00094,medium,6.1,https://www.cybersecurity-help.cz/vdb/SB2019041819
wp_plugin,wp-graphql,CVE-2019-9880,CVE-2019-9880,WPEngine WPGraphQL 0.2.3 - Unauthenticated User Information Disclosure,,,,critical,9.1,http://packetstormsecurity.com/files/153025/WordPress-WPGraphQL-0.2.3-Authentication-Bypass-Information-Disclosure.html
wp_plugin,post-timeline,CVE-2023-4284,CVE-2023-4284,WordPress Post Timeline Plugin < 2.2.6 - Cross-Site Scripting,< 2.2.6,2.2.6,00002.00002.00006,high,7.1,https://wpscan.com/vulnerability/1c126869-0afa-456f-94cc-10334964e5f9
wp_plugin,essential-addons-for-elementor-lite,CVE-2023-32243,CVE-2023-32243,WordPress Elementor Lite 5.7.1 - Arbitrary Password Reset,,,,critical,9.8,https://nvd.nist.gov/vuln/detail/CVE-2023-32243
wp_plugin,form-maker,CVE-2023-4666,CVE-2023-4666,Form-Maker < 1.15.20 - Unauthenticated Arbitrary File Upload,< 1.15.20,1.15.20,00001.00015.00020,critical,9.8,https://wpscan.com/vulnerability/c6597e36-02d6-46b4-89db-52c160f418be/
wp_plugin,my-calendar,CVE-2023-6360,CVE-2023-6360,WordPress My Calendar <3.4.22 - SQL Injection,< 3.4.22,3.4.22,00003.00004.00022,critical,9.8,https://www.tenable.com/security/research/tra-2023-40
wp_plugin,quttera-web-malware-scanner,CVE-2023-6065,CVE-2023-6065,Quttera Web Malware Scanner <= 3.4.1.48 - Sensitive Data Exposure,< 3.4.1.48,3.4.1.48,00003.00004.00001.00048,medium,5.3,https://nvd.nist.gov/vuln/detail/CVE-2023-6065
wp_plugin,elementor,CVE-2023-48777,CVE-2023-48777,WordPress Elementor 3.18.1 - File Upload/Remote Code Execution,,,,critical,9.9,https://wpscan.com/vulnerability/a6b3b14c-f06b-4506-9b88-854f155ebca9/
wp_plugin,extensive-vc-addon,CVE-2023-0159,CVE-2023-0159,Extensive VC Addons for WPBakery page builder < 1.9.1 - Unauthenticated RCE,< 1.9.1,1.9.1,00001.00009.00001,high,7.5,https://wpscan.com/vulnerability/239ea870-66e5-4754-952e-74d4dd60b809/
wp_plugin,wp-user-avatar,CVE-2023-41954,CVE-2023-41954,ProfilePress <= 4.13.1 — Unauthenticated Privilege Escalation,< 4.13.1,4.13.1,00004.00013.00001,high,8.6,https://patchstack.com/database/vulnerability/wp-user-avatar/wordpress-profilepress-plugin-4-13-1-unauthenticated-limited-privilege-escalation-vulnerability?_s_
wp_plugin,ultimate-member,CVE-2023-3460,CVE-2023-3460,Ultimate Member < 2.6.7 - Unauthenticated Privilege Escalation,< 2.6.7,2.6.7,00002.00006.00007,critical,9.8,https://github.com/gbrsh/CVE-2023-3460
wp_plugin,wp-statistics,CVE-2023-0600,CVE-2023-0600,WP Visitor Statistics (Real Time Traffic) < 6.9 - SQL Injection,< 6.9,6.9,00006.00009,critical,9.8,https://wpscan.com/vulnerability/8f46df4d-cb80-4d66-846f-85faf2ea0ec4
wp_plugin,wp-stats-manager,CVE-2023-0600,CVE-2023-0600,WP Visitor Statistics (Real Time Traffic) < 6.9 - SQL Injection,< 6.9,6.9,00006.00009,critical,9.8,https://wpscan.com/vulnerability/8f46df4d-cb80-4d66-846f-85faf2ea0ec4
wp_plugin,fastdup,CVE-2023-6592,CVE-2023-6592,WordPress FastDup <= 2.1.9  Sensitive Information Exposure - Directory Listing,< 2.1.9,2.1.9,00002.00001.00009,medium,5.3,https://wpscan.com/vulnerability/a39bb807-b143-4863-88ff-1783e407d7d4/
wp_plugin,backup,CVE-2023-7165,CVE-2023-7165,JetBackup <= 2.0.9.7 - Sensitive Information Exposure via Directory Listing,< 2.0.9.7,2.0.9.7,00002.00000.00009.00007,high,7.5,https://www.wordfence.com/threat-intel/vulnerabilities/wordpress-plugins/backup/jetbackup-wp-backup-migrate-restore-2097-sensitive-information-exposure-via-dire
wp_plugin,blog-designer-pack,CVE-2023-5815,CVE-2023-5815,News & Blog Designer Pack – WordPress Blog Plugin <= 3.4.1 - Unauthenticated Local File Inclusion,< 3.4.1,3.4.1,00003.00004.00001,high,8.1,https://wordpress.org/plugins/blog-designer-pack/
wp_plugin,quick-event-manager,CVE-2023-23491,CVE-2023-23491,Quick Event Manager < 9.7.5 - Cross-Site Scripting,< 9.7.5,9.7.5,00009.00007.00005,medium,6.1,https://wpscan.com/vulnerability/49178a9d-0500-4e3e-8ea1-6cd4eeda2a4e
wp_plugin,wp-child-theme-generator,CVE-2023-47873,CVE-2023-47873,WordPress WP Child Theme Generator < 1.1.3 - Arbitrary File Upload,< 1.1.3,1.1.3,00001.00001.00003,critical,9.1,https://github.com/certuscyber/cve-pocs/tree/main/CVE-2023-47873
wp_plugin,ninja-forms,CVE-2023-37979,CVE-2023-37979,Ninja Forms < 3.6.26 - Cross-Site Scripting,< 3.6.26,3.6.26,00003.00006.00026,medium,6.1,https://nvd.nist.gov/vuln/detail/CVE-2023-37979
wp_plugin,wp-google-maps,CVE-2023-6697,CVE-2023-6697,WP Go Maps (formerly WP Google Maps) < 9.0.29 - Cross-Site Scripting,< 9.0.29,9.0.29,00009.00000.00029,medium,6.1,https://wpscan.com/vulnerability/ffcebd9d-82fe-4a30-8ad6-cf6c03753d4c/
wp_plugin,popup-builder,CVE-2023-6000,CVE-2023-6000,WordPress Popup Builder <= 4.2.3 - Unauthenticated Stored XSS,< 4.2.3,4.2.3,00004.00002.00003,medium,6.1,https://wordpress.org/plugins/popup-builder/
wp_plugin,integrate-google-drive,CVE-2023-32117,CVE-2023-32117,Integrate Google Drive <= 1.1.99 - Missing Authorization via REST API Endpoints,< 1.1.99,1.1.99,00001.00001.00099,high,7.3,https://github.com/RandomRobbieBF/CVE-2023-32117
wp_plugin,tutor,CVE-2023-0236,CVE-2023-0236,WordPress Tutor LMS <2.0.10 - Cross Site Scripting,< 2.0.10,2.0.10,00002.00000.00010,medium,6.1,https://wpscan.com/vulnerability/503835db-426d-4b49-85f7-c9a20d6ff5b8
wp_plugin,userpro,CVE-2023-2437,CVE-2023-2437,UserPro <= 5.1.1 - Authentication Bypass,< 5.1.1,5.1.1,00005.00001.00001,critical,9.8,https://github.com/RxRCoder/CVE-2023-2437
wp_plugin,ditty-news-ticker,CVE-2023-4148,CVE-2023-4148,Ditty < 3.1.25 - Cross-Site Scripting,< 3.1.25,3.1.25,00003.00001.00025,medium,6.1,https://wpscan.com/vulnerability/aa39de78-55b3-4237-84db-6fdf6820c58d
wp_plugin,wp-optimize,CVE-2023-1119,CVE-2023-1119,WP-Optimize WordPress plugin < 3.2.13 - Cross-Site Scripting,< 3.2.13,3.2.13,00003.00002.00013,medium,6.1,https://wpscan.com/vulnerability/1119
wp_plugin,wp-meta-seo,CVE-2023-0876,CVE-2023-0876,WordPress Meta SEO <= 4.5.2 - Open Redirect,< 4.5.2,4.5.2,00004.00005.00002,medium,6.1,https://wpscan.com/vulnerability/1a8c97f9-98fa-4e29-b7f7-bb9abe0c42ea/
wp_plugin,newsletter,CVE-2023-27922,CVE-2023-27922,Newsletter < 7.6.9 - Cross-Site Scripting,< 7.6.9,7.6.9,00007.00006.00009,medium,6.1,https://wpscan.com/vulnerability/eb6ff6f0-60fe-4345-b443-97fd4800418c
wp_plugin,tenweb-speed-optimizer,CVE-2023-5559,CVE-2023-5559,10Web Booster < 2.24.18 - Unauthenticated Arbitrary Option Deletion,< 2.24.18,2.24.18,00002.00024.00018,critical,9.1,https://wpscan.com/vulnerability/eba46f7d-e4db-400c-8032-015f21087bbf/
wp_plugin,wp-simple-firewall,CVE-2023-6989,CVE-2023-6989,Shield Security WP Plugin <= 18.5.9 - Local File Inclusion,< 18.5.9,18.5.9,00018.00005.00009,critical,9.8,https://wpscan.com/vulnerability/a485aee7-39a0-418c-9699-9afc53e28f55/
wp_plugin,backup-backup,CVE-2023-6553,CVE-2023-6553,Worpress Backup Migration <= 1.3.7 - Unauthenticated Remote Code Execution,< 1.3.7,1.3.7,00001.00003.00007,critical,9.8,https://www.wordfence.com/blog/2023/12/critical-unauthenticated-remote-code-execution-found-in-backup-migration-plugin/
wp_plugin,canto,CVE-2023-3452,CVE-2023-3452,WordPress Canto Plugin <= 3.0.4 - File Inclusion,< 3.0.4,3.0.4,00003.00000.00004,critical,9.8,https://www.exploit-db.com/exploits/51826
wp_plugin,mstore-api,CVE-2023-2734,CVE-2023-2734,MStore API <= 3.9.1 - Authentication Bypass,< 3.9.1,3.9.1,00003.00009.00001,critical,9.8,https://www.wordfence.com/threat-intel/vulnerabilities/wordpress-plugins/mstore-api/mstore-api-391-authentication-bypass
wp_plugin,forminator,CVE-2023-4596,CVE-2023-4596,WordPress Plugin Forminator 1.24.6 - Arbitrary File Upload,,,,critical,9.8,https://www.exploit-db.com/exploits/51664
wp_plugin,td-composer,CVE-2023-3169,CVE-2023-3169,tagDiv Composer < 4.2 - Stored Cross-Site Scripting,< 4.2,4.2,00004.00002,high,6.1,https://wpscan.com/vulnerability/e6d8216d-ace4-48ba-afca-74da0dc5abb5
wp_plugin,easy-digital-downloads,CVE-2023-30869,CVE-2023-30869,Easy Digital Downloads - Privilege Escalation,,,,critical,9.8,https://patchstack.com/articles/critical-easy-digital-downloads-vulnerability?_s_id=cve
wp_plugin,protect-wp-admin,CVE-2023-3139,CVE-2023-3139,Protect WP Admin < 4.0 - Unauthenticated Protection Bypass,< 4.0,4.0,00004.00000,medium,6.1,https://wpscan.com/vulnerability/f8a29aee-19cd-4e62-b829-afc9107f69bd/
wp_plugin,super-socializer,CVE-2023-2779,CVE-2023-2779,Super Socializer < 7.13.52 - Cross-Site Scripting,< 7.13.52,7.13.52,00007.00013.00052,medium,6.1,https://wpscan.com/vulnerability/fe9b7696-3b0e-42e2-9dbc-55167605f5c5
wp_plugin,payment-gateway-for-telcell,CVE-2023-6786,CVE-2023-6786,Payment Gateway for Telcell < 2.0.4 - Open Redirect,< 2.0.4,2.0.4,00002.00000.00004,medium,,https://wpscan.com/vulnerability/f3e64947-3138-4ec4-86c4-27b5d6a5c9c2/
wp_plugin,wp-retina-2x,CVE-2023-44982,CVE-2023-44982,WordPress Perfect Images (WP Retina 2x) < 6.4.6 - Sensitive Information Exposure,< 6.4.6,6.4.6,00006.00004.00006,medium,5.3,https://wpscan.com/vulnerability/aba0c4a1-e253-4b5b-b46d-239567567b16/
wp_plugin,wp-file-manager,CVE-2023-6825,CVE-2023-6825,WordPress File Manager <= 7.2.1 - Directory Traversal,< 7.2.1,7.2.1,00007.00002.00001,critical,9.9,https://www.wordfence.com/threat-intel/vulnerabilities/id/93f377a1-2c33-4dd7-8fd6-190d9148e804
wp_plugin,uncanny-learndash-toolkit,CVE-2023-34020,CVE-2023-34020,Uncanny Toolkit for LearnDash - Open Redirection,,,,medium,4.7,https://patchstack.com/database/vulnerability/uncanny-learndash-toolkit/wordpress-uncanny-toolkit-for-learndash-plugin-3-6-4-3-open-redirection-vulnerability
wp_plugin,ai-engine,CVE-2023-51409,CVE-2023-51409,Jordy Meow AI Engine - Unrestricted File Upload,,,,critical,9.8,https://github.com/Nxploited/CVE-2023-51409
wp_plugin,cmp-coming-soon-maintenance,CVE-2023-1263,CVE-2023-1263,Coming Soon & Maintenance < 4.1.7 - Unauthenticated Post/Page Access,< 4.1.7,4.1.7,00004.00001.00007,medium,5.3,https://wpscan.com/vulnerability/2e07ffd9-8e82-4078-96aa-162ef78c417b
wp_plugin,shortpixel-adaptive-images,CVE-2023-0334,CVE-2023-0334,ShortPixel Adaptive Images < 3.6.3 - Cross Site Scripting,< 3.6.3,3.6.3,00003.00006.00003,medium,6.1,https://wpscan.com/vulnerability/b027a8db-0fd6-444d-b14a-0ae58f04f931
wp_plugin,learnpress,CVE-2023-6567,CVE-2023-6567,LearnPress <= 4.2.5.7 - SQL Injection,< 4.2.5.7,4.2.5.7,00004.00002.00005.00007,high,7.5,https://www.wordfence.com/threat-intel/vulnerabilities/wordpress-plugins/learnpress/learnpress-4257-unauthenticated-sql-injection-via-order-by
wp_plugin,easy-digital-downloads,CVE-2023-23489,CVE-2023-23489,WordPress Easy Digital Downloads 3.1.0.2/3.1.0.3 - SQL Injection,,,,critical,9.8,https://wpscan.com/vulnerability/c5a6830c-6420-42fc-b20c-8e20224d6f18
wp_plugin,gamipress,CVE-2023-24000,CVE-2023-24000,WordPress GamiPress <= 2.5.7 - SQL Injection,< 2.5.7,2.5.7,00002.00005.00007,critical,9.8,https://nvd.nist.gov/vuln/detail/CVE-2023-24000
wp_plugin,essential-blocks,CVE-2023-6623,CVE-2023-6623,Essential Blocks < 4.4.3 - Local File Inclusion,< 4.4.3,4.4.3,00004.00004.00003,critical,9.8,https://wpscan.com/blog/file-inclusion-vulnerability-fixed-in-essential-blocks-4-4-3/
wp_plugin,ap-pricing-tables-lite,CVE-2023-0900,CVE-2023-0900,AP Pricing Tables Lite <= 1.1.6 - SQL Injection,< 1.1.6,1.1.6,00001.00001.00006,high,7.2,https://wpscan.com/vulnerability/f601e637-a486-4f3a-9077-4f294ace7ea1
wp_plugin,paid-memberships-pro,CVE-2023-23488,CVE-2023-23488,WordPress Paid Memberships Pro <2.9.8 - Blind SQL Injection,< 2.9.8,2.9.8,00002.00009.00008,critical,9.8,https://www.tenable.com/security/research/tra-2023-2
wp_plugin,stock-ticker,CVE-2023-40208,CVE-2023-40208,Stock Ticker <= 3.23.2 - Cross-Site Scripting,< 3.23.2,3.23.2,00003.00023.00002,medium,6.1,https://www.wordfence.com/threat-intel/vulnerabilities/wordpress-plugins/stock-ticker/stock-ticker-3233-reflected-cross-site-scripting
wp_plugin,mstore-api,CVE-2023-3277,CVE-2023-3277,MStore API <= 4.10.7 - Unauthorized Account Access and Privilege Escalation,< 4.10.7,4.10.7,00004.00010.00007,critical,9.8,https://www.wordfence.com/threat-intel/vulnerabilities/id/1c7c0c35-5f44-488f-9fe1-269ea4a73854?source=cve
wp_plugin,contact-form-generator,CVE-2023-37988,CVE-2023-37988,Contact Form Generator <= 2.5.5 - Cross-Site Scripting,< 2.5.5,2.5.5,00002.00005.00005,medium,6.1,https://packetstorm.news/files/id/174896
wp_plugin,video-list-manager,CVE-2023-1408,CVE-2023-1408,Video List Manager <= 1.7 - SQL Injection,< 1.7,1.7,00001.00007,high,7.2,https://wpscan.com/vulnerability/baf7ef4d-b2ba-48e0-9c17-74fa27e0c15b
wp_plugin,system-dashboard,CVE-2023-7246,CVE-2023-7246,System Dashboard < 2.8.10 - Cross-Site Scripting,< 2.8.10,2.8.10,00002.00008.00010,medium,5.4,https://wpscan.com/vulnerability/7413d5ec-10a7-4cb8-ac1c-4ef554751518/
wp_plugin,wordpress-toolbar,CVE-2023-6389,CVE-2023-6389,WordPress Toolbar <= 2.2.6 - Open Redirect,< 2.2.6,2.2.6,00002.00002.00006,medium,6.1,https://wpscan.com/vulnerability/04dafc55-3a8d-4dd2-96da-7a8b100e5a81/
wp_plugin,woocommerce-payments,CVE-2023-28121,CVE-2023-28121,WooCommerce Payments - Unauthorized Admin Access,,,,critical,9.8,https://github.com/gbrsh/CVE-2023-28121
wp_plugin,wpforo,CVE-2023-2309,CVE-2023-2309,wpForo Forum <= 2.1.8 - Cross-Site Scripting,< 2.1.8,2.1.8,00002.00001.00008,medium,6.1,https://nvd.nist.gov/vuln/detail/CVE-2023-2309
wp_plugin,post-grid-combo,CVE-2023-40211,CVE-2023-40211,Post Grid <= 2.2.50 - Information Exposure via REST API,< 2.2.50,2.2.50,00002.00002.00050,high,7.5,https://patchstack.com/database/vulnerability/post-grid/wordpress-post-grid-combo-plugin-2-2-50-sensitive-data-exposure-vulnerability?_s_id=cve
wp_plugin,duplicator,CVE-2023-6114,CVE-2023-6114,Duplicator < 1.5.7.1; Duplicator Pro < 4.5.14.2 - Unauthenticated Sensitive Data Exposure,< 1.5.7.1,1.5.7.1,00001.00005.00007.00001,high,7.5,https://drive.google.com/file/d/1mpapFCqfZLv__EAM7uivrrl2h55rpi1V/view?usp=sharing
wp_plugin,defender-security,CVE-2023-5089,CVE-2023-5089,Defender Security < 4.1.0 - Protection Bypass (Hidden Login Page),< 4.1.0,4.1.0,00004.00001.00000,medium,5.3,https://www.sprocketsecurity.com/resources/discovering-wp-admin-urls-in-wordpress-with-gravityforms
wp_plugin,wp-job-portal,CVE-2023-4490,CVE-2023-4490,WordPress Job Portal < 2.0.6 - SQL Injection,< 2.0.6,2.0.6,00002.00000.00006,high,8.6,https://wpscan.com/vulnerability/986024f0-3c8d-44d8-a9c9-1dd284d7db0d/
wp_plugin,wp-fastest-cache,CVE-2023-6063,CVE-2023-6063,WP Fastest Cache 1.2.2 - SQL Injection,,,,high,7.5,https://wpscan.com/blog/unauthenticated-sql-injection-vulnerability-addressed-in-wp-fastest-cache-1-2-2/
wp_plugin,learnpress,CVE-2023-5558,CVE-2023-5558,LearnPress < 4.2.5.5 - Cross-Site Scripting,< 4.2.5.5,4.2.5.5,00004.00002.00005.00005,medium,6.1,https://wpscan.com/vulnerability/4efd2a4d-89bd-472f-ba5a-f9944fd4dd16/
wp_plugin,eventon,CVE-2023-2796,CVE-2023-2796,EventON <= 2.1 - Missing Authorization,< 2.1,2.1,00002.00001,medium,5.3,https://www.wordfence.com/threat-intel/vulnerabilities/id/dba3f3a6-3f55-4f4e-98e4-bb98d9c94bdd
wp_plugin,eventon-lite,CVE-2023-2796,CVE-2023-2796,EventON <= 2.1 - Missing Authorization,< 2.1,2.1,00002.00001,medium,5.3,https://www.wordfence.com/threat-intel/vulnerabilities/id/dba3f3a6-3f55-4f4e-98e4-bb98d9c94bdd
wp_plugin,wp-hotel-booking,CVE-2023-5652,CVE-2023-5652,WP Hotel Booking <= 2.0.7 - SQL Injection,< 2.0.7,2.0.7,00002.00000.00007,critical,9.8,https://www.wordfence.com/threat-intel/vulnerabilities/wordpress-plugins/wp-hotel-booking/wp-hotel-booking-207-unauthenticated-sql-injection
wp_plugin,ht-mega-for-elementor,CVE-2023-37999,CVE-2023-37999,HT Mega – Absolute Addons for Elementor <= 2.2.0 - Missing Authorization to Privilege Escalation,< 2.2.0,2.2.0,00002.00002.00000,critical,9.8,https://www.wordfence.com/threat-intel/vulnerabilities/wordpress-plugins/ht-mega-for-elementor/ht-mega-absolute-addons-for-elementor-220-missing-authorization-t
wp_plugin,woocommerce-product-addon,CVE-2023-2256,CVE-2023-2256,WordPress Product Addons & Fields for WooCommerce < 32.0.7 - Cross-Site Scripting,< 32.0.7,32.0.7,00032.00000.00007,high,6.1,https://wpscan.com/vulnerability/1187e041-3be2-4613-8d56-c2394fcc75fb
wp_plugin,backwpup,CVE-2023-7164,CVE-2023-7164,WordPress BackWPup < 4.0.4 - Backup File Disclosure,< 4.0.4,4.0.4,00004.00000.00004,high,7.5,https://wpscan.com/vulnerability/79b07f37-2c6b-4846-bb28-91a1e5bf112e/
wp_plugin,media-library-assistant,CVE-2023-4634,CVE-2023-4634,Media Library Assistant < 3.09 - Remote Code Execution/Local File Inclusion,< 3.09,3.09,00003.00009,critical,9.8,https://patrowl.io/blog-wordpress-media-library-rce-cve-2023-4634/
wp_plugin,litespeed-cache,CVE-2023-40000,CVE-2023-40000,LiteSpeed Cache <= 5.7 - Unauthenticated Stored XSS,< 5.7,5.7,00005.00007,high,8.3,https://wpscan.com/vulnerability/dd9054cc-1259-427d-a4ad-1875b7b2b3b4
wp_plugin,learnpress,CVE-2023-6634,CVE-2023-6634,LearnPress < 4.2.5.8 - Remote Code Execution,< 4.2.5.8,4.2.5.8,00004.00002.00005.00008,critical,9.8,https://www.wordfence.com/threat-intel/vulnerabilities/wordpress-plugins/learnpress/learnpress-4257-command-injection
wp_plugin,seriously-simple-podcasting,CVE-2023-6444,CVE-2023-6444,Seriously Simple Podcasting < 3.0.0 - Information Disclosure,< 3.0.0,3.0.0,00003.00000.00000,medium,5.3,https://wpscan.com/vulnerability/061c59d6-f4a0-4cd1-b945-5e92b9c2b4aa/
wp_plugin,wd-google-maps,CVE-2023-0037,CVE-2023-0037,WordPress 10Web Map Builder < 1.0.73 - Unauthenticated SQL Injection,< 1.0.73,1.0.73,00001.00000.00073,critical,9.8,https://nvd.nist.gov/vuln/detail/CVE-2023-0037
wp_plugin,wpb-show-core,CVE-2023-5974,CVE-2023-5974,WordPress WPB Show Core <= 2.2 - Server-Side Request Forgery,< 2.2,2.2,00002.00002,critical,9.8,https://wpscan.com/vulnerability/c0136057-f420-4fe7-a147-ecbec7e7a9b5
wp_plugin,eventon,CVE-2023-3219,CVE-2023-3219,EventON Lite < 2.1.2 - Arbitrary File Download,< 2.1.2,2.1.2,00002.00001.00002,medium,5.3,https://wpscan.com/vulnerability/72d80887-0270-4987-9739-95b1a178c1fd
wp_plugin,eventon-lite,CVE-2023-3219,CVE-2023-3219,EventON Lite < 2.1.2 - Arbitrary File Download,< 2.1.2,2.1.2,00002.00001.00002,medium,5.3,https://wpscan.com/vulnerability/72d80887-0270-4987-9739-95b1a178c1fd
wp_plugin,motopress-hotel-booking,CVE-2023-5991,CVE-2023-5991,Hotel Booking Lite < 4.8.5 - Arbitrary File Download & Deletion,< 4.8.5,4.8.5,00004.00008.00005,critical,9.8,https://wpscan.com/vulnerability/e9d35e36-1e60-4483-b8b3-5cbf08fcd49e/
wp_plugin,wp-helper-lite,CVE-2023-0448,CVE-2023-0448,WP Helper Lite < 4.3 - Cross-Site Scripting,< 4.3,4.3,00004.00003,medium,6.1,https://wpscan.com/vulnerability/1f24db34-f608-4463-b4ee-9bc237774256
wp_plugin,mstore-api,CVE-2023-3077,CVE-2023-3077,MStore API < 3.9.8 - SQL Injection,< 3.9.8,3.9.8,00003.00009.00008,critical,9.8,https://wpscan.com/vulnerability/9480d0b5-97da-467d-98f6-71a32599a432
wp_plugin,gift-voucher,CVE-2023-28662,CVE-2023-28662,Wordpress Gift Cards <= 4.3.1 - SQL Injection,< 4.3.1,4.3.1,00004.00003.00001,critical,9.8,https://www.tenable.com/security/research/tra-2023-2
wp_plugin,logdash-activity-log,CVE-2023-6030,CVE-2023-6030,LogDash Activity Log <= 1.1.3 - SQL Injection,< 1.1.3,1.1.3,00001.00001.00003,critical,9.8,https://www.wordfence.com/threat-intel/vulnerabilities/wordpress-plugins/logdash-activity-log/logdash-activity-log-113-unauthenticated-sql-injection
wp_plugin,yikes-inc-easy-mailchimp-extender,CVE-2023-2518,CVE-2023-2518,WordPress Easy Forms for Mailchimp Plugin < 6.8.9 - Cross-Site Scripting,< 6.8.9,6.8.9,00006.00008.00009,medium,6.1,https://wpscan.com/vulnerability/ca120255-2c50-4906-97f3-ea660486db4c
wp_plugin,prime-mover,CVE-2023-6505,CVE-2023-6505,Prime Mover < 1.9.3 - Sensitive Data Exposure,< 1.9.3,1.9.3,00001.00009.00003,high,7.5,https://wpscan.com/vulnerability/eca6f099-6af0-4f42-aade-ab61dd792629
wp_plugin,agile-store-locator,CVE-2023-4151,CVE-2023-4151,Store Locator WordPress < 1.4.13 - Cross-Site Scripting,< 1.4.13,1.4.13,00001.00004.00013,medium,6.1,https://wpscan.com/vulnerability/c9d80aa4-a26d-4b3f-b7bf-9d2fb0560d7b/
wp_plugin,mstore-api,CVE-2023-2732,CVE-2023-2732,MStore API <= 3.9.2 - Authentication Bypass,< 3.9.2,3.9.2,00003.00009.00002,critical,9.8,https://www.wordfence.com/threat-intel/vulnerabilities/id/f00761a7-fe24-49a3-b3e3-a471e05815c1?source=cve
wp_plugin,foogallery,CVE-2023-29439,CVE-2023-29439,FooGallery plugin <= 2.2.35 - Cross-Site Scripting,< 2.2.35,2.2.35,00002.00002.00035,medium,6.1,https://lourcode.kr/posts/CVE-2023-29439-Analysis?_s_id=cve
wp_plugin,better-search-replace,CVE-2023-6933,CVE-2023-6933,Better Search Replace < 1.4.5 - PHP Object Injection,< 1.4.5,1.4.5,00001.00004.00005,critical,9.8,https://posimyth.ticksy.com/ticket/2713734/
wp_plugin,js-support-ticket,CVE-2023-50839,CVE-2023-50839,JS Help Desk <= 2.8.1 - SQL Injection,< 2.8.1,2.8.1,00002.00008.00001,critical,9.8,https://nvd.nist.gov/vuln/detail/CVE-2023-50839
wp_plugin,companion-sitemap-generator,CVE-2023-1780,CVE-2023-1780,Companion Sitemap Generator < 4.5.3 - Cross-Site Scripting,< 4.5.3,4.5.3,00004.00005.00003,medium,6.1,https://wpscan.com/vulnerability/8176308f-f210-4109-9c88-9372415dbed3
wp_plugin,post-smtp,CVE-2023-6875,CVE-2023-6875,WordPress POST SMTP Mailer <= 2.8.7 - Authorization Bypass,< 2.8.7,2.8.7,00002.00008.00007,critical,9.8,https://plugins.trac.wordpress.org/browser/post-smtp/trunk/Postman/Mobile/includes/rest-api/v1/rest-api.php#L60
wp_plugin,import-xml-feed,CVE-2023-4521,CVE-2023-4521,Import XML and RSS Feeds < 2.1.5 - Unauthenticated RCE,< 2.1.5,2.1.5,00002.00001.00005,critical,9.8,https://wpscan.com/vulnerability/de2cdb38-3a9f-448e-b564-a798d1e93481
wp_plugin,simple-urls,CVE-2023-0099,CVE-2023-0099,Simple URLs < 115 - Cross Site Scripting,,,,medium,6.1,https://wpscan.com/vulnerability/fd50f2d6-e420-4220-b485-73f33227e8f8
wp_plugin,ninja-forms,CVE-2023-1835,CVE-2023-1835,Ninja Forms < 3.6.22 - Cross-Site Scripting,< 3.6.22,3.6.22,00003.00006.00022,medium,6.1,https://wpscan.com/vulnerability/b5fc223c-5ec0-44b2-b2f6-b35f9942d341
wp_plugin,download-manager,CVE-2023-6421,CVE-2023-6421,WordPress Download Manager - File Password Exposure,,,,medium,5.3,https://wpscan.com/vulnerability/244c7c00-fc8d-4a73-bbe0-7865c621d410/
wp_plugin,give,CVE-2020-20627,CVE-2020-20627,GiveWP - Missing Authorization to Settings Update,,,,medium,5.3,https://blog.nintechnet.com/multiple-vulnerabilities-fixed-in-wordpress-givewp-plugin/
wp_plugin,tutor,CVE-2020-8615,CVE-2020-8615,Wordpress Plugin Tutor LMS 1.5.3 - Cross-Site Request Forgery,,,,medium,6.5,https://nvd.nist.gov/vuln/detail/CVE-2020-8615
wp_plugin,event-espresso-core-reg,CVE-2020-26153,CVE-2020-26153,Event Espresso Core-Reg 4.10.7.p - Cross-Site Scripting,,,,medium,6.1,https://labs.nettitude.com/blog/cve-2020-26153-event-espresso-core-cross-site-scripting/
wp_plugin,listingpro,CVE-2020-36719,CVE-2020-36719,ListingPro < 2.6.1 - Arbitrary Plugin Installation/Activation/Deactivation,< 2.6.1,2.6.1,00002.00006.00001,critical,9.8,https://blog.nintechnet.com/wordpress-listingpro-theme-fixed-a-critical-vulnerability/
wp_plugin,eventon,CVE-2020-29395,CVE-2020-29395,Wordpress EventON Calendar 3.0.5 - Cross-Site Scripting,,,,medium,6.1,https://github.com/mustgundogdu/Research/tree/main/EventON_PLUGIN_XSS
wp_plugin,eventon-lite,CVE-2020-29395,CVE-2020-29395,Wordpress EventON Calendar 3.0.5 - Cross-Site Scripting,,,,medium,6.1,https://github.com/mustgundogdu/Research/tree/main/EventON_PLUGIN_XSS
wp_plugin,wpdiscuz,CVE-2020-13640,CVE-2020-13640,wpDiscuz <= 5.3.5 - SQL Injection,< 5.3.5,5.3.5,00005.00003.00005,critical,9.8,https://github.com/asterite3/CVE-2020-13640
wp_plugin,duplicator,CVE-2020-11738,CVE-2020-11738,WordPress Duplicator 1.3.24 & 1.3.26 - Local File Inclusion,,,,high,7.5,https://www.tenable.com/blog/duplicator-wordpress-plugin-vulnerability-exploited-in-the-wild
wp_plugin,seo-by-rank-math,CVE-2020-11515,CVE-2020-11515,Rank Math SEO <= 1.0.40.2 - Redirect Creation via Unprotected REST API Endpoint,< 1.0.40.2,1.0.40.2,00001.00000.00040.00002,medium,6.1,https://www.wordfence.com/blog/2020/03/critical-vulnerabilities-affecting-over-200000-sites-patched-in-rank-math-seo-plugin/
wp_plugin,ultimate-faqs,CVE-2020-7107,CVE-2020-7107,WordPress Ultimate FAQ <1.8.30 - Cross-Site Scripting,< 1.8.30,1.8.30,00001.00008.00030,medium,6.1,https://wpscan.com/vulnerability/5e1cefd5-5369-44bd-aef7-2a382c8d8e33
wp_plugin,import-xml-feed,CVE-2020-24148,CVE-2020-24148,Import XML & RSS Feeds WordPress Plugin <= 2.0.1 Server-Side Request Forgery,< 2.0.1,2.0.1,00002.00000.00001,critical,9.1,https://github.com/dwisiswant0/CVE-2020-24148
wp_plugin,chopslider,CVE-2020-11530,CVE-2020-11530,WordPress Chop Slider 3 - Blind SQL Injection,,,,critical,9.8,https://wpscan.com/vulnerability/f10cd7d7-6a31-48e5-994c-b100c846001a
wp_plugin,canto,CVE-2020-28976,CVE-2020-28976,WordPress Canto 1.3.0 - Blind Server-Side Request Forgery,,,,medium,5.3,https://www.exploit-db.com/exploits/49189
wp_plugin,ultimate-member,CVE-2020-36155,CVE-2020-36155,Ultimate Member < 2.1.12 - Unauthenticated Privilege Escalation via User Meta,< 2.1.12,2.1.12,00002.00001.00012,critical,10.0,https://wpscan.com/vulnerability/cf13b0f8-5815-4d27-a276-5eff8985fc0b/
wp_theme,15zine,CVE-2020-36510,CVE-2020-36510,WordPress 15Zine <3.3.0 - Cross-Site Scripting,< 3.3.0,3.3.0,00003.00003.00000,medium,6.1,https://wpscan.com/vulnerability/d1dbc6d7-7488-40c2-bc38-0674ea5b3c95
wp_plugin,wp-file-manager,CVE-2020-25213,CVE-2020-25213,WordPress File Manager Plugin - Remote Code Execution,,,,critical,9.8,https://plugins.trac.wordpress.org/changeset/2373068
wp_plugin,gtranslate,CVE-2020-11930,CVE-2020-11930,WordPress GTranslate <2.8.52 - Cross-Site Scripting,< 2.8.52,2.8.52,00002.00008.00052,medium,6.1,https://wpscan.com/vulnerability/10181
wp_plugin,quiz-master-next,CVE-2020-35951,CVE-2020-35951,Wordpress Quiz and Survey Master <7.0.1 - Arbitrary File Deletion,< 7.0.1,7.0.1,00007.00000.00001,critical,9.9,https://www.wordfence.com/blog/2020/08/critical-vulnerabilities-patched-in-quiz-and-survey-master-plugin/
wp_plugin,flexible-checkout-fields,CVE-2020-36731,CVE-2020-36731,Flexible Checkout Fields for WooCommerce <= 2.3.1 - Unauthenticated Arbitrary Plugin Settings Update,< 2.3.1,2.3.1,00002.00003.00001,high,7.2,https://nvd.nist.gov/vuln/detail/CVE-2024-11972
wp_plugin,listingpro,CVE-2020-36723,CVE-2020-36723,ListingPro < 2.6.1 - Sensitive Data Disclosure,< 2.6.1,2.6.1,00002.00006.00001,high,5.3,https://wpscan.com/vulnerability/096e6e16-c14d-42da-8ba3-c271db3385a4/
wp_plugin,seo-by-rank-math,CVE-2020-11514,CVE-2020-11514,Rank Math SEO <= 1.0.40.2 - Privilege Escalation via Unprotected REST API Endpoint,< 1.0.40.2,1.0.40.2,00001.00000.00040.00002,critical,9.8,https://www.wordfence.com/blog/2020/03/critical-vulnerabilities-affecting-over-200000-sites-patched-in-rank-math-seo-plugin/
wp_plugin,angwp,CVE-2020-36705,CVE-2020-36705,Adning Advertising <= 1.5.5 - Arbitrary File Upload,< 1.5.5,1.5.5,00001.00005.00005,critical,9.8,https://blog.nintechnet.com/critical-vulnerability-in-adning-advertising-plugin-actively-exploited-in-the-wild/
wp_plugin,easy-wp-smtp,CVE-2020-35234,CVE-2020-35234,SMTP WP Plugin Directory Listing,,,,high,7.5,https://nvd.nist.gov/vuln/detail/CVE-2020-35234
wp_plugin,wp-mail-smtp-pro,CVE-2020-35234,CVE-2020-35234,SMTP WP Plugin Directory Listing,,,,high,7.5,https://nvd.nist.gov/vuln/detail/CVE-2020-35234
wp_plugin,srs-simple-hits-counter,CVE-2020-5766,CVE-2020-5766,SRS Simple Hits Counter 1.0.3-1.0.4 - Unauthenticated Blind SQL Injection,,,,high,7.5,https://github.com/tenable/poc/blob/master/WordPress/plugins/SRS_Simple_Hits_Counter/blind_sqli_tra_2020_42.py
wp_plugin,loginizer,CVE-2020-27615,CVE-2020-27615,WordPress Loginizer < 1.6.4 – Unauthenticated SQL Injection via `log` Parameter,< 1.6.4,1.6.4,00001.00006.00004,critical,9.8,https://web.archive.org/web/20210321225040/https://wpscan.com/vulnerability/10441/
wp_plugin,media-library-assistant,CVE-2020-11732,CVE-2020-11732,Media Library Assistant < 2.82 - Unauthenticated Limited Local File Inclusion,< 2.82,2.82,00002.00082,high,7.5,https://wpscan.com/vulnerability/80d60584-fa03-407e-a7bd-32d507a1046d/
wp_plugin,wp-hotel-booking,CVE-2020-29047,CVE-2020-29047,WP Hotel Booking < 1.10.4 - PHP Object Injection,< 1.10.4,1.10.4,00001.00010.00004,critical,9.8,https://wordpress.org/plugins/wp-hotel-booking/#developers
wp_plugin,wp-fastest-cache,CVE-2020-36836,CVE-2020-36836,WordPress WP Fastest Cache <= 0.9.0.2 - Authenticated Arbitrary File Deletion,< 0.9.0.2,0.9.0.2,00000.00009.00000.00002,high,8.1,https://www.wordfence.com/threat-intel/vulnerabilities/id/ed6e699a-775e-4c59-a266-874eab5fa3a6
wp_plugin,swipehq-payment-gateway-woocommerce,CVE-2014-4558,CVE-2014-4558,WooCommerce Swipe <= 2.7.1 - Cross-Site Scripting,< 2.7.1,2.7.1,00002.00007.00001,medium,6.1,https://wpscan.com/vulnerability/37d7936a-165f-4c37-84a6-7ba5b59a0301
wp_plugin,shortcode-ninja,CVE-2014-4550,CVE-2014-4550,Shortcode Ninja <= 1.4 - Cross-Site Scripting,< 1.4,1.4,00001.00004,medium,6.1,https://wpscan.com/vulnerability/c7c24c7d-5341-43a6-abea-4a50fce9aab0
wp_plugin,wp-amasin-the-amazon-affiliate-shop,CVE-2014-4577,CVE-2014-4577,WP AmASIN – The Amazon Affiliate Shop - Local File Inclusion,,,,medium,5.0,https://codevigilant.com/disclosure/wp-plugin-wp-amasin-the-amazon-affiliate-shop-local-file-inclusion/
wp_plugin,sexy-contact-form,CVE-2014-8739,CVE-2014-8739,WordPress Sexy Contact Form (<= 0.9.7) - Arbitrary File Upload,< 0.9.7,0.9.7,00000.00009.00007,critical,9.8,https://nvd.nist.gov/vuln/detail/CVE-2014-8739
wp_plugin,infusionsoft,CVE-2014-4536,CVE-2014-4536,Infusionsoft Gravity Forms Add-on < 1.5.7 - Cross-Site Scripting,< 1.5.7,1.5.7,00001.00005.00007,medium,6.1,https://wpscan.com/vulnerability/f048b5cc-5379-4c19-9a43-cd8c49c8129f
wp_plugin,ultimate-weather-plugin,CVE-2014-4561,CVE-2014-4561,Ultimate Weather Plugin <= 1.0 - Cross-Site Scripting,< 1.0,1.0,00001.00000,medium,6.1,https://wpscan.com/vulnerability/5c358ef6-8059-4767-8bcb-418a45b2352d
wp_plugin,cross-rss,CVE-2014-4941,CVE-2014-4941,Cross RSS 1.7 - Local File Inclusion,,,,medium,5.0,https://wordpress.org/plugins/cross-rss/
wp_plugin,revslider,CVE-2014-9735,CVE-2014-9735,WordPress RevSlider - Remote Code Execution via File Upload,,,,high,7.5,https://whatisgon.wordpress.com/2014/11/30/another-revslider-vulnerability/
wp_plugin,abstract-submission,CVE-2014-2383,CVE-2014-2383,Dompdf < v0.6.0 - Local File Inclusion,< 0.6.0,0.6.0,00000.00006.00000,medium,6.8,https://www.exploit-db.com/exploits/33004
wp_plugin,blogtopdf,CVE-2014-2383,CVE-2014-2383,Dompdf < v0.6.0 - Local File Inclusion,< 0.6.0,0.6.0,00000.00006.00000,medium,6.8,https://www.exploit-db.com/exploits/33004
wp_plugin,buddypress-component-stats,CVE-2014-2383,CVE-2014-2383,Dompdf < v0.6.0 - Local File Inclusion,< 0.6.0,0.6.0,00000.00006.00000,medium,6.8,https://www.exploit-db.com/exploits/33004
wp_plugin,gboutique,CVE-2014-2383,CVE-2014-2383,Dompdf < v0.6.0 - Local File Inclusion,< 0.6.0,0.6.0,00000.00006.00000,medium,6.8,https://www.exploit-db.com/exploits/33004
wp_plugin,post-pdf-export,CVE-2014-2383,CVE-2014-2383,Dompdf < v0.6.0 - Local File Inclusion,< 0.6.0,0.6.0,00000.00006.00000,medium,6.8,https://www.exploit-db.com/exploits/33004
wp_plugin,web-portal-lite-client-portal-secure-file-sharing-private-mes,CVE-2014-2383,CVE-2014-2383,Dompdf < v0.6.0 - Local File Inclusion,< 0.6.0,0.6.0,00000.00006.00000,medium,6.8,https://www.exploit-db.com/exploits/33004
wp_plugin,wp-ecommerce-shop-styling,CVE-2014-2383,CVE-2014-2383,Dompdf < v0.6.0 - Local File Inclusion,< 0.6.0,0.6.0,00000.00006.00000,medium,6.8,https://www.exploit-db.com/exploits/33004
wp_plugin,dukapress,CVE-2014-8799,CVE-2014-8799,WordPress Plugin DukaPress 2.5.2 - Directory Traversal,,,,medium,5.0,https://nvd.nist.gov/vuln/detail/CVE-2014-8799
wp_plugin,wp-planet,CVE-2014-4592,CVE-2014-4592,WP Planet <= 0.1 - Cross-Site Scripting,< 0.1,0.1,00000.00001,medium,6.1,https://wpscan.com/vulnerability/3c9a3a97-8157-4976-8148-587d923e1fb3
wp_plugin,activehelper-livehelp,CVE-2014-4513,CVE-2014-4513,ActiveHelper LiveHelp Server 3.1.0 - Cross-Site Scripting,,,,medium,4.3,https://nvd.nist.gov/vuln/detail/CVE-2014-4513
wp_plugin,podcast-channels,CVE-2014-4544,CVE-2014-4544,Podcast Channels < 0.28 - Cross-Site Scripting,< 0.28,0.28,00000.00028,medium,6.1,https://wpscan.com/vulnerability/72a5a0e1-e720-45a9-b9d4-ee3144939abb
wp_plugin,db-backup,CVE-2014-9119,CVE-2014-9119,WordPress DB Backup <=4.5 - Local File Inclusion,< 4.5,4.5,00004.00005,medium,5.0,https://wpscan.com/vulnerability/d3f1e51e-5f44-4a15-97bc-5eefc3e77536
wp_plugin,wp-easycart,CVE-2014-4942,CVE-2014-4942,WordPress EasyCart <2.0.6 - Information Disclosure,< 2.0.6,2.0.6,00002.00000.00006,medium,5.0,https://wpscan.com/vulnerability/64ea4135-eb26-4dea-a13f-f4c1deb77150
wp_plugin,tom-m8te,CVE-2014-5187,CVE-2014-5187,Tom M8te (tom-m8te) Plugin 1.5.3 - Directory Traversal,,,,medium,5.0,https://wpscan.com/vulnerability/3095c3f3-9cdc-49f8-8478-c2922f0a442a/
wp_plugin,import-legacy-media,CVE-2014-4535,CVE-2014-4535,Import Legacy Media <= 0.1 - Cross-Site Scripting,< 0.1,0.1,00000.00001,medium,6.1,https://wpscan.com/vulnerability/7fb78d3c-f784-4630-ad92-d33e5de814fd
wp_plugin,dzs-videogallery,CVE-2014-9094,CVE-2014-9094,WordPress DZS-VideoGallery Plugin Cross-Site Scripting,,,,medium,4.3,https://nvd.nist.gov/vuln/detail/CVE-2014-9094
wp_plugin,tera-charts,CVE-2014-4940,CVE-2014-4940,WordPress Plugin Tera Charts - Local File Inclusion,,,,medium,5.0,https://nvd.nist.gov/vuln/detail/CVE-2014-4940
wp_plugin,movies,CVE-2014-4539,CVE-2014-4539,Movies <= 0.6 - Cross-Site Scripting,< 0.6,0.6,00000.00006,medium,6.1,https://wpscan.com/vulnerability/d6ea4fe6-c486-415d-8f6d-57ea2f149304
wp_plugin,wp-source-control,CVE-2014-5368,CVE-2014-5368,WordPress Plugin WP Content Source Control - Directory Traversal,,,,medium,5.0,https://nvd.nist.gov/vuln/detail/CVE-2014-5368
wp_plugin,lastfm-rotation,CVE-2014-5181,CVE-2014-5181,Last.fm Rotation 1.0 - Path Traversal,,,,medium,5.0,
wp_plugin,wp-payeezy-pay,CVE-2018-20985,CVE-2018-20985,WordPress Payeezy Pay <=2.97 - Local File Inclusion,< 2.97,2.97,00002.00097,critical,9.8,https://www.pluginvulnerabilities.com/2018/12/06/our-improved-proactive-monitoring-has-now-caught-a-local-file-inclusion-lfi-vulnerability-as-well/
wp_plugin,ninja-forms,CVE-2018-19287,CVE-2018-19287,WordPress Ninja Forms <3.3.18 - Cross-Site Scripting,< 3.3.18,3.3.18,00003.00003.00018,medium,6.1,https://wpscan.com/vulnerability/fb036dc2-0ee8-4a3e-afac-f52050b3f8c7
wp_plugin,jsmol2wp,CVE-2018-20462,CVE-2018-20462,WordPress JSmol2WP <=1.07 - Cross-Site Scripting,< 1.07,1.07,00001.00007,medium,6.1,https://github.com/sullo/advisory-archives/blob/master/wordpress-jsmol2wp-CVE-2018-20463-CVE-2018-20462.txt
wp_plugin,gift-voucher,CVE-2018-16159,CVE-2018-16159,WordPress Gift Voucher <4.1.8 - Blind SQL Injection,< 4.1.8,4.1.8,00004.00001.00008,critical,9.8,https://wpscan.com/vulnerability/9117
wp_plugin,wp-gdpr-compliance,CVE-2018-19207,CVE-2018-19207,WP GDPR Compliance < 1.4.3 - Unauthenticated Call Any Action or Update Any Option,< 1.4.3,1.4.3,00001.00004.00003,critical,9.8,https://wpvulndb.com/vulnerabilities/9157
wp_plugin,sagepay-server-gateway-for-woocommerce,CVE-2018-5316,CVE-2018-5316,WordPress SagePay Server Gateway for WooCommerce <1.0.9 - Cross-Site Scripting,< 1.0.9,1.0.9,00001.00000.00009,medium,6.1,https://wordpress.org/support/topic/sagepay-server-gateway-for-woocommerce-1-0-7-cross-site-scripting/#post-9792337
wp_plugin,localize-my-post,CVE-2018-16299,CVE-2018-16299,WordPress Localize My Post 1.0 - Local File Inclusion,,,,high,7.5,https://www.exploit-db.com/exploits/45439
wp_plugin,wechat-broadcast,CVE-2018-16283,CVE-2018-16283,WordPress Plugin Wechat Broadcast 1.2.0 - Local File Inclusion,,,,critical,9.8,https://www.exploit-db.com/exploits/45438
wp_plugin,wpsite-background-takeover,CVE-2018-9118,CVE-2018-9118,WordPress 99 Robots WP Background Takeover Advertisements <=4.1.4 - Local File Inclusion,< 4.1.4,4.1.4,00004.00001.00004,high,7.5,https://www.exploit-db.com/exploits/44417
wp_plugin,duplicator,CVE-2018-17207,CVE-2018-17207,WordPress Duplicator Plugin < 1.2.42 - Arbitrary Code Execution,< 1.2.42,1.2.42,00001.00002.00042,critical,9.8,https://www.synacktiv.com/posts/exploit/wordpress-duplicator-plugin-arbitrary-code-execution.html
wp_plugin,site-editor,CVE-2018-7422,CVE-2018-7422,WordPress Site Editor <=1.1.1 - Local File Inclusion,< 1.1.1,1.1.1,00001.00001.00001,high,7.5,https://www.exploit-db.com/exploits/44340
wp_plugin,jsmol2wp,CVE-2018-20463,CVE-2018-20463,WordPress JSmol2WP <=1.07 - Local File Inclusion,< 1.07,1.07,00001.00007,high,7.5,https://wpscan.com/vulnerability/9197
wp_plugin,interactive-3d-flipbook-powered-physics-engine,CVE-2026-1314,CVE-2026-1314,WordPress 3D FlipBook <= 1.16.17 - Information Disclosure,< 1.16.17,1.16.17,00001.00016.00017,medium,5.3,https://patchstack.com/database/wordpress/plugin/interactive-3d-flipbook-powered-physics-engine/vulnerability/wordpress-3d-flipbook-pdf-embedder-pdf-flipbook-vi
wp_plugin,burst-statistics,CVE-2026-8181,CVE-2026-8181,WordPress Burst Statistics 3.4.0-3.4.1.1 - Authentication Bypass,,,,critical,9.8,https://github.com/murrez/CVE-2026-8181
wp_plugin,sureforms,CVE-2026-4987,CVE-2026-4987,SureForms <= 2.5.2 - Unauthenticated Payment Amount Validation Bypass via form_id,< 2.5.2,2.5.2,00002.00005.00002,high,7.5,https://nvd.nist.gov/vuln/detail/CVE-2026-4987
wp_plugin,hippoo,CVE-2026-10580,CVE-2026-10580,Hippoo Mobile App for WooCommerce <= 1.9.4 - Authentication Bypass to Admin Account Takeover,< 1.9.4,1.9.4,00001.00009.00004,critical,9.8,https://www.wordfence.com/threat-intel/vulnerabilities/wordpress-plugins/hippoo/hippoo-mobile-app-for-woocommerce-194-unauthenticated-authentication-bypass-to-a
wp_plugin,fluent-crm,CVE-2026-7798,CVE-2026-7798,WordPress FluentCRM <= 2.9.87 - Unauthenticated Blind SSRF,< 2.9.87,2.9.87,00002.00009.00087,medium,5.4,https://plugins.trac.wordpress.org/browser/fluent-crm/trunk/app/Hooks/Handlers/ExternalPages.php
wp_plugin,formcraft3,CVE-2026-65442,CVE-2026-65442,FormCraft3 <= 3.9.15 - Server-Side Request Forgery,< 3.9.15,3.9.15,00003.00009.00015,high,7.2,https://patchstack.com/database/wordpress/plugin/formcraft/vulnerability/wordpress-formcraft-plugin-3-9-15-server-side-request-forgery-ssrf-vulnerability
wp_plugin,w3-total-cache,CVE-2026-5032,CVE-2026-5032,W3 Total Cache <= 2.9.3 - Unauthenticated Dynamic Security Token Disclosure,< 2.9.3,2.9.3,00002.00009.00003,high,7.5,https://github.com/advisories/GHSA-fxg7-rh9m-q77p
wp_plugin,geo-mashup,CVE-2026-4060,CVE-2026-4060,Geo Mashup <= 1.13.18 - SQL Injection,< 1.13.18,1.13.18,00001.00013.00018,high,7.5,https://nvd.nist.gov/vuln/detail/CVE-2026-4060
wp_plugin,newsletters-lite,CVE-2026-16268,CVE-2026-16268,Newsletters < 4.16 - Unauthenticated SSRF via SNS Bounce Handler,< 4.16,4.16,00004.00016,medium,5.3,https://wpscan.com/vulnerability/65612dd4-83d8-40c5-8e12-862e9b5f940b/
wp_plugin,real-estate-listing-realtyna-wpl,CVE-2026-14483,CVE-2026-14483,Realtyna Organic IDX/WPL <= 5.2.0 - Unauthenticated Arbitrary File Upload,< 5.2.0,5.2.0,00005.00002.00000,critical,9.8,https://nvd.nist.gov/vuln/detail/CVE-2026-14483
wp_plugin,easy-appointments,CVE-2026-2262,CVE-2026-2262,Easy Appointments <= 3.12.21 - Information Disclosure,< 3.12.21,3.12.21,00003.00012.00021,high,7.5,https://www.wordfence.com/threat-intel/vulnerabilities/wordpress-plugins/easy-appointments/easy-appointments-31221-unauthenticated-sensitive-information-exposur
wp_plugin,profile-builder,CVE-2026-15826,CVE-2026-15826,User Profile Builder 3.16.4 - Unauthenticated Authentication Bypass,,,,critical,9.8,https://www.wordfence.com/threat-intel/vulnerabilities/id/9f606fba-f779-42ea-a160-6c3b20dc5e79
wp_plugin,canto,CVE-2026-3335,CVE-2026-3335,Canto <= 3.1.1 - Missing Authorization to Unauthenticated File Upload,< 3.1.1,3.1.1,00003.00001.00001,medium,5.3,https://nvd.nist.gov/vuln/detail/CVE-2026-3335
wp_plugin,gutenverse,CVE-2026-3001,CVE-2026-3001,Gutenverse Plugin <= 3.4.6 - Cross-Site Scripting,< 3.4.6,3.4.6,00003.00004.00006,medium,6.1,https://www.cve.org/CVERecord?id=CVE-2026-3001
wp_plugin,quick-playground,CVE-2026-1830,CVE-2026-1830,Quick Playground <= 1.3.1 - Missing Authorization to Unauthenticated Arbitrary File Upload,< 1.3.1,1.3.1,00001.00003.00001,critical,9.8,https://nvd.nist.gov/vuln/detail/CVE-2026-1830
wp_plugin,kirki,CVE-2026-13147,CVE-2026-13147,WordPress Kirki < 6.0.12 - Server-Side Request Forgery,< 6.0.12,6.0.12,00006.00000.00012,high,5.3,https://wpscan.com/vulnerability/kirki-ssrf
wp_plugin,wc-ajax-product-filter,CVE-2026-3396,CVE-2026-3396,WCAPF WooCommerce Ajax Product Filter - SQL Injection,,,,high,7.5,https://patchstack.com/database/vulnerability/wordpress-wcapf-woocommerce-ajax-product-filter-plugin-4-2-3-unauthenticated-time-based-sql-injection-vulnerabilit
wp_plugin,media-library-assistant,CVE-2026-34885,CVE-2026-34885,WordPress Media Library Assistant <= 3.34 - SQL Injection,< 3.34,3.34,00003.00034,high,8.5,https://patchstack.com/database/vulnerability/wordpress-media-library-assistant-plugin-3-34-sql-injection-vulnerability
wp_plugin,wpbookit,CVE-2026-1980,CVE-2026-1980,WPBookit <= 1.0.8 - Unauthenticated Customer Information Disclosure,< 1.0.8,1.0.8,00001.00000.00008,medium,5.3,https://www.wordfence.com/threat-intel/vulnerabilities/id/a1867c79-29d7-46a4-bfaf-c65e8a44c2ed?source=cve
wp_plugin,video-conferencing-with-zoom-api,CVE-2026-1368,CVE-2026-1368,Video Conferencing with Zoom API < 4.6.6 - Unauthenticated SDK Signature Generation,< 4.6.6,4.6.6,00004.00006.00006,high,7.5,https://wpscan.com/vulnerability/218e6655-c5aa-4bce-86b2-cad3bb20020c/
wp_plugin,podlove-podcasting-plugin-for-wordpress,CVE-2026-13001,CVE-2026-13001,Podlove Podcast Publisher <= 4.5.1 - Arbitrary File Upload,< 4.5.1,4.5.1,00004.00005.00001,critical,9.8,https://github.com/podlove/podlove-publisher/commit/5b32468601e903bae2bcacfaf36ff583d2bc9387
wp_plugin,meta-box,CVE-2025-14675,CVE-2026-39468,Meta Box <= 5.11.1 - Arbitrary File Deletion,< 5.11.1,5.11.1,00005.00011.00001,high,7.2,https://www.wordfence.com/threat-intel/vulnerabilities/id/036467de-95bb-4bfd-9522-df8dc17f3102?source=cve
wp_plugin,geo-mashup,CVE-2026-2416,CVE-2026-2416,Geo Mashup <= 1.13.17 - SQL Injection,< 1.13.17,1.13.17,00001.00013.00017,high,7.5,https://www.wordfence.com/threat-intel/vulnerabilities/wordpress-plugins/geo-mashup/geo-mashup-11317-unauthenticated-sql-injection-via-sort-parameter
wp_plugin,drag-and-drop-multiple-file-upload-contact-form-7,CVE-2026-5718,CVE-2026-5718,Drag and Drop Multiple File Upload - CF7 <= 1.3.9.6 - Remote Code Execution,< 1.3.9.6,1.3.9.6,00001.00003.00009.00006,critical,9.8,https://nvd.nist.gov/vuln/detail/CVE-2026-5718
wp_plugin,wp-google-maps,CVE-2026-8385,CVE-2026-8385,WordPress WP Go Maps < 10.0.10 - Unauthenticated Marker Data Disclosure,< 10.0.10,10.0.10,00010.00000.00010,medium,5.3,https://wpscan.com/vulnerability/984cad38-6d01-4956-8bf1-29585258780b/
wp_plugin,wp-user-manager,CVE-2026-9290,CVE-2026-9290,WP User Manager – User Profile Builder & Membership - Local File Inclusion,,,,high,7.5,https://patchstack.com/database/vulnerability/wordpress-wp-user-manager-user-profile-builder-membership-plugin-2-9-17-unauthenticated-path-traversal-to-local-fi
wp_plugin,mail-mint,CVE-2026-2025,CVE-2026-2025,Mail Mint < 1.19.5 - Unauthenticated Email Disclosure,< 1.19.5,1.19.5,00001.00019.00005,high,7.5,https://wpscan.com/vulnerability/1b815cde-cd9d-46fa-a6ab-3d2851705e7b/
wp_plugin,wp-responsive-images,CVE-2026-1557,CVE-2026-1557,WP Responsive Images <= 1.0 - Arbitrary File Read,< 1.0,1.0,00001.00000,high,7.5,https://www.wordfence.com/threat-intel/vulnerabilities/wordpress-plugins/wp-responsive-images/wp-responsive-images-10-unauthenticated-path-traversal-to-arbitrar
wp_plugin,wpzoom-portfolio,CVE-2026-49069,CVE-2026-49069,WPZOOM Portfolio <= 1.4.21 - Reflected Cross-Site Scripting,< 1.4.21,1.4.21,00001.00004.00021,high,7.1,https://patchstack.com/database/wordpress/plugin/wpzoom-portfolio/vulnerability/wordpress-wpzoom-portfolio-plugin-1-4-21-cross-site-scripting-xss-vulnerability?
wp_plugin,memberglut,CVE-2026-12394,CVE-2026-12394,WordPress MemberGlut < 1.1.5 - Unauthenticated Privilege Escalation,< 1.1.5,1.1.5,00001.00001.00005,critical,9.8,https://wpscan.com/vulnerability/6b126a3e-30d5-4bed-ba47-33e589ec2852/
wp_plugin,wp-user-frontend,CVE-2025-14047,CVE-2025-14047,User Frontend <= 4.2.4 - Missing Authorization to Unauthenticated Attachment Deletion,< 4.2.4,4.2.4,00004.00002.00004,medium,5.3,https://nvd.nist.gov/vuln/detail/CVE-2025-14047
wp_plugin,nmedia-user-file-uploader,CVE-2026-0829,CVE-2026-0829,Frontend File Manager Plugin <= 23.5 - Unauthenticated Arbitrary Email Sending,< 23.5,23.5,00023.00005,high,7.5,https://www.wordfence.com/threat-intel/vulnerabilities/id/e739e7d3-756a-4c93-9ca7-f7b9f9657033
wp_plugin,everest-forms-pro,CVE-2026-3300,CVE-2026-3300,Everest Forms Pro <= 1.9.12 - Unauthenticated RCE via Calculation Formula Injection,< 1.9.12,1.9.12,00001.00009.00012,critical,9.8,https://www.wordfence.com/threat-intel/vulnerabilities/id/389c0b89-e408-4ad5-9723-a16b745771f0?source=cve
wp_plugin,woocommerce-wholesale-lead-capture,CVE-2026-27542,CVE-2026-27542,WooCommerce Wholesale Lead Capture <= 2.0.3.1 - Unauthenticated Privilege Escalation,< 2.0.3.1,2.0.3.1,00002.00000.00003.00001,critical,9.8,https://github.com/Nxploited/CVE-2026-27542-CVE-2026-27540-
wp_plugin,my-calendar,CVE-2026-6854,CVE-2026-6854,My Calendar < 3.7.9 - Unauthenticated SQL Injection,< 3.7.9,3.7.9,00003.00007.00009,high,,https://wpscan.com/vulnerability/a6466f97-4d8a-4d01-b61f-94d89da7c16b/
wp_plugin,super-forms,CVE-2026-14894,CVE-2026-14894,WordPress Super Forms <= 6.3.313 - Arbitrary File Upload,< 6.3.313,6.3.313,00006.00003.00313,critical,9.8,https://www.wordfence.com/threat-intel/vulnerabilities/id/e9c7fb16-efbb-41e9-be13-98e96c1e9100
wp_plugin,breeze,CVE-2026-3844,CVE-2026-3844,Breeze <= 2.4.4 - Arbitrary File Upload,< 2.4.4,2.4.4,00002.00004.00004,critical,9.8,https://patchstack.com/database/vulnerability/wordpress-breeze-cache-plugin-2-4-4-unauthenticated-arbitrary-file-upload-via-fetch-gravatar-from-remote-vulnerabi
wp_plugin,user-registration,CVE-2026-6203,CVE-2026-6203,User Registration & Membership WordPress plugin - Open Redirect,,,,medium,6.1,https://patchstack.com/database/vulnerability/wordpress-user-registration-membership-plugin-5-1-4-unauthenticated-open-redirect-via-redirect-to-on-logout-parame
wp_plugin,woo-product-slider-pro,CVE-2026-49777,CVE-2026-49777,WordPress Product Slider Pro for WooCommerce < 3.5.4 - Supply Chain Backdoor RCE,< 3.5.4,3.5.4,00003.00005.00004,critical,10.0,https://patchstack.com/database/wordpress/plugin/woo-product-slider-pro/vulnerability/wordpress-product-slider-pro-for-woocommerce-plugin-3-5-2-backdoor-vulnera
wp_plugin,payment-gateway-pix-for-woocommerce,CVE-2026-3891,CVE-2026-3891,Pix for WooCommerce <= 1.5.0 - Unauthenticated Arbitrary File Upload,< 1.5.0,1.5.0,00001.00005.00000,critical,9.8,https://github.com/m4sh-wacker/CVE-2026-3891-Pix-for-WooCommerce-Plugin-Exploit
wp_plugin,newsletters-lite,CVE-2026-3018,CVE-2026-3018,WordPress Newsletters <= 4.13 - Unauthenticated SQL Injection,< 4.13,4.13,00004.00013,high,7.5,https://www.wordfence.com/threat-intel/vulnerabilities/wordpress-plugins/newsletters-lite/newsletters-413-unauthenticated-sql-injection
wp_plugin,midi-synth,CVE-2026-1306,CVE-2026-1306,WordPress midi-Synth <= 1.1.0 - Unauthenticated Arbitrary File Upload,< 1.1.0,1.1.0,00001.00001.00000,critical,9.8,https://www.wordfence.com/threat-intel/vulnerabilities/wordpress-plugins/midi-synth/midi-synth-110-unauthenticated-arbitrary-file-upload-via-export-ajax-action
wp_plugin,planyo-online-reservation-system,CVE-2026-3576,CVE-2026-3576,Planyo Online Reservation System <= 3.0 - Arbitrary File Read,< 3.0,3.0,00003.00000,high,7.2,https://www.wordfence.com/threat-intel/vulnerabilities/id/5038d12a-e119-4ab7-aadc-69b765ae7027?source=cve
wp_plugin,wp-maps-pro,CVE-2026-8732,CVE-2026-8732,WP Maps Pro (wp-google-map-gold) <= 6.1.0 - Unauthenticated Administrator Account Creation,< 6.1.0,6.1.0,00006.00001.00000,critical,9.8,https://nvd.nist.gov/vuln/detail/CVE-2026-8732
wp_plugin,wpvivid-backuprestore,CVE-2026-1357,CVE-2026-1357,WPvivid Backup & Migration <= 0.9.123 - Arbitrary File Upload,< 0.9.123,0.9.123,00000.00009.00123,critical,9.8,https://vulnerabletarget.com/VT-2026-1357
wp_plugin,mappress-google-maps-for-wordpress,CVE-2026-8839,CVE-2026-8839,WordPress MapPress Maps <= 2.96.6 - Unauthenticated IDOR,< 2.96.6,2.96.6,00002.00096.00006,medium,5.3,https://plugins.trac.wordpress.org/browser/mappress-google-maps-for-wordpress/trunk/mappress_api.php
wp_plugin,armember-membership,CVE-2026-5073,CVE-2026-5073,WordPress ARMember Premium <= 7.3.1 - Unauthenticated SQL Injection,< 7.3.1,7.3.1,00007.00003.00001,critical,7.5,https://patchstack.com/database/wordpress/plugin/armember/vulnerability/wordpress-armember-premium-membership-plugin-content-restriction-member-levels-user-prof
wp_plugin,wpforo,CVE-2026-1581,CVE-2026-1581,wpForo Forum <= 2.4.14 - SQL Injection,< 2.4.14,2.4.14,00002.00004.00014,critical,7.5,https://www.wordfence.com/threat-intel/vulnerabilities/wordpress-plugins/wpforo/wpforo-forum-2414-unauthenticated-time-based-sql-injection
wp_plugin,my-calendar,CVE-2026-40308,CVE-2026-40308,My Calendar WordPress Plugin - Information Disclosure,,,,high,,https://github.com/joedolson/my-calendar/security/advisories/GHSA-2mvx-f5qm-v2ch
wp_theme,xstore,CVE-2026-3326,CVE-2026-3326,XStore Theme < 9.7.3 - SQL Injection,< 9.7.3,9.7.3,00009.00007.00003,high,8.6,https://wpscan.com/vulnerability/2c5bdb17-8b12-45b5-878b-627056dc8956/
wp_plugin,everest-forms,CVE-2026-3296,CVE-2026-3296,Everest Forms WordPress Plugin <= 3.4.3 - PHP Object Injection,< 3.4.3,3.4.3,00003.00004.00003,critical,9.8,https://www.wordfence.com/threat-intel/vulnerabilities/wordpress-plugins/everest-forms/
wp_plugin,tourfic,CVE-2024-29137,CVE-2024-29137,WordPress Tourfic Plugin <= 2.11.7 - Cross-Site Scripting,< 2.11.7,2.11.7,00002.00011.00007,high,7.1,https://nvd.nist.gov/vuln/detail/CVE-2024-29137
wp_plugin,user-meta,CVE-2024-33575,CVE-2024-33575,User Meta WP Plugin < 3.1 - Sensitive Information Exposure,< 3.1,3.1,00003.00001,medium,5.3,https://nvd.nist.gov/vuln/detail/CVE-2024-33575
wp_plugin,wp-google-maps,CVE-2024-29931,CVE-2024-29931,WP Go Maps <= 9.0.29 - Cross-Site Scripting,< 9.0.29,9.0.29,00009.00000.00029,medium,6.1,https://patchstack.com/database/wordpress/plugin/wp-google-maps/vulnerability/wordpress-wp-go-maps-plugin-9-0-29-reflected-cross-site-scripting-xss-vulnerabilit
wp_plugin,wpappninja,CVE-2024-35694,CVE-2024-35694,Wordpress WPMobile.App >= 11.42 - Cross-Site Scripting,,,,high,7.1,https://plugins.trac.wordpress.org/changeset?sfp_email=&sfph_mail=&reponame=&old=3082701%40wpappninja&new=3082701%40wpappninja&sfp_email=&sfph_mail=
wp_plugin,learnpress,CVE-2024-5483,CVE-2024-5483,LearnPress < 4.2.6.8.1 - Information Disclosure,< 4.2.6.8,4.2.6.8,00004.00002.00006.00008,medium,5.3,https://wpscan.com/vulnerability/1f253156-333b-4be6-b727-06237567be1e/
wp_plugin,wpmovielibrary,CVE-2024-13624,CVE-2024-13624,WordPress WPMovieLibrary Plugin <= 2.1.4.8 - Cross-Site Scripting,< 2.1.4.8,2.1.4.8,00002.00001.00004.00008,high,7.1,https://wpscan.com/vulnerability/c19b56cc-634f-420f-b6a0-9a10ad159049
wp_plugin,business-directory-plugin,CVE-2024-4443,CVE-2024-4443,Business Directory Plugin <= 6.4.2 - SQL Injection,< 6.4.2,6.4.2,00006.00004.00002,critical,9.8,https://plugins.trac.wordpress.org/browser/business-directory-plugin/trunk/includes/fields/class-fieldtypes-select.php#L110
wp_plugin,sensei-lms,CVE-2024-7786,CVE-2024-7786,Sensei LMS < 4.24.2 - Email Template Leak,< 4.24.2,4.24.2,00004.00024.00002,high,7.5,https://wpscan.com/vulnerability/f44e6f8f-3ef2-45c9-ae9c-9403305a548a/
wp_plugin,sfwd-lms,CVE-2024-1208,CVE-2024-1208,LearnDash LMS < 4.10.3 - Sensitive Information Exposure,< 4.10.3,4.10.3,00004.00010.00003,medium,5.3,https://github.com/karlemilnikka/CVE-2024-1208-and-CVE-2024-1210
wp_plugin,hide-my-wp,CVE-2024-6420,CVE-2024-6420,Hide My WP Ghost < 5.2.02 - Hidden Login Page Disclosure,< 5.2.02,5.2.02,00005.00002.00002,high,8.6,https://wpscan.com/vulnerability/dfda6577-81aa-4397-a2d6-1d736f9ebd44/
wp_plugin,simple-job-board,CVE-2024-0593,CVE-2024-0593,WordPress Simple Job Board - Unauthorized Data Access,,,,medium,5.3,https://www.wordfence.com/threat-intel/vulnerabilities/id/0a28a161-3dbc-4ef0-a2ce-4c102cf3cbb0
wp_plugin,wp-file-upload,CVE-2024-6651,CVE-2024-6651,WordPress File Upload Plugin < 4.24.8 - Cross-Site Scripting,< 4.24.8,4.24.8,00004.00024.00008,high,7.1,https://wpscan.com/vulnerability/65e2c77d-09bd-4a44-81d9-d7a5db0e0f84
wp_plugin,woo-inquiry,CVE-2024-7854,CVE-2024-7854,Woo Inquiry <= 0.1 - SQL Injection,< 0.1,0.1,00000.00001,critical,9.8,https://github.com/RandomRobbieBF/CVE-2024-7854
wp_plugin,give,CVE-2024-5932,CVE-2024-5932,GiveWP - PHP Object Injection,,,,critical,9.8,https://plugins.trac.wordpress.org/browser/give/tags/3.12.0/includes/login-register.php#L235
wp_plugin,dokan-pro,CVE-2024-3922,CVE-2024-3922,Dokan Pro <= 3.10.3 - SQL Injection,< 3.10.3,3.10.3,00003.00010.00003,critical,,https://dokan.co/docs/wordpress/changelog/
wp_plugin,unlimited-elements-for-elementor,CVE-2024-29792,CVE-2024-29792,Unlimited Elements for Elementor <= 1.5.93 - Cross Site Scripting,< 1.5.93,1.5.93,00001.00005.00093,medium,6.1,https://nvd.nist.gov/vuln/detail/CVE-2024-29792
wp_plugin,wps-hide-login,CVE-2024-6289,CVE-2024-6289,WPS Hide Login < 1.9.16.4 - Hidden Login Page Disclosure,< 1.9.16.4,1.9.16.4,00001.00009.00016.00004,medium,,https://wpscan.com/vulnerability/fd6d0362-df1d-4416-b8b5-6e5d0ce84793/
wp_plugin,social-icons-widget-by-wpzoom,CVE-2024-30464,CVE-2024-30464,WPZOOM Social Icons Widget <= 4.2.15 - Missing Authorization,< 4.2.15,4.2.15,00004.00002.00015,medium,4.3,https://www.wordfence.com/threat-intel/vulnerabilities/wordpress-plugins/social-icons-widget-by-wpzoom/social-icons-widget-block-by-wpzoom-4215-missing-authoriz
wp_plugin,sfwd-lms,CVE-2024-1209,CVE-2024-1209,LearnDash LMS < 4.10.2 - Sensitive Information Exposure via assignments,< 4.10.2,4.10.2,00004.00010.00002,medium,5.3,https://wpscan.com/vulnerability/f813a21d-7a6a-4ff4-a43c-3e2991a23c7f/
wp_plugin,tablepress,CVE-2024-45293,CVE-2024-45293,TablePress < 2.4.3 - XXE Injection,< 2.4.3,2.4.3,00002.00004.00003,high,7.5,https://shaheen.beaconred.net/research/2024/10/25/phpspreadsheet-xxe.html
wp_plugin,email-subscribers,CVE-2024-4295,CVE-2024-4295,Email Subscribers by Icegram Express <= 5.7.20 - Unauthenticated SQL Injection via Hash,< 5.7.20,5.7.20,00005.00007.00020,critical,9.8,https://www.wordfence.com/threat-intel/vulnerabilities/id/641123af-1ec6-4549-a58c-0a08b4678f45?source=cve
wp_plugin,hunk-companion,CVE-2024-11972,CVE-2024-11972,Hunk Companion < 1.9.0 - Unauthenticated Plugin Installation,< 1.9.0,1.9.0,00001.00009.00000,critical,9.8,https://wpscan.com/vulnerability/4963560b-e4ae-451d-8f94-482779c415e4/
wp_plugin,wp-popup-builder,CVE-2024-9061,CVE-2024-9061,WP Popup Builder Popup Forms and Marketing Lead Generation <= 1.3.5 - Arbitrary Shortcode Execution,< 1.3.5,1.3.5,00001.00003.00005,high,7.3,https://nvd.nist.gov/vuln/detail/CVE-2024-9061
wp_plugin,gutenkit-blocks-addon,CVE-2024-9234,CVE-2024-9234,GutenKit <= 2.1.0 - Arbitrary File Upload,< 2.1.0,2.1.0,00002.00001.00000,critical,9.8,https://nvd.nist.gov/vuln/detail/CVE-2024-9234
wp_plugin,mainwp-child,CVE-2024-10783,CVE-2024-10783,WordPress Plugin MainWP Child - Authentication Bypass,,,,high,8.1,https://wpscan.com/vulnerability/1898d4f4-1874-4d00-8930-15774d57c9ed/
wp_plugin,masterstudy-lms-learning-management-system,CVE-2024-3136,CVE-2024-3136,MasterStudy LMS <= 3.3.3 - Unauthenticated Local File Inclusion via template,< 3.3.3,3.3.3,00003.00003.00003,critical,9.8,https://plugins.trac.wordpress.org/changeset/3064337/masterstudy-lms-learning-management-system/trunk/_core/lms/classes/helpers.php
wp_plugin,siteguard,CVE-2024-37881,CVE-2024-37881,SiteGuard WP Plugin <= 1.7.6 - Login Page Disclosure,< 1.7.6,1.7.6,00001.00007.00006,medium,,https://cve.mitre.org/cgi-bin/cvename.cgi?name=CVE-2024-37881
wp_plugin,wps-hide-login,CVE-2024-2473,CVE-2024-2473,WPS Hide Login <= 1.9.15.2 - Login Page Disclosure,< 1.9.15.2,1.9.15.2,00001.00009.00015.00002,medium,5.3,https://www.wordfence.com/threat-intel/vulnerabilities/wordpress-plugins/wps-hide-login/wps-hide-login-19152-login-page-disclosure
wp_plugin,eventon,CVE-2024-0235,CVE-2024-0235,"EventON (Free < 2.2.8, Premium < 4.5.5) - Information Disclosure",< 2.2.8,2.2.8,00002.00002.00008,medium,5.3,https://wpscan.com/vulnerability/e370b99a-f485-42bd-96a3-60432a15a4e9/
wp_plugin,eventon-lite,CVE-2024-0235,CVE-2024-0235,"EventON (Free < 2.2.8, Premium < 4.5.5) - Information Disclosure",< 2.2.8,2.2.8,00002.00002.00008,medium,5.3,https://wpscan.com/vulnerability/e370b99a-f485-42bd-96a3-60432a15a4e9/
wp_plugin,seo-by-rank-math,CVE-2024-9161,CVE-2024-9161,Rank Math SEO < 1.0.229 - Unauthenticated User and Term Metadata Insert/Update/Deletion,< 1.0.229,1.0.229,00001.00000.00229,medium,6.5,https://wpscan.com/vulnerability/95be2559-f0e2-4e98-9bef-3989df0d25bf/
wp_plugin,indeed-wp-superbackup,CVE-2024-56064,CVE-2024-56064,WP SuperBackup <= 2.3.3 - Unauthenticated Arbitrary File Upload to RCE,< 2.3.3,2.3.3,00002.00003.00003,critical,10.0,https://patchstack.com/database/wordpress/plugin/indeed-wp-superbackup/vulnerability/wordpress-wp-superbackup-plugin-2-3-3-unauthenticated-arbitrary-file-upload
wp_plugin,learning-management-system,CVE-2024-33939,CVE-2024-33939,Masteriyo LMS <= 1.7.3 - Insecure Direct Object Reference,< 1.7.3,1.7.3,00001.00007.00003,medium,5.3,https://wpscan.com/vulnerability/57c0054a-b713-4f7c-8e41-c009b07624a6/
wp_plugin,hunk-companion,CVE-2024-9707,CVE-2024-9707,Hunk Companion <= 1.8.4 - Arbitrary Plugin Installation,< 1.8.4,1.8.4,00001.00008.00004,critical,9.8,https://wordpress.org/plugins/hunk-companion/
wp_plugin,ays-chatgpt-assistant,CVE-2024-7714,CVE-2024-7714,AI Assistant with ChatGPT by AYS <= 2.0.9 - Unauthenticated AJAX Calls,< 2.0.9,2.0.9,00002.00000.00009,medium,6.5,https://nvd.nist.gov/vuln/detail/CVE-2024-7714
wp_plugin,yet-another-related-posts-plugin,CVE-2024-43919,CVE-2024-43919,YARPP <= 5.30.10 - Missing Authorization,< 5.30.10,5.30.10,00005.00030.00010,critical,9.8,https://github.com/RandomRobbieBF/CVE-2024-43919
wp_plugin,download-manager,CVE-2024-13126,CVE-2024-13126,WordPress Download Manager < 3.3.07 - Unauthenticated Data Exposure,< 3.3.07,3.3.07,00003.00003.00007,medium,5.3,https://wpscan.com/vulnerability/c2c69a44-4ecc-41d1-a10c-cfe9c875b803/
wp_plugin,seo-automatic-seo-tools,CVE-2024-13853,CVE-2024-13853,WordPress SEO Tools Plugin 4.0.7 - Cross-Site Scripting,,,,medium,6.1,https://wpscan.com/vulnerability/52991dd9-41f7-4cf8-b8c9-56dd4e62bf0c
wp_plugin,simple-file-list,CVE-2024-10146,CVE-2024-10146,Simple File List < 6.1.13 - Reflected Cross-Site Scripting,< 6.1.13,6.1.13,00006.00001.00013,medium,5.4,https://wpscan.com/vulnerability/9ee74a0f-83ff-4c15-a114-f8f6baab8bf5/
wp_plugin,email-subscribers,CVE-2024-2876,CVE-2024-2876,Wordpress Email Subscribers by Icegram Express - SQL Injection,,,,critical,,https://nvd.nist.gov/vuln/detail/CVE-2024-2876
wp_plugin,latepoint,CVE-2024-8911,CVE-2024-8911,LatePoint <= 5.0.11 - SQL Injection,< 5.0.11,5.0.11,00005.00000.00011,critical,9.8,https://www.wordfence.com/threat-intel/vulnerabilities/id/5c9a23a3-5eb5-4f5b-bf32-c9d163426f29?source=cve
wp_plugin,really-simple-ssl,CVE-2024-10924,CVE-2024-10924,Really Simple Security < 9.1.2 - Authentication Bypass,< 9.1.2,9.1.2,00009.00001.00002,critical,9.8,https://plugins.trac.wordpress.org/browser/really-simple-ssl/tags/9.1.1.1/security/wordpress/two-fa/class-rsssl-two-factor-on-board-api.php#L277
wp_plugin,relevanssi,CVE-2024-1380,CVE-2024-1380,Relevanssi (A Better Search) <= 4.22.0 - Query Log Export,< 4.22.0,4.22.0,00004.00022.00000,medium,5.3,https://plugins.trac.wordpress.org/changeset?sfp_email=&sfph_mail=&reponame=&old=3033880%40relevanssi&new=3033880%40relevanssi&sfp_email=&sfph_mail=
wp_plugin,fluentform,CVE-2024-2771,CVE-2024-2771,Contact Form Plugin by Fluent Forms < 5.1.17 - Unauthenticated Limited Privilege Escalation,< 5.1.17,5.1.17,00005.00001.00017,critical,9.8,https://github.com/whale93/CVE-2024-2771-PoC
wp_plugin,truebooker-appointment-booking,CVE-2024-6924,CVE-2024-6924,TrueBooker <= 1.0.2 - SQL Injection,< 1.0.2,1.0.2,00001.00000.00002,high,,https://www.wordfence.com/threat-intel/vulnerabilities/wordpress-plugins/truebooker-appointment-booking/truebooker-102-unauthenticated-sql-injection
wp_plugin,the-events-calendar,CVE-2024-5333,CVE-2024-5333,WordPress Events Calendar 6.8.2.1 - Information Disclosure,,,,medium,5.3,https://wpscan.com/vulnerability/764b5a23-8b51-4882-b899-beb54f684984/
wp_plugin,wp-simple-firewall,CVE-2024-7313,CVE-2024-7313,Shield Security Plugin < 20.0.6 - Cross-Site Scripting,< 20.0.6,20.0.6,00020.00000.00006,medium,6.1,https://wpscan.com/vulnerability/83a1bdc6-098e-43d5-89e5-f4202ecd78a1/
wp_plugin,forms-for-campaign-monitor,CVE-2024-6569,CVE-2024-6569,Campaign Monitor for WordPress - Information Disclosure,,,,medium,5.3,https://www.wordfence.com/threat-intel/vulnerabilities/wordpress-plugins/forms-for-campaign-monitor/campaign-monitor-for-wordpress-2815-unauthenticated-full-pat
wp_plugin,opti-marketing,CVE-2024-6928,CVE-2024-6928,Opti Marketing <= 2.0.9 - SQL Injection,< 2.0.9,2.0.9,00002.00000.00009,high,10.0,https://www.wordfence.com/threat-intel/vulnerabilities/wordpress-plugins/opti-marketing/opti-marketing-209-unauthenticated-sql-injection
wp_plugin,1-click-migration,CVE-2024-13609,CVE-2024-13609,WordPress 1 Click Migration Plugin < 2.3 - Information Exposure,< 2.3,2.3,00002.00003,medium,5.9,https://wpscan.com/vulnerability/17fa121a-caa6-46ef-a865-eafd97d86abb/
wp_plugin,push-notification-for-post-and-buddypress,CVE-2024-6159,CVE-2024-6159,Push Notification for Post and BuddyPress <= 1.93 - SQL Injection,< 1.93,1.93,00001.00093,critical,10.0,https://www.wordfence.com/threat-intel/vulnerabilities/wordpress-plugins/push-notification-for-post-and-buddypress/push-notification-for-post-and-buddypress-193
wp_plugin,system-dashboard,CVE-2024-10708,CVE-2024-10708,System Dashboard < 2.8.15 - Admin+ Path Traversal,< 2.8.15,2.8.15,00002.00008.00015,medium,4.9,https://nvd.nist.gov/vuln/detail/CVE-2024-10708
wp_plugin,clean-login,CVE-2024-8252,CVE-2024-8252,WordPress Clean Login <= 1.14.5 Authenticated (Contributor+) - Local File Inclusion,< 1.14.5,1.14.5,00001.00014.00005,high,8.8,https://www.wordfence.com/threat-intel/vulnerabilities/wordpress-plugins/clean-login/clean-login-1145-authenticated-contributor-local-file-inclusion
wp_plugin,wp-query-console,CVE-2024-50498,CVE-2024-50498,WP Query Console <= 1.0 - Remote Code Execution,< 1.0,1.0,00001.00000,critical,9.8,https://github.com/RandomRobbieBF/CVE-2024-50498
wp_plugin,event-monster,CVE-2024-11396,CVE-2024-11396,Event Monster <= 1.4.3 - Information Exposure Via Visitors List Export,< 1.4.3,1.4.3,00001.00004.00003,medium,5.3,https://github.com/RandomRobbieBF/CVE-2024-11396
wp_plugin,html5-video-player,CVE-2024-5522,CVE-2024-5522,WordPress HTML5 Video Player < 2.5.27 - SQL Injection,< 2.5.27,2.5.27,00002.00005.00027,critical,9.8,https://wpscan.com/vulnerability/bc76ef95-a2a9-4185-8ed9-1059097a506a/
wp_plugin,learnpress,CVE-2024-8529,CVE-2024-8529,LearnPress < 4.2.7.1 - SQL Injection,< 4.2.7.1,4.2.7.1,00004.00002.00007.00001,critical,7.5,https://wpscan.com/vulnerability/6b86c089-177b-45b4-979e-4ae08e586e83/
wp_plugin,tradedoubler-affiliate-tracker,CVE-2024-6460,CVE-2024-6460,WordPress Grow by Tradedoubler Plugin < 2.0.22 - Unauthenticated Local File Inclusion,< 2.0.22,2.0.22,00002.00000.00022,critical,9.8,https://wpscan.com/vulnerability/ba2f53e0-30be-4f37-91bc-5fa151f1eee7
wp_plugin,crypto,CVE-2024-9989,CVE-2024-9989,Crypto <= 2.15 - Authentication Bypass,< 2.15,2.15,00002.00015,critical,9.8,https://github.com/wy876/POC/blob/main/WordPress/WordPress%E6%8F%92%E4%BB%B6Crypto%E8%BA%AB%E4%BB%BD%E8%AE%A4%E8%AF%81%E7%BB%95%E8%BF%87%E6%BC%8F%E6%B4%9E%E5%A4
wp_plugin,12-step-meeting-list,CVE-2024-35693,CVE-2024-35693,WordPress 12 Step Meeting List Plugin <= 3.14.33 - Cross-Site Scripting,< 3.14.33,3.14.33,00003.00014.00033,medium,6.1,https://patchstack.com/database/vulnerability/12-step-meeting-list/wordpress-12-step-meeting-list-plugin-3-14-33-cross-site-scripting-xss-vulnerability
wp_plugin,user-meta,CVE-2024-0881,CVE-2024-0881,Combo Blocks < 2.2.76 - Improper Access Control,< 2.2.76,2.2.76,00002.00002.00076,medium,,https://wpscan.com/vulnerability/e460e926-6e9b-4e9f-b908-ba5c9c7fb290/
wp_theme,bricks,CVE-2024-25600,CVE-2024-25600,Unauthenticated Remote Code Execution – Bricks <= 1.9.6,< 1.9.6,1.9.6,00001.00009.00006,critical,,https://cve.mitre.org/cgi-bin/cvename.cgi?name=CVE-2024-25600
wp_plugin,wp-marketing-automations,CVE-2024-9186,CVE-2024-9186,Automation By Autonami < 3.3.0 - SQL Injection,< 3.3.0,3.3.0,00003.00003.00000,high,8.6,https://wpscan.com/vulnerability/fab29b59-7e87-4289-88dd-ed5520260c26/
wp_plugin,wp-time-capsule,CVE-2024-8856,CVE-2024-8856,WP Time Capsule Plugin - Remote Code Execution,,,,critical,9.8,https://hacked.be/posts/CVE-2024-8856
wp_plugin,masterstudy-lms-learning-management-system,CVE-2024-1512,CVE-2024-1512,MasterStudy LMS WordPress Plugin <= 3.2.5 - SQL Injection,< 3.2.5,3.2.5,00003.00002.00005,critical,9.8,https://nvd.nist.gov/vuln/detail/CVE-2024-1512
wp_plugin,chart-builder,CVE-2024-10571,CVE-2024-10571,Chartify – WordPress Chart Plugin < 2.9.6 - Local File Inclusion,< 2.9.6,2.9.6,00002.00009.00006,critical,9.8,https://plugins.trac.wordpress.org/browser/chart-builder/tags/2.9.6/admin/partials/charts/actions/chart-builder-charts-actions-options.php?rev=3184238
wp_plugin,give,CVE-2024-8353,CVE-2024-8353,GiveWP Donation Plugin <= 3.16.1 - Unauthenticated PHP Object Injection,< 3.16.1,3.16.1,00003.00016.00001,critical,10.0,https://nvd.nist.gov/vuln/detail/CVE-2024-8353
wp_plugin,wp-health,CVE-2024-12209,CVE-2024-12209,WP Umbrella Update Backup Restore & Monitoring <= 2.17.0 - Local File Inclusion,< 2.17.0,2.17.0,00002.00017.00000,critical,9.8,https://github.com/RandomRobbieBF/CVE-2024-12209
wp_plugin,layerslider,CVE-2024-2879,CVE-2024-2879,WordPress Plugin LayerSlider 7.9.11-7.10.0 - SQL Injection,,,,high,7.5,https://nvd.nist.gov/vuln/detail/CVE-2024-2879
wp_plugin,themify-builder,CVE-2024-3032,CVE-2024-3032,WordPress Themify Builder < 7.5.8 - Open Redirect,< 7.5.8,7.5.8,00007.00005.00008,medium,6.1,https://wpscan.com/vulnerability/d130a60c-c36b-4994-9b0e-e52cd7f99387
wp_plugin,hostel,CVE-2024-3753,CVE-2024-3753,Hostel < 1.1.5.3 - Cross-Site Scripting,< 1.1.5.3,1.1.5.3,00001.00001.00005.00003,medium,5.9,https://wpscan.com/vulnerability/e140e109-4176-4b26-bf63-198262a31409/
wp_plugin,notificationx,CVE-2024-1698,CVE-2024-1698,NotificationX <= 2.8.2 - SQL Injection,< 2.8.2,2.8.2,00002.00008.00002,critical,9.8,https://plugins.trac.wordpress.org/changeset/3040809/notificationx/trunk/includes/Core/Database.php
wp_plugin,google-listings-and-ads,CVE-2024-10486,CVE-2024-10486,Google for WooCommerce <= 2.8.6 - Information Disclosure via Publicly Accessible PHP Info File,< 2.8.6,2.8.6,00002.00008.00006,medium,5.3,https://plugins.trac.wordpress.org/browser/google-listings-and-ads/tags/2.8.6/vendor/googleads/google-ads-php/scripts/print_php_information.php
wp_plugin,profile-builder,CVE-2024-6366,CVE-2024-6366,User Profile Builder < 3.11.8 - File Upload,< 3.11.8,3.11.8,00003.00011.00008,high,,https://wpscan.com/vulnerability/5b90cbdd-52cc-4e7b-bf39-bea0dd59e19e/
wp_plugin,wp-file-upload,CVE-2024-9047,CVE-2024-9047,WordPress File Upload <= 4.24.11 - Arbitrary File Read,< 4.24.11,4.24.11,00004.00024.00011,critical,9.8,https://github.com/iSee857/CVE-2024-9047-PoC
wp_plugin,payplus-payment-gateway,CVE-2024-6205,CVE-2024-6205,PayPlus Payment Gateway < 6.6.9 - SQL Injection,< 6.6.9,6.6.9,00006.00006.00009,critical,9.8,https://www.wordfence.com/threat-intel/vulnerabilities/wordpress-plugins/payplus-payment-gateway/payplus-payment-gateway-668-unauthenticated-sql-injection
wp_plugin,learnpress,CVE-2024-11868,CVE-2024-11868,LearnPress < 4.2.7.4 - Course Material - Information Disclosure,< 4.2.7.4,4.2.7.4,00004.00002.00007.00004,medium,5.3,https://wpscan.com/vulnerability/7524ffd8-3506-48f7-89b6-d07b40533756/8
wp_plugin,profilegrid-user-profiles-groups-and-communities,CVE-2024-30490,CVE-2024-30490,ProfileGrid <= 5.7.8 - SQL Injection,< 5.7.8,5.7.8,00005.00007.00008,critical,,https://www.wordfence.com/threat-intel/vulnerabilities/wordpress-plugins/profilegrid-user-profiles-groups-and-communities/profilegrid-578-unauthenticated-sql-in
wp_plugin,userswp,CVE-2024-6265,CVE-2024-6265,UsersWP <= 1.2.10 - Unauthenticated SQL Injection,< 1.2.10,1.2.10,00001.00002.00010,critical,,https://nvd.nist.gov/vuln/detail/CVE-2024-6265
wp_plugin,wp-automatic,CVE-2024-27956,CVE-2024-27956,WordPress Automatic Plugin <= 3.92.0 - SQL Injection,< 3.92.0,3.92.0,00003.00092.00000,critical,9.9,https://github.com/truonghuuphuc/CVE-2024-27956
wp_plugin,error-log-viewer-wp,CVE-2024-12849,CVE-2024-12849,Error Log Viewer By WP Guru <= 1.0.1.3 - Missing Authorization to Arbitrary File Read,< 1.0.1.3,1.0.1.3,00001.00000.00001.00003,high,7.5,https://github.com/RandomRobbieBF/CVE-2024-12849
wp_plugin,searchpro,CVE-2024-43160,CVE-2024-43160,BerqWP <= 1.7.6 - Arbitrary File Upload,< 1.7.6,1.7.6,00001.00007.00006,critical,10.0,https://github.com/KTN1990/CVE-2024-43160
wp_plugin,smartsearchwp,CVE-2024-6845,CVE-2024-6845,SmartSearchWP < 2.4.6 - OpenAI Key Disclosure,< 2.4.6,2.4.6,00002.00004.00006,medium,5.3,https://wpscan.com/vulnerability/cfaaa843-d89e-42d4-90d9-988293499d26/
wp_plugin,ultimate-member,CVE-2024-1071,CVE-2024-1071,WordPress Ultimate Member 2.1.3 - 2.8.2 – SQL Injection,,,,critical,9.8,https://www.wordfence.com/blog/2024/02/2063-bounty-awarded-for-unauthenticated-sql-injection-vulnerability-patched-in-ultimate-member-wordpress-plugin/
wp_plugin,wpextended,CVE-2024-37259,CVE-2024-37259,WP Extended < 3.0.0 - Stored Cross-Site Scripting,< 3.0.0,3.0.0,00003.00000.00000,medium,6.1,https://wpscan.com/vulnerability/2d90ca7d-e957-4ac6-b1f1-2d631bffa2e8/
wp_plugin,web-directory-free,CVE-2024-3552,CVE-2024-3552,Web Directory Free < 1.7.0 - SQL Injection,< 1.7.0,1.7.0,00001.00007.00000,critical,,https://vulners.com/wpvulndb/CVE-2024-3552
wp_plugin,litespeed-cache,CVE-2024-44000,CVE-2024-44000,LiteSpeed Cache <= 6.4.1 - Sensitive Information Exposure,< 6.4.1,6.4.1,00006.00004.00001,high,7.5,https://www.wordfence.com/threat-intel/vulnerabilities/wordpress-plugins/litespeed-cache/litespeed-cache-641-unauthenticated-sensitive-information-exposure-via-
wp_plugin,time-clock,CVE-2024-9593,CVE-2024-9593,Time Clock <= 1.2.2 & Time Clock Pro <= 1.1.4 - Remote Code Execution,< 1.2.2,1.2.2,00001.00002.00002,high,8.3,https://www.wordfence.com/threat-intel/vulnerabilities/detail/time-clock-122-unauthenticated-limited-remote-code-execution
wp_plugin,time-clock-pro,CVE-2024-9593,CVE-2024-9593,Time Clock <= 1.2.2 & Time Clock Pro <= 1.1.4 - Remote Code Execution,< 1.2.2,1.2.2,00001.00002.00002,high,8.3,https://www.wordfence.com/threat-intel/vulnerabilities/detail/time-clock-122-unauthenticated-limited-remote-code-execution
wp_plugin,download-manager,CVE-2024-11740,CVE-2024-11740,Download Manager < 3.3.04 - Unauthenticated Arbitrary Shortcode Execution,< 3.3.04,3.3.04,00003.00003.00004,high,7.3,https://github.com/advisories/GHSA-cq39-wq4r-hjrj
wp_plugin,learnpress,CVE-2024-4434,CVE-2024-4434,LearnPress WordPress LMS Plugin <= 4.2.6.5 - SQL Injection,< 4.2.6.5,4.2.6.5,00004.00002.00006.00005,critical,9.8,https://inky-knuckle-2c2.notion.site/Unauthenticated-SQLI-in-Learnpress-plugin-Version-4-2-6-5-a86fe63bcc7b4c9988802688211817fd
wp_plugin,ds-cf7-math-captcha,CVE-2024-6517,CVE-2024-6517,Contact Form 7 Math Captcha <= 2.0.1 - Cross-site Scripting,< 2.0.1,2.0.1,00002.00000.00001,medium,6.1,https://wpscan.com/vulnerability/d04bab9c-7cb4-4d21-b70b-a4a7fabc3c20/
wp_plugin,cz-loan-management,CVE-2024-5975,CVE-2024-5975,CZ Loan Management <= 1.1 - SQL Injection,< 1.1,1.1,00001.00001,critical,9.1,https://nvd.nist.gov/vuln/detail/CVE-2024-5975
wp_plugin,fluentform,CVE-2024-2782,CVE-2024-2782,WordPress FluentForms <= 5.1.16 - Broken Access Control,< 5.1.16,5.1.16,00005.00001.00016,high,7.5,https://github.com/whale93/CVE-2024-2782-PoC
wp_plugin,simply-static,CVE-2024-32825,CVE-2024-32825,Simply Static - Information Disclosure,,,,medium,,https://www.wordfence.com/threat-intel/vulnerabilities/wordpress-plugins/simply-static/simply-static-313-unauthenticated-information-exposure
wp_plugin,ti-woocommerce-wishlist,CVE-2024-43917,CVE-2024-43917,WordPress TI WooCommerce Wishlist Plugin <= 2.8.2 - SQL Injection,< 2.8.2,2.8.2,00002.00008.00002,critical,9.8,https://patchstack.com/articles/unpatched-sql-injection-vulnerability-in-ti-woocommerce-wishlist-plugin/
wp_plugin,smartsearchwp,CVE-2024-6846,CVE-2024-6846,SmartSearchWP <= 2.4.4 - Unauthenticated Log Purge,< 2.4.4,2.4.4,00002.00004.00004,medium,5.3,https://wpscan.com/vulnerability/d48fdab3-669c-4870-a2f9-6c39a7c25fd8/
wp_plugin,instawp-connect,CVE-2024-4898,CVE-2024-4898,WordPress InstaWP Connect <= 0.1.0.38 - Unauthenticated User Creation,< 0.1.0.38,0.1.0.38,00000.00001.00000.00038,critical,9.8,https://www.wordfence.com/threat-intel/vulnerabilities/id/92a00fb4-7b50-43fd-ac04-5d6e29336e9c?source=cve
wp_plugin,learning-management-system,CVE-2024-24882,CVE-2024-24882,Masteriyo LMS <= 1.7.2 - Unauthenticated Privilege Escalation,< 1.7.2,1.7.2,00001.00007.00002,critical,9.8,https://wpscan.com/vulnerability/8407f428-12e7-4549-aa65-a241b7bdca41/
wp_plugin,gp-premium,CVE-2024-3469,CVE-2024-3469,GP Premium <= 2.4.0 - Cross-Site Scripting,< 2.4.0,2.4.0,00002.00004.00000,medium,6.1,https://www.wordfence.com/threat-intel/vulnerabilities/wordpress-plugins/gp-premium/gp-premium-240-reflected-cross-site-scripting
wp_plugin,memberspace,CVE-2024-13727,CVE-2024-13727,MemberSpace WordPress - Cross-Site Scripting,,,,medium,6.1,https://wpscan.com/vulnerability/598d20f2-0f42-48f2-a941-0d6c5da5303e/
wp_plugin,base64-encoderdecoder,CVE-2024-3822,CVE-2024-3822,Base64 Encoder/Decoder <= 0.9.2 - Cross-Site Scripting,< 0.9.2,0.9.2,00000.00009.00002,medium,6.5,https://wpscan.com/vulnerability/ff5411b1-9e04-4e72-a502-e431d774642a/
wp_plugin,quiz-maker,CVE-2024-6028,CVE-2024-6028,Quiz Maker <= 6.5.8.3 - SQL Injection,< 6.5.8.3,6.5.8.3,00006.00005.00008.00003,critical,9.8,https://github.com/truonghuuphuc/CVE-2024-6028-Poc
wp_plugin,hurrakify,CVE-2024-54330,CVE-2024-54330,Hurrakify <= 2.4 - Server-Side Request Forgery,< 2.4,2.4,00002.00004,high,7.2,https://github.com/RandomRobbieBF/CVE-2024-54330
wp_theme,cas,CVE-2024-4399,CVE-2024-4399,WordPress CAS Theme <= 1.0.0 - Server-Side Request Forgery,< 1.0.0,1.0.0,00001.00000.00000,critical,9.1,https://wpscan.com/vulnerability/0690327e-da60-4d71-8b3c-ac9533d82302
wp_plugin,formlift,CVE-2024-38773,CVE-2024-38773,FormLift for Infusionsoft Web Forms <= 7.5.17 - SQL Injection,< 7.5.17,7.5.17,00007.00005.00017,critical,10.0,https://www.wordfence.com/threat-intel/vulnerabilities/wordpress-plugins/formlift/formlift-for-infusionsoft-web-forms-7517-unauthenticated-sql-injection
wp_plugin,country-state-city-auto-dropdown,CVE-2024-3495,CVE-2024-3495,Wordpress Country State City Dropdown <=2.7.2 - SQL Injection,< 2.7.2,2.7.2,00002.00007.00002,critical,9.8,https://sploitus.com/exploit?id=EDF4B3F8-DDF4-5196-A375-EC81B8BC18F1&utm_source=rss&utm_medium=rss
wp_plugin,woocommerce-ultimate-gift-card,CVE-2024-8425,CVE-2024-8425,WooCommerce Ultimate Gift Card ≤ 2.6.0 - Arbitrary File Upload,,,,critical,9.8,https://github.com/KTN1990/CVE-2024-8425
wp_plugin,yith-woocommerce-ajax-search,CVE-2024-4455,CVE-2024-4455,YITH WooCommerce Ajax Search <= 2.4.0 - Cross-Site Scripting,< 2.4.0,2.4.0,00002.00004.00000,high,7.2,https://nvd.nist.gov/vuln/detail/CVE-2024-4455
wp_plugin,swift-performance-lite,CVE-2024-10516,CVE-2024-10516,Swift Performance Lite < 2.3.7.2 - Local PHP File Inclusion,< 2.3.7.2,2.3.7.2,00002.00003.00007.00002,high,9.8,https://github.com/RandomRobbieBF/CVE-2024-10516
wp_plugin,wccp-pro,CVE-2024-6690,CVE-2024-6690,WP Content Copy Protection & No Right Click - Open Redirect,,,,medium,6.1,https://wpscan.com/vulnerability/09c6848d-30dc-4382-ae74-b470f586e142/
wp_plugin,wp-advanced-search,CVE-2024-9796,CVE-2024-9796,WordPress WP-Advanced-Search <= 3.3.9 - SQL Injection,< 3.3.9,3.3.9,00003.00003.00009,critical,9.8,https://wpscan.com/vulnerability/2ddd6839-6bcb-4bb8-97e0-1516b8c2b99b/
wp_plugin,stacks-mobile-app-builder,CVE-2024-50477,CVE-2024-50477,WordPress Stacks Mobile App Builder <=5.2.3 - Authentication Bypass,< 5.2.3,5.2.3,00005.00002.00003,critical,9.8,https://github.com/stealthcopter/wordpress-hacking/blob/main/reports/stacks-mobile-app-builder-priv-esc/stacks-mobile-app-builder-priv-esc.md
wp_plugin,analytics-insights,CVE-2024-0250,CVE-2024-0250,Analytics Insights for Google Analytics 4 < 6.3 - Open Redirect,< 6.3,6.3,00006.00003,medium,,https://wpscan.com/vulnerability/321b07d1-692f-48e9-a8e5-a15b38efa979/
wp_plugin,sfwd-lms,CVE-2024-1210,CVE-2024-1210,LearnDash LMS < 4.10.2 - Sensitive Information Exposure,< 4.10.2,4.10.2,00004.00010.00002,medium,5.3,https://wpscan.com/vulnerability/f4b12179-3112-465a-97e1-314721f7fe3d/
wp_plugin,ninja-forms,CVE-2024-7354,CVE-2024-7354,Ninja Forms 3.8.6-3.8.10 - Cross-Site Scripting,,,,medium,6.1,https://wpscan.com/vulnerability/3c871dcd-51d7-4d3b-b036-efa9e066ff41/
wp_plugin,all-in-one-wp-migration,CVE-2024-8852,CVE-2024-8852,All-in-One WP Migration < 7.87 - Unauthenticated Information Disclosure,< 7.87,7.87,00007.00087,medium,5.3,https://wpscan.com/vulnerability/9f533098-8435-4ee1-a423-5142070ceefc/
wp_plugin,viral-signup,CVE-2024-6926,CVE-2024-6926,Viral Signup <= 2.1 - SQL Injection,< 2.1,2.1,00002.00001,critical,9.8,https://www.usom.gov.tr/bildirim/tr-24-1387
wp_plugin,litespeed-cache,CVE-2024-47374,CVE-2024-47374,LiteSpeed Cache <= 6.5.0.2 - Stored XSS,< 6.5.0.2,6.5.0.2,00006.00005.00000.00002,high,7.1,https://www.wordfence.com/threat-intel/vulnerabilities/wordpress-plugins/litespeed-cache/litespeed-cache-61-unauthenticated-stored-cross-site-scripting
wp_plugin,wp-popups-lite,CVE-2024-6555,CVE-2024-6555,WP Popups - Information Disclosure,,,,medium,5.3,https://www.wordfence.com/threat-intel/vulnerabilities/wordpress-plugins/wp-popups-lite/wp-popups-wordpress-popup-builder-2201-unauthenticated-full-path-disclos
wp_plugin,wp-recall,CVE-2024-32709,CVE-2024-32709,WP-Recall <= 16.26.5 - SQL Injection,< 16.26.5,16.26.5,00016.00026.00005,critical,9.3,https://nvd.nist.gov/vuln/detail/CVE-2024-32709
wp_plugin,kivicare-clinic-management-system,CVE-2024-11728,CVE-2024-11728,KiviCare Clinic & Patient Management System (EHR) <= 3.6.4 - SQL Injection,< 3.6.4,3.6.4,00003.00006.00004,high,7.5,https://github.com/samogod/CVE-2024-11728
wp_plugin,learnpress,CVE-2024-8522,CVE-2024-8522,LearnPress < 4.2.7.1 - SQL Injection,< 4.2.7.1,4.2.7.1,00004.00002.00007.00001,critical,7.5,https://github.com/advisories/GHSA-3w3r-r6g6-w8x5
wp_plugin,pdf-generator-addon-for-elementor-page-builder,CVE-2024-9935,CVE-2024-9935,PDF Generator Addon for Elementor Page Builder <= 1.7.5 - Arbitrary File Download,< 1.7.5,1.7.5,00001.00007.00005,high,7.5,https://github.com/RandomRobbieBF/CVE-2024-9935
wp_plugin,wpappninja,CVE-2024-13888,CVE-2024-13888,WPMobile.App <= 11.56 - Open Redirect,< 11.56,11.56,00011.00056,high,7.2,https://www.wordfence.com/threat-intel/vulnerabilities/wordpress-plugins/wpappninja/wpmobileapp-1156-open-redirect-via-redirect-parameter
wp_plugin,uix-shortcodes,CVE-2024-9772,CVE-2024-9772,WordPress UIX Shortcodes <= 1.9.7 - Unauthenticated Shortcode Execution,< 1.9.7,1.9.7,00001.00009.00007,high,7.3,https://nvd.nist.gov/vuln/detail/CVE-2024-9772
wp_plugin,gamipress,CVE-2024-13496,CVE-2024-13496,GamiPress <= 2.8.9 - SQL Injection,< 2.8.9,2.8.9,00002.00008.00009,high,9.8,https://abrahack.com/posts/gamipress-sqli/
wp_plugin,travelpayouts,CVE-2024-0337,CVE-2024-0337,Travelpayouts <= 1.1.16 - Open Redirect,< 1.1.16,1.1.16,00001.00001.00016,medium,,https://wpscan.com/vulnerability/2f17a274-8676-4f4e-989f-436030527890/
wp_plugin,web-directory-free,CVE-2024-3673,CVE-2024-3673,Web Directory Free < 1.7.3 - Local File Inclusion,< 1.7.3,1.7.3,00001.00007.00003,critical,9.1,https://wpscan.com/vulnerability/0e8930cb-e176-4406-a43f-a6032471debf/
wp_plugin,radio-player,CVE-2024-54385,CVE-2024-54385,Radio Player <= 2.0.82 - Server-Side Request Forgery,< 2.0.82,2.0.82,00002.00000.00082,high,7.2,https://patchstack.com/database/wordpress/plugin/radio-player/vulnerability/wordpress-radio-player-plugin-2-0-82-server-side-request-forgery-ssrf-vulnerability?
wp_plugin,litespeed-cache,CVE-2024-28000,CVE-2024-28000,WordPress LiteSpeed Cache - Unauthenticated Privilege Escalation to Admin,,,,critical,9.8,https://patchstack.com/database/vulnerability/litespeed-cache/wordpress-litespeed-cache-plugin-6-3-0-1-unauthenticated-privilege-escalation-vulnerability?_s_id=
wp_plugin,nextgen-gallery,CVE-2024-3097,CVE-2024-3097,NextGEN Gallery <= 3.59 - Missing Authorization to Unauthenticated Information Disclosure,< 3.59,3.59,00003.00059,medium,5.3,https://plugins.trac.wordpress.org/browser/nextgen-gallery/trunk/src/REST/Admin/Block.php#L40
wp_plugin,tc-ecommerce,CVE-2024-13726,CVE-2024-13726,Themes Coder Ecommerce <= 1.3.4 - SQL Injection,< 1.3.4,1.3.4,00001.00003.00004,high,8.6,https://wpscan.com/vulnerability/ec226d22-0c09-4e7c-86ec-b64819089b60/
wp_plugin,wp-automatic,CVE-2024-27954,CVE-2024-27954,WordPress Automatic Plugin <3.92.1 - Arbitrary File Download and SSRF,< 3.92.1,3.92.1,00003.00092.00001,critical,9.8,https://wpscan.com/vulnerability/53b97401-1352-477b-a69a-680b01ef7266/
wp_plugin,the-events-calendar,CVE-2024-4180,CVE-2024-4180,The Events Calendar < 6.4.0.1 - Cross-site Scripting,< 6.4.0.1,6.4.0.1,00006.00004.00000.00001,medium,9.1,https://wpscan.com/vulnerability/b2a92316-e404-4a5e-8426-f88df6e87550/
wp_plugin,easy-digital-downloads,CVE-2024-5057,CVE-2024-5057,WordPress Easy Digital Downloads <= 3.2.12 - SQL Injection,< 3.2.12,3.2.12,00003.00002.00012,critical,9.8,https://patchstack.com/database/vulnerability/easy-digital-downloads/wordpress-easy-digital-downloads-plugin-3-2-12-sql-injection-vulnerability?_s_id=cve
wp_plugin,hash-form,CVE-2024-5084,CVE-2024-5084,Hash Form <= 1.1.0 - Arbitrary File Upload,< 1.1.0,1.1.0,00001.00001.00000,critical,9.8,https://nvd.nist.gov/vuln/detail/CVE-2024-5084
wp_plugin,instawp-connect,CVE-2024-2667,CVE-2024-2667,InstaWP Connect <= 0.1.0.22 - Unauthenticated Arbitrary File Upload,< 0.1.0.22,0.1.0.22,00000.00001.00000.00022,critical,9.8,https://www.wordfence.com/threat-intel/vulnerabilities/id/f6aead8d-c136-4952-ad03-86fe0f144dea?source=cve
wp_plugin,rest-api-to-miniprogram,CVE-2024-8484,CVE-2024-8484,REST API TO MiniProgram <= 4.7.1 - SQL Injection,< 4.7.1,4.7.1,00004.00007.00001,high,7.5,https://github.com/RandomRobbieBF/CVE-2024-8484
wp_plugin,2-click-socialmedia-buttons,CVE-2012-4273,CVE-2012-4273,2 Click Socialmedia Buttons < 0.34 - Cross-Site Scripting,< 0.34,0.34,00000.00034,medium,4.3,https://nvd.nist.gov/vuln/detail/CVE-2012-4273
wp_plugin,wp-integrator,CVE-2012-5913,CVE-2012-5913,WordPress Integrator 1.32 - Cross-Site Scripting,,,,medium,4.3,https://nvd.nist.gov/vuln/detail/CVE-2012-5913
wp_plugin,mf-gig-calendar,CVE-2012-4242,CVE-2012-4242,WordPress Plugin MF Gig Calendar 0.9.2 - Cross-Site Scripting,,,,medium,4.3,https://nvd.nist.gov/vuln/detail/CVE-2012-4242
wp_plugin,all-in-one-event-calendar,CVE-2012-1835,CVE-2012-1835,WordPress Plugin All-in-One Event Calendar 1.4 - Cross-Site Scripting,,,,medium,4.3,https://nvd.nist.gov/vuln/detail/CVE-2012-1835
wp_plugin,yousaytoo-auto-publishing-plugin,CVE-2012-0901,CVE-2012-0901,YouSayToo auto-publishing 1.0 - Cross-Site Scripting,,,,medium,4.3,https://nvd.nist.gov/vuln/detail/CVE-2012-0901
wp_plugin,count-per-day,CVE-2012-0896,CVE-2012-0896,Count Per Day <= 3.1 - download.php f Parameter Traversal Arbitrary File Access,< 3.1,3.1,00003.00001,medium,5.0,https://packetstormsecurity.com/files/108631/
wp_plugin,wp-facethumb,CVE-2012-2371,CVE-2012-2371,WP-FaceThumb 0.1 - Cross-Site Scripting,,,,medium,4.3,https://nvd.nist.gov/vuln/detail/CVE-2012-2371
wp_plugin,download-monitor,CVE-2012-4768,CVE-2012-4768,WordPress Plugin Download Monitor < 3.3.5.9 - Cross-Site Scripting,< 3.3.5.9,3.3.5.9,00003.00003.00005.00009,medium,4.3,https://nvd.nist.gov/vuln/detail/CVE-2012-4768
wp_plugin,age-verification,CVE-2012-6499,CVE-2012-6499,WordPress Plugin Age Verification v0.4 - Open Redirect,,,,medium,5.8,https://www.exploit-db.com/exploits/18350
wp_plugin,bws-testimonials,CVE-2017-18558,CVE-2017-18558,Testimonials by BestWebSoft < 0.1.9 - Cross-Site Scripting,< 0.1.9,0.1.9,00000.00001.00009,medium,6.1,https://wpscan.com/vulnerability/efd816c3-90d4-40bf-850a-0e4c1a756694
wp_plugin,htaccess,CVE-2017-18496,CVE-2017-18496,Htaccess by BestWebSoft < 1.7.6 - Cross-Site Scripting,< 1.7.6,1.7.6,00001.00007.00006,medium,6.1,https://wpscan.com/vulnerability/efd816c3-90d4-40bf-850a-0e4c1a756694
wp_plugin,contact-form-multi,CVE-2017-18490,CVE-2017-18490,Contact Form Multi by BestWebSoft < 1.2.1 - Cross-Site Scripting,< 1.2.1,1.2.1,00001.00002.00001,medium,6.1,https://wpscan.com/vulnerability/efd816c3-90d4-40bf-850a-0e4c1a756694
wp_plugin,twitter-plugin,CVE-2017-18505,CVE-2017-18505,BestWebSoft's Twitter < 2.55 - Cross-Site Scripting,< 2.55,2.55,00002.00055,medium,6.1,https://wpscan.com/vulnerability/efd816c3-90d4-40bf-850a-0e4c1a756694
wp_plugin,subscriber,CVE-2017-18502,CVE-2017-18502,Subscriber by BestWebSoft < 1.3.5 - Cross-Site Scripting,< 1.3.5,1.3.5,00001.00003.00005,medium,6.1,https://wpscan.com/vulnerability/efd816c3-90d4-40bf-850a-0e4c1a756694
wp_plugin,shortcodes-ultimate,CVE-2017-18580,CVE-2017-18580,WordPress Shortcodes Ultimate <= 5.0.0 - Authenticated Remote Code Execution,< 5.0.0,5.0.0,00005.00000.00000,critical,8.8,https://wpscan.com/vulnerability/efad59c8-e6ae-4167-9c78-d3ea52fe5bba/
wp_plugin,bws-google-analytics,CVE-2017-18556,CVE-2017-18556,Google Analytics by BestWebSoft < 1.7.1 - Cross-Site Scripting,< 1.7.1,1.7.1,00001.00007.00001,medium,6.1,https://wpscan.com/vulnerability/efd816c3-90d4-40bf-850a-0e4c1a756694
wp_plugin,timesheet,CVE-2017-18590,CVE-2017-18590,Timesheet Plugin < 0.1.5 - Cross-Site Scripting,< 0.1.5,0.1.5,00000.00001.00005,medium,6.1,https://wpscan.com/vulnerability/efd816c3-90d4-40bf-850a-0e4c1a756694/
wp_plugin,updater,CVE-2017-18565,CVE-2017-18565,Updater by BestWebSoft < 1.35 - Cross-Site Scripting,< 1.35,1.35,00001.00035,medium,6.1,https://wpscan.com/vulnerability/efd816c3-90d4-40bf-850a-0e4c1a756694
wp_plugin,formidable,CVE-2017-20194,CVE-2017-20194,Formidable Form Builder < 2.05.03 - Unauthenticated Information Disclosure,< 2.05.03,2.05.03,00002.00005.00003,medium,5.3,https://www.wordfence.com/threat-intel/vulnerabilities/id/c7600fe1-94e4-4e3e-a9a6-ff3589813715?source=cve
wp_plugin,pagination,CVE-2017-18527,CVE-2017-18527,Pagination by BestWebSoft < 1.0.7 - Cross-Site Scripting,< 1.0.7,1.0.7,00001.00000.00007,medium,6.1,https://wpscan.com/vulnerability/efd816c3-90d4-40bf-850a-0e4c1a756694
wp_plugin,contact-form-to-db,CVE-2017-18492,CVE-2017-18492,Contact Form to DB by BestWebSoft < 1.5.7 - Cross-Site Scripting,< 1.5.7,1.5.7,00001.00005.00007,medium,6.1,https://wpscan.com/vulnerability/efd816c3-90d4-40bf-850a-0e4c1a756694
wp_plugin,bws-smtp,CVE-2017-18518,CVE-2017-18518,SMTP by BestWebSoft < 1.1.0 - Cross-Site Scripting,< 1.1.0,1.1.0,00001.00001.00000,medium,6.1,https://wpscan.com/vulnerability/efd816c3-90d4-40bf-850a-0e4c1a756694
wp_plugin,qards,CVE-2017-18598,CVE-2017-18598,WordPress Qards - Cross-Site Scripting,,,,medium,6.1,https://wpscan.com/vulnerability/8934
wp_plugin,social-buttons-pack,CVE-2017-18500,CVE-2017-18500,Social Buttons Pack by BestWebSof < 1.1.1 - Cross-Site Scripting,< 1.1.1,1.1.1,00001.00001.00001,medium,6.1,https://wpscan.com/vulnerability/efd816c3-90d4-40bf-850a-0e4c1a756694
wp_plugin,zendesk-help-center,CVE-2017-18542,CVE-2017-18542,Zendesk Help Center by BestWebSoft < 1.0.5 - Cross-Site Scripting,< 1.0.5,1.0.5,00001.00000.00005,medium,6.1,https://wpscan.com/vulnerability/efd816c3-90d4-40bf-850a-0e4c1a756694
wp_plugin,bws-linkedin,CVE-2017-18516,CVE-2017-18516,LinkedIn by BestWebSoft < 1.0.5 - Cross-Site Scripting,< 1.0.5,1.0.5,00001.00000.00005,medium,6.1,https://wpscan.com/vulnerability/efd816c3-90d4-40bf-850a-0e4c1a756694
wp_plugin,amty-thumb-recent-post,CVE-2017-17059,CVE-2017-17059,WordPress amtyThumb Posts 8.1.3 - Cross-Site Scripting,,,,medium,6.1,https://github.com/NaturalIntelligence/wp-thumb-post/issues/1
wp_plugin,adsense-plugin,CVE-2017-18487,CVE-2017-18487,AdPush < 1.44 - Cross-Site Scripting,< 1.44,1.44,00001.00044,medium,6.1,https://wpscan.com/vulnerability/efd816c3-90d4-40bf-850a-0e4c1a756694
wp_plugin,raygun4wp,CVE-2017-9288,CVE-2017-9288,WordPress Raygun4WP <=1.8.0 - Cross-Site Scripting,< 1.8.0,1.8.0,00001.00008.00000,medium,6.1,https://github.com/MindscapeHQ/raygun4wordpress/pull/17
wp_plugin,pdf-print,CVE-2017-18528,CVE-2017-18528,PDF & Print by BestWebSoft < 1.9.4 - Cross-Site Scripting,< 1.9.4,1.9.4,00001.00009.00004,medium,6.1,https://wpscan.com/vulnerability/efd816c3-90d4-40bf-850a-0e4c1a756694
wp_plugin,visitors-online,CVE-2017-18537,CVE-2017-18537,Visitors Online by BestWebSoft < 1.0.0 - Cross-Site Scripting,< 1.0.0,1.0.0,00001.00000.00000,medium,6.1,https://wpscan.com/vulnerability/efd816c3-90d4-40bf-850a-0e4c1a756694
wp_plugin,social-login-bws,CVE-2017-18501,CVE-2017-18501,Social Login by BestWebSoft < 0.2 - Cross-Site Scripting,< 0.2,0.2,00000.00002,medium,6.1,https://wpscan.com/vulnerability/efd816c3-90d4-40bf-850a-0e4c1a756694
wp_plugin,contact-form-plugin,CVE-2017-18491,CVE-2017-18491,Contact Form by BestWebSoft < 4.0.6 - Cross-Site Scripting,< 4.0.6,4.0.6,00004.00000.00006,medium,6.1,https://wpscan.com/vulnerability/efd816c3-90d4-40bf-850a-0e4c1a756694
wp_plugin,delightful-downloads,CVE-2017-1000170,CVE-2017-1000170,WordPress Delightful Downloads Jquery File Tree 2.1.5 - Local File Inclusion,,,,high,7.5,https://www.exploit-db.com/exploits/49693
wp_plugin,promobar,CVE-2017-18529,CVE-2017-18529,PromoBar by BestWebSoft < 1.1.1 - Cross-Site Scripting,< 1.1.1,1.1.1,00001.00001.00001,medium,6.1,https://wpscan.com/vulnerability/efd816c3-90d4-40bf-850a-0e4c1a756694
wp_plugin,error-log-viewer,CVE-2017-18562,CVE-2017-18562,Error Log Viewer by BestWebSoft < 1.0.6 - Cross-Site Scripting,< 1.0.6,1.0.6,00001.00000.00006,medium,6.1,https://wpscan.com/vulnerability/efd816c3-90d4-40bf-850a-0e4c1a756694
wp_plugin,bws-pinterest,CVE-2017-18517,CVE-2017-18517,Pinterest by BestWebSoft < 1.0.5 - Cross-Site Scripting,< 1.0.5,1.0.5,00001.00000.00005,medium,6.1,https://wpscan.com/vulnerability/efd816c3-90d4-40bf-850a-0e4c1a756694
wp_plugin,formidable,CVE-2017-20192,CVE-2017-20192,Formidable Forms < 2.05.02 - Cross-Site Scripting,< 2.05.02,2.05.02,00002.00005.00002,medium,6.1,https://klikki.fi/formidable-forms-vulnerabilities/
wp_plugin,user-role,CVE-2017-18566,CVE-2017-18566,User Role by BestWebSoft < 1.5.6 - Cross-Site Scripting,< 1.5.6,1.5.6,00001.00005.00006,medium,6.1,https://wpscan.com/vulnerability/efd816c3-90d4-40bf-850a-0e4c1a756694
wp_plugin,custom-search-plugin,CVE-2017-18494,CVE-2017-18494,Custom Search by BestWebSoft < 1.36 - Cross-Site Scripting,< 1.36,1.36,00001.00036,medium,6.1,https://wpscan.com/vulnerability/efd816c3-90d4-40bf-850a-0e4c1a756694
wp_plugin,emag-marketplace-connector,CVE-2017-17043,CVE-2017-17043,WordPress Emag Marketplace Connector 1.0 - Cross-Site Scripting,,,,medium,6.1,https://wordpress.org/support/topic/wordpress-emag-marketplace-connector-1-0-cross-site-scripting-vulnerability/
wp_plugin,wp-mailster,CVE-2017-17451,CVE-2017-17451,WordPress Mailster <=1.5.4 - Cross-Site Scripting,< 1.5.4,1.5.4,00001.00005.00004,medium,6.1,https://wordpress.org/plugins/wp-mailster/#developers
wp_plugin,sender,CVE-2017-18564,CVE-2017-18564,Sender by BestWebSoft < 1.2.1 - Cross-Site Scripting,< 1.2.1,1.2.1,00001.00002.00001,medium,6.1,https://wpscan.com/vulnerability/efd816c3-90d4-40bf-850a-0e4c1a756694
wp_plugin,bws-google-maps,CVE-2017-18557,CVE-2017-18557,Google Maps by BestWebSoft < 1.3.6 - Cross-Site Scripting,< 1.3.6,1.3.6,00001.00003.00006,medium,6.1,https://wpscan.com/vulnerability/efd816c3-90d4-40bf-850a-0e4c1a756694
wp_plugin,rating-bws,CVE-2017-18530,CVE-2017-18530,Rating by BestWebSoft < 0.2 - Cross-Site Scripting,< 0.2,0.2,00000.00002,medium,6.1,https://wpscan.com/vulnerability/efd816c3-90d4-40bf-850a-0e4c1a756694
wp_plugin,custom-admin-page,CVE-2017-18493,CVE-2017-18493,Custom Admin Page by BestWebSoft < 0.1.2 - Cross-Site Scripting,< 0.1.2,0.1.2,00000.00001.00002,medium,6.1,https://wpscan.com/vulnerability/efd816c3-90d4-40bf-850a-0e4c1a756694
wp_plugin,realty,CVE-2017-18532,CVE-2017-18532,Realty by BestWebSoft < 1.1.0 - Cross-Site Scripting,< 1.1.0,1.1.0,00001.00001.00000,medium,6.1,https://wpscan.com/vulnerability/efd816c3-90d4-40bf-850a-0e4c1a756694
wp_plugin,sniplets,CVE-2008-1061,CVE-2008-1061,WordPress Sniplets <=1.2.2 - Cross-Site Scripting,< 1.2.2,1.2.2,00001.00002.00002,medium,4.3,https://www.exploit-db.com/exploits/5194
wp_plugin,sniplets,CVE-2008-1059,CVE-2008-1059,WordPress Sniplets 1.1.2 - Local File Inclusion,,,,high,7.5,https://www.exploit-db.com/exploits/5194
wp_plugin,category-grid-view-gallery,CVE-2013-4117,CVE-2013-4117,WordPress Plugin Category Grid View Gallery 2.3.1 - Cross-Site Scripting,,,,medium,4.3,https://nvd.nist.gov/vuln/detail/CVE-2013-4117
wp_plugin,advanced-dewplayer,CVE-2013-7240,CVE-2013-7240,WordPress Plugin Advanced Dewplayer 1.2 - Directory Traversal,,,,medium,5.0,https://www.exploit-db.com/exploits/38936
wp_plugin,duplicator,CVE-2013-4625,CVE-2013-4625,WordPress Plugin Duplicator < 0.4.5 - Cross-Site Scripting,< 0.4.5,0.4.5,00000.00004.00005,medium,4.3,https://nvd.nist.gov/vuln/detail/CVE-2013-4625
wp_plugin,trafficanalyzer,CVE-2013-3526,CVE-2013-3526,WordPress Plugin Traffic Analyzer - 'aoid' Cross-Site Scripting,,,,medium,4.3,https://nvd.nist.gov/vuln/detail/CVE-2013-3526
wp_plugin,dhtmlxspreadsheet,CVE-2013-6281,CVE-2013-6281,WordPress Spreadsheet - Cross-Site Scripting,,,,medium,4.3,https://wpscan.com/vulnerability/49785932-f4e0-4aaa-a86c-4017890227bf
wp_plugin,uploader,CVE-2013-2287,CVE-2013-2287,WordPress Plugin Uploader 1.0.4 - Cross-Site Scripting,,,,medium,4.3,https://nvd.nist.gov/vuln/detail/CVE-2013-2287
wp_plugin,adminimize,CVE-2011-4926,CVE-2011-4926,Adminimize 1.7.22 - Cross-Site Scripting,,,,medium,4.3,https://nvd.nist.gov/vuln/detail/CVE-2011-4926
wp_plugin,advanced-text-widget,CVE-2011-4618,CVE-2011-4618,Advanced Text Widget < 2.0.2 - Cross-Site Scripting,< 2.0.2,2.0.2,00002.00000.00002,medium,4.3,https://nvd.nist.gov/vuln/detail/CVE-2011-4618
wp_plugin,flexible-custom-post-type,CVE-2011-5106,CVE-2011-5106,WordPress Plugin Flexible Custom Post Type < 0.1.7 - Cross-Site Scripting,< 0.1.7,0.1.7,00000.00001.00007,medium,4.3,https://nvd.nist.gov/vuln/detail/CVE-2011-5106
wp_plugin,alert-before-your-post,CVE-2011-5107,CVE-2011-5107,Alert Before Your Post <= 0.1.1 - Cross-Site Scripting,< 0.1.1,0.1.1,00000.00001.00001,medium,4.3,https://nvd.nist.gov/vuln/detail/CVE-2011-5107 https://www.acunetix.com/vulnerabilities/web/wordpress-plugin-alert-before-your-post-cross-site-scripting-0-1-1/
wp_plugin,featurific-for-wordpress,CVE-2011-5265,CVE-2011-5265,Featurific For WordPress 1.6.2 - Cross-Site Scripting,,,,medium,4.3,https://nvd.nist.gov/vuln/detail/CVE-2011-5265
wp_plugin,wp-custom-pages,CVE-2011-1669,CVE-2011-1669,WP Custom Pages 0.5.0.1 - Local File Inclusion (LFI),,,,medium,5.0,https://cve.mitre.org/cgi-bin/cvename.cgi?name=CVE-2011-1669
wp_plugin,skysa-official,CVE-2011-5179,CVE-2011-5179,Skysa App Bar 1.04 - Cross-Site Scripting,,,,medium,4.3,https://nvd.nist.gov/vuln/detail/CVE-2011-5179
wp_plugin,flash-album-gallery,CVE-2011-4624,CVE-2011-4624,GRAND FlAGallery 1.57 - Cross-Site Scripting,,,,medium,4.3,https://nvd.nist.gov/vuln/detail/CVE-2011-4624
wp_plugin,clickdesk-live-support-chat,CVE-2011-5181,CVE-2011-5181,ClickDesk Live Support Live Chat 2.0 - Cross-Site Scripting,,,,medium,4.3,https://nvd.nist.gov/vuln/detail/CVE-2011-5181
wp_plugin,mypixs,CVE-2015-1000012,CVE-2015-1000012,WordPress MyPixs <=0.3 - Local File Inclusion,< 0.3,0.3,00000.00003,high,7.5,https://wpscan.com/vulnerability/24b83ce5-e3b8-4262-b087-a2dfec014985
wp_plugin,stageshow,CVE-2015-5461,CVE-2015-5461,WordPress StageShow <5.0.9 - Open Redirect,< 5.0.9,5.0.9,00005.00000.00009,medium,6.4,https://wpscan.com/vulnerability/afc0d5b5-280f-424f-bc3e-d04452e56e16
wp_plugin,bj-lazy-load,CVE-2015-9415,CVE-2015-9415,BJ Lazy Load (Timthumb) <= 0.7.5 - Remote File Inclusion,< 0.7.5,0.7.5,00000.00007.00005,high,7.5,https://wpscan.com/vulnerability/c15aef94-822d-40eb-80a6-e4a0611cb5c1/
wp_plugin,se-html5-album-audio-player,CVE-2015-4414,CVE-2015-4414,WordPress SE HTML5 Album Audio Player 1.1.0 - Directory Traversal,,,,medium,5.0,https://www.exploit-db.com/exploits/37274
wp_plugin,robotcpa,CVE-2015-9480,CVE-2015-9480,WordPress RobotCPA 5 - Directory Traversal,,,,high,7.5,https://www.exploit-db.com/exploits/37252
wp_plugin,mdc-youtube-downloader,CVE-2015-5469,CVE-2015-5469,WordPress MDC YouTube Downloader 2.1.0 - Local File Inclusion,,,,high,7.5,https://www.openwall.com/lists/oss-security/2015/07/10/5
wp_plugin,showbizpro,CVE-2015-9499,CVE-2015-9499,WordPress ShowBiz Pro <= 1.7.1 - Authenticated Arbitrary File Upload to RCE,< 1.7.1,1.7.1,00001.00007.00001,critical,9.8,https://wpscan.com/vulnerability/1c8f1872-a699-464a-9c6b-f8a49ca22ecb/
wp_plugin,candidate-application-form,CVE-2015-1000005,CVE-2015-1000005,WordPress Candidate Application Form <= 1.3 - Local File Inclusion,< 1.3,1.3,00001.00003,high,7.5,https://wpscan.com/vulnerability/446233e9-33b3-4024-9b7d-63f9bb1dafe0
wp_plugin,church-admin,CVE-2015-4127,CVE-2015-4127,WordPress Church Admin <0.810 - Cross-Site Scripting,< 0.810,0.810,00000.00810,medium,4.3,https://www.exploit-db.com/exploits/37112
wp_theme,mtheme-unus,CVE-2015-9406,CVE-2015-9406,mTheme Unus < 2.3 - Directory Traversal,< 2.3,2.3,00002.00003,high,7.5,https://wpscan.com/vulnerability/d54b6b63-f280-412e-8c8f-17186727ac36/
wp_plugin,wp-attachment-export,CVE-2015-20067,CVE-2015-20067,WP Attachment Export < 0.2.4 - Unrestricted File Download,< 0.2.4,0.2.4,00000.00002.00004,high,7.5,https://wpscan.com/vulnerability/d1a9ed65-baf3-4c85-b077-1f37d8c7793a
wp_plugin,sourceafrica,CVE-2015-6920,CVE-2015-6920,WordPress sourceAFRICA <=0.1.3 - Cross-Site Scripting,< 0.1.3,0.1.3,00000.00001.00003,medium,4.3,http://packetstormsecurity.com/files/133371/WordPress-sourceAFRICA-0.1.3-Cross-Site-Scripting.html
wp_plugin,navis-documentcloud,CVE-2015-2807,CVE-2015-2807,Navis DocumentCloud <0.1.1 - Cross-Site Scripting,< 0.1.1,0.1.1,00000.00001.00001,medium,4.3,https://advisories.dxw.com/advisories/publicly-exploitable-xss-in-wordpress-plugin-navis-documentcloud/
wp_plugin,wp-swimteam,CVE-2015-5471,CVE-2015-5471,Swim Team <= v1.44.10777 - Local File Inclusion,< 1.44.10777,1.44.10777,00001.00044.10777,medium,5.3,https://wpscan.com/vulnerability/b00d9dda-721d-4204-8995-093f695c3568
wp_plugin,wp-symposium,CVE-2015-9414,CVE-2015-9414,WordPress Symposium <=15.8.1 - Cross-Site Scripting,< 15.8.1,15.8.1,00015.00008.00001,medium,6.1,https://wpscan.com/vulnerability/2ac2d43f-bf3f-4831-9585-5c5484051095
wp_plugin,revslider,CVE-2015-1579,CVE-2015-1579,WordPress Slider Revolution - Local File Disclosure,,,,medium,5.0,https://blog.sucuri.net/2014/09/slider-revolution-plugin-critical-vulnerability-being-exploited.html
wp_plugin,zip-attachments,CVE-2015-4694,CVE-2015-4694,WordPress Zip Attachments <= 1.1.4 - Arbitrary File Retrieval,< 1.1.4,1.1.4,00001.00001.00004,high,8.6,https://wordpress.org/plugins/zip-attachments/#developers
wp_plugin,hdw-tube,CVE-2016-1000134,CVE-2016-1000134,WordPress HDW Video Gallery <=1.2 - Cross-Site Scripting,< 1.2,1.2,00001.00002,medium,6.1,http://www.vapidlabs.com/wp/wp_advisory.php?v=530
wp_plugin,mainwp,CVE-2016-15041,CVE-2016-15041,MainWP Dashboard <= 3.1.2 - Stored Cross-Site Scripting,< 3.1.2,3.1.2,00003.00001.00002,high,,https://klikki.fi/mainwp-admin-panel-unauthenticated-stored-xss/
wp_plugin,mainwp-vuln,CVE-2016-15041,CVE-2016-15041,MainWP Dashboard <= 3.1.2 - Stored Cross-Site Scripting,< 3.1.2,3.1.2,00003.00001.00002,high,,https://klikki.fi/mainwp-admin-panel-unauthenticated-stored-xss/
wp_plugin,hdw-tube,CVE-2016-1000135,CVE-2016-1000135,WordPress HDW Video Gallery <=1.2 - Cross-Site Scripting,< 1.2,1.2,00001.00002,medium,6.1,http://www.vapidlabs.com/wp/wp_advisory.php?v=533
wp_plugin,e-search,CVE-2016-1000131,CVE-2016-1000131,WordPress e-search <=1.0 - Cross-Site Scripting,< 1.0,1.0,00001.00000,medium,6.1,http://www.vapidlabs.com/wp/wp_advisory.php?v=393
wp_plugin,e-search,CVE-2016-1000130,CVE-2016-1000130,WordPress e-search <=1.0 - Cross-Site Scripting,< 1.0,1.0,00001.00000,medium,6.1,https://wordpress.org/plugins/e-search
wp_plugin,indexisto,CVE-2016-1000138,CVE-2016-1000138,WordPress Admin Font Editor <=1.8 - Cross-Site Scripting,< 1.8,1.8,00001.00008,medium,6.1,http://www.vapidlabs.com/wp/wp_advisory.php?v=38
wp_plugin,wp-mobile-detector,CVE-2016-15043,CVE-2016-15043,WP Mobile Detector <= 3.5 - Unrestricted File Upload,< 3.5,3.5,00003.00005,critical,9.8,https://github.com/rapid7/metasploit-framework/blob/master/modules/exploits/unix/webapp/wp_mobile_detector_upload_execute.rb
wp_plugin,anti-plagiarism,CVE-2016-1000128,CVE-2016-1000128,WordPress anti-plagiarism <=3.60 - Cross-Site Scripting,< 3.60,3.60,00003.00060,medium,6.1,http://www.vapidlabs.com/wp/wp_advisory.php?v=161
wp_plugin,wpsolr-search-engine,CVE-2016-1000155,CVE-2016-1000155,WordPress WPSOLR <=8.6 - Cross-Site Scripting,< 8.6,8.6,00008.00006,medium,6.1,https://wordpress.org/plugins/wpsolr-search-engine
wp_plugin,tidio-gallery,CVE-2016-1000153,CVE-2016-1000153,WordPress Tidio Gallery <=1.1 - Cross-Site Scripting,< 1.1,1.1,00001.00001,medium,6.1,https://nvd.nist.gov/vuln/detail/CVE-2016-1000153
wp_plugin,ebook-download,CVE-2016-10924,CVE-2016-10924,Wordpress Zedna eBook download <1.2 - Local File Inclusion,< 1.2,1.2,00001.00002,high,7.5,https://wpscan.com/vulnerability/13d5d17a-00a8-441e-bda1-2fd2b4158a6c
wp_plugin,wsecure,CVE-2016-10960,CVE-2016-10960,WordPress wSecure Lite < 2.4 - Remote Code Execution,< 2.4,2.4,00002.00004,high,8.8,https://www.pluginvulnerabilities.com/2016/07/12/remote-code-execution-rce-vulnerability-in-wsecure-lite/
wp_plugin,photoxhibit,CVE-2016-1000143,CVE-2016-1000143,WordPress Photoxhibit 2.1.8 - Cross-Site Scripting,,,,medium,6.1,http://www.vapidlabs.com/wp/wp_advisory.php?v=780
wp_plugin,admin-font-editor,CVE-2016-1000126,CVE-2016-1000126,WordPress Admin Font Editor <=1.8 - Cross-Site Scripting,< 1.8,1.8,00001.00008,medium,6.1,http://www.vapidlabs.com/wp/wp_advisory.php?v=526
wp_plugin,s3-video,CVE-2016-1000148,CVE-2016-1000148,WordPress S3 Video <=0.983 - Cross-Site Scripting,< 0.983,0.983,00000.00983,medium,6.1,https://wpscan.com/vulnerability/ead796ed-202a-451f-b041-d39c9cf1fb54
wp_plugin,parsi-font,CVE-2016-1000142,CVE-2016-1000142,WordPress MW Font Changer <=4.2.5 - Cross-Site Scripting,< 4.2.5,4.2.5,00004.00002.00005,medium,6.1,https://wpscan.com/vulnerability/4ff5d65a-ba61-439d-ab7f-745a0648fccc
wp_plugin,new-year-firework,CVE-2016-1000140,CVE-2016-1000140,WordPress New Year Firework <=1.1.9 - Cross-Site Scripting,< 1.1.9,1.1.9,00001.00001.00009,medium,6.1,http://www.vapidlabs.com/wp/wp_advisory.php?v=453
wp_plugin,ajax-random-post,CVE-2016-1000127,CVE-2016-1000127,WordPress AJAX Random Post <=2.00 - Cross-Site Scripting,< 2.00,2.00,00002.00000,medium,6.1,http://www.vapidlabs.com/wp/wp_advisory.php?v=494
wp_plugin,enhanced-tooltipglossary,CVE-2016-1000132,CVE-2016-1000132,WordPress enhanced-tooltipglossary 3.2.8 - Cross-Site Scripting,,,,medium,6.1,http://www.vapidlabs.com/wp/wp_advisory.php?v=37
wp_plugin,whizz,CVE-2016-1000154,CVE-2016-1000154,WordPress WHIZZ <=1.0.7 - Cross-Site Scripting,< 1.0.7,1.0.7,00001.00000.00007,medium,6.1,http://www.vapidlabs.com/wp/wp_advisory.php?v=112
wp_plugin,heat-trackr,CVE-2016-1000136,CVE-2016-1000136,WordPress heat-trackr 1.0 - Cross-Site Scripting,,,,medium,6.1,http://www.vapidlabs.com/wp/wp_advisory.php?v=798
wp_plugin,infusionsoft,CVE-2016-1000139,CVE-2016-1000139,WordPress Infusionsoft Gravity Forms <=1.5.11 - Cross-Site Scripting,< 1.5.11,1.5.11,00001.00005.00011,medium,6.1,https://wpscan.com/vulnerability/0a60039b-a08a-4f51-a540-59f397dceb6a
wp_plugin,tidio-form,CVE-2016-1000152,CVE-2016-1000152,WordPress Tidio-form <=1.0 - Cross-Site Scripting,< 1.0,1.0,00001.00000,medium,6.1,http://www.vapidlabs.com/wp/wp_advisory.php?v=799
wp_plugin,pondol-formmail,CVE-2016-1000146,CVE-2016-1000146,WordPress Pondol Form to Mail <=1.1 - Cross-Site Scripting,< 1.1,1.1,00001.00001,medium,6.1,http://www.vapidlabs.com/wp/wp_advisory.php?v=787
wp_plugin,page-layout-builder,CVE-2016-1000141,CVE-2016-1000141,WordPress Page Layout builder v1.9.3 - Cross-Site Scripting,,,,medium,6.1,http://www.vapidlabs.com/wp/wp_advisory.php?v=358
wp_plugin,mail-masta,CVE-2016-10956,CVE-2016-10956,WordPress Mail Masta 1.0 - Local File Inclusion,,,,high,7.5,https://cxsecurity.com/issue/WLB-2016080220
wp_plugin,hero-maps-pro,CVE-2016-1000137,CVE-2016-1000137,WordPress Hero Maps Pro 2.1.0 - Cross-Site Scripting,,,,medium,6.1,http://www.vapidlabs.com/wp/wp_advisory.php?v=658
wp_plugin,forget-about-shortcode-buttons,CVE-2016-1000133,CVE-2016-1000133,WordPress forget-about-shortcode-buttons 1.1.1 - Cross-Site Scripting,,,,medium,6.1,https://wordpress.org/plugins/forget-about-shortcode-buttons
wp_plugin,defa-online-image-protector,CVE-2016-1000129,CVE-2016-1000129,WordPress defa-online-image-protector <=3.3 - Cross-Site Scripting,< 3.3,3.3,00003.00003,medium,6.1,https://wordpress.org/plugins/defa-online-image-protector
wp_theme,scoreme,CVE-2016-10993,CVE-2016-10993,ScoreMe Theme - Cross-Site Scripting,,,,medium,5.4,https://www.vulnerability-lab.com/get_content.php?id=1808
wp_theme,mtheme-unus,CVE-2016-10972,CVE-2016-10972,Newspaper Theme 6.4–6.7.1 - Privilege Escalation,,,,critical,9.8,https://wpscan.com/vulnerability/5365ecca-93e2-4bfc-bd4a-6f61d7d75e96/
wp_theme,newspaper,CVE-2016-10972,CVE-2016-10972,Newspaper Theme 6.4–6.7.1 - Privilege Escalation,,,,critical,9.8,https://wpscan.com/vulnerability/5365ecca-93e2-4bfc-bd4a-6f61d7d75e96/
wp_plugin,simpel-reserveren,CVE-2016-1000149,CVE-2016-1000149,WordPress Simpel Reserveren <=3.5.2 - Cross-Site Scripting,< 3.5.2,3.5.2,00003.00005.00002,medium,6.1,https://wordpress.org/plugins/simpel-reserveren
wp_plugin,acf-frontend-form-element,CVE-2025-13342,CVE-2025-13342,DynamiApps Frontend Admin <= 3.28.20 - Unauthenticated Arbitrary Options Update,< 3.28.20,3.28.20,00003.00028.00020,critical,9.8,https://www.wordfence.com/threat-intel/vulnerabilities/id/613f2035-3061-429b-b218-83805287e4f3
wp_plugin,suretriggers,CVE-2025-3102,CVE-2025-3102,SureTriggers – All-in-One Automation Platform ≤ 1.0.78 - Authentication Bypass,,,,high,8.1,https://plugins.trac.wordpress.org/browser/suretriggers/trunk/src/Controllers/RestController.php#L59
wp_plugin,relevanssi,CVE-2025-4396,CVE-2025-4396,Relevanssi <= 4.24.4 (Free) - Unauthenticated SQL Injection,< 4.24.4,4.24.4,00004.00024.00004,high,7.5,https://www.wordfence.com/threat-intel/vulnerabilities/detail/relevanssi-4244-free-and-2274-premium-unauthenticated-sql-injection
wp_plugin,file-away,CVE-2025-2539,CVE-2025-2539,File Away <= 3.9.9.0.1 - Missing Authorization to Unauthenticated Arbitrary File Read,< 3.9.9.0,3.9.9.0,00003.00009.00009.00000,high,7.5,https://www.wordfence.com/threat-intel/vulnerabilities/wordpress-plugins/file-away/file-away-39901-missing-authorization-to-unauthenticated-arbitrary-file-read
wp_plugin,sf-booking,CVE-2025-5947,CVE-2025-5947,Service Finder Bookings - Authentication Bypass,,,,critical,9.8,https://patchstack.com/database/wordpress/plugin/sf-booking/vulnerability/wordpress-service-finder-bookings-plugin-6-0-authentication-bypass-via-user-switch-coo
wp_plugin,pie-register,CVE-2025-34077,CVE-2025-34077,WordPress Pie Register <= 3.7.1.4 - Authentication Bypass,< 3.7.1.4,3.7.1.4,00003.00007.00001.00004,critical,,https://github.com/MrjHaxcore/CVE-2025-34077
wp_plugin,ti-woocommerce-wishlist,CVE-2025-47577,CVE-2025-47577,TI WooCommerce Wishlist <= 2.9.2 - Arbitrary File Upload,< 2.9.2,2.9.2,00002.00009.00002,high,9.8,https://patchstack.com/articles/unpatched-critical-vulnerability-in-ti-woocommerce-wishlist-plugin/
wp_plugin,ajax-load-more,CVE-2025-59582,CVE-2025-59582,Ajax Load More < 7.6.1 - Unauthenticated Sensitive Information Exposure,< 7.6.1,7.6.1,00007.00006.00001,medium,,https://www.wordfence.com/threat-intel/vulnerabilities/wordpress-plugins/ajax-load-more/ajax-load-more-7602-unauthenticated-sensitive-information-exposure
wp_plugin,post-smtp,CVE-2025-11833,CVE-2025-11833,Post SMTP <= 3.6.0 - Email Log Disclosure,< 3.6.0,3.6.0,00003.00006.00000,critical,9.8,https://github.com/Kazgangap/cve-poc-garage/blob/main/2025/CVE-2025-11833.md
wp_plugin,wp-social,CVE-2025-6389,CVE-2025-6389,Sneeit WP Social WordPress Plugin - Unauthenticated RCE via call_user_func,,,,critical,9.8,https://nvd.nist.gov/vuln/detail/CVE-2025-6389
wp_plugin,psw-login-and-registration,CVE-2025-47646,CVE-2025-47646,PSW Front-end Login & Registration 1.13 - Weak Password Recovery,,,,critical,9.8,https://github.com/RootHarpy/CVE-2025-47646
wp_plugin,the-events-calendar,CVE-2025-9808,CVE-2025-9808,The Events Calendar <= 6.15.2 - Information Disclosure,< 6.15.2,6.15.2,00006.00015.00002,medium,,https://www.wiz.io/vulnerability-database/cve/cve-2025-9808
wp_plugin,suretriggers,CVE-2025-27007,CVE-2025-27007,OttoKit < 1.0.83 - SureTriggers allows Privilege Escalation,< 1.0.83,1.0.83,00001.00000.00083,critical,9.8,https://patchstack.com/articles/additional-critical-ottokit-formerly-suretriggers-vulnerability-patched?_s_id=cve
wp_plugin,wpdirectorykit,CVE-2025-13920,CVE-2025-13920,WP Directory Kit < 1.5.0 - Unauthenticated Email Exposure,< 1.5.0,1.5.0,00001.00005.00000,medium,6.2,https://www.wordfence.com/threat-intel/vulnerabilities/id/8905dcc7-d3c8-4ae8-818c-df3e6ed2ad9c
wp_plugin,1-click-migration,CVE-2025-32257,CVE-2025-32257,1 Click WordPress Migration <= 2.2 - Unauthenticated Information Disclsoure,< 2.2,2.2,00002.00002,medium,,https://wpscan.com/vulnerability/03211216-8cc9-49f9-83da-9fbc57554816/
wp_plugin,instawp-connect,CVE-2025-2636,CVE-2025-2636,InstaWP Connect < 0.1.0.86 - Local PHP File Inclusion,< 0.1.0.86,0.1.0.86,00000.00001.00000.00086,high,9.8,https://wpscan.com/vulnerability/d1b64725-d4ae-4d73-950a-b772a877022b/
wp_plugin,uncanny-automator,CVE-2025-2075,CVE-2025-2075,Uncanny Automator <= 6.3.0.2 - Missing Authorization to Authenticated (Subscriber+) Privilege Escalation,< 6.3.0.2,6.3.0.2,00006.00003.00000.00002,high,8.8,https://www.wordfence.com/blog/2025/04/50000-wordpress-sites-affected-by-privilege-escalation-vulnerability-in-uncanny-automator-wordpress-plugin/
wp_plugin,kubio,CVE-2025-2294,CVE-2025-2294,Kubio AI Page Builder <= 2.5.1 - Local File Inclusion,< 2.5.1,2.5.1,00002.00005.00001,critical,9.8,https://github.com/Nxploited/CVE-2025-2294
wp_plugin,hummingbird-performance,CVE-2025-14437,CVE-2025-14437,WordPress Hummingbird <= 3.18.0 - Sensitive Information Exposure via Log File,< 3.18.0,3.18.0,00003.00018.00000,high,7.5,https://www.wordfence.com/threat-intel/vulnerabilities/wordpress-plugins/hummingbird-performance/hummingbird-3180-unauthenticated-sensitive-information-exposure
wp_plugin,wp-recall,CVE-2025-1323,CVE-2025-1323,WP-Recall – Plugin <= 16.26.10 - Unauthenticated SQL Injection,< 16.26.10,16.26.10,00016.00026.00010,high,7.5,https://www.wordfence.com/threat-intel/vulnerabilities/wordpress-plugins/wp-recall/wp-recall-registration-profile-commerce-more-162610-unauthenticated-sql-injec
wp_plugin,broadstreet,CVE-2025-4652,CVE-2025-4652,Broadstreet WordPress plugin - Reflected XSS,,,,medium,6.1,https://wpscan.com/vulnerability/2a18ab96-ba95-4599-824f-df12e4851e6d/
wp_plugin,wc-checkout-getnet,CVE-2025-1303,CVE-2025-1303,Plugin Oficial – Getnet para WooCommerce <= 1.8.0 - Cross-Site Scripting,< 1.8.0,1.8.0,00001.00008.00000,medium,,https://nvd.nist.gov/vuln/detail/CVE-2025-1303
wp_plugin,ap-plugin-scripteo,CVE-2025-4380,CVE-2025-4380,Ads Pro Plugin <= 4.89 - Local File Inclusion,< 4.89,4.89,00004.00089,critical,9.8,https://wpscan.com/vulnerability/63964564-73e6-45e2-8145-33e2e30d1d57/
wp_plugin,sureforms,CVE-2025-14437,CVE-2025-12536,SureForms <= 1.13.1 - Sensitive Information Exposure,< 1.13.1,1.13.1,00001.00013.00001,medium,5.3,https://patchstack.com/database/wordpress/plugin/sureforms/vulnerability/wordpress-sureforms-plugin-1-13-1-unauthenticated-sensitive-information-exposure-vulner
wp_plugin,learnpress,CVE-2025-11368,CVE-2025-11368,LearnPress < 4.3.0 - Arbitrary Callback Execution to Information Exposure,< 4.3.0,4.3.0,00004.00003.00000,medium,5.3,https://wpscan.com/vulnerability/5c40d803-87b3-437b-b514-1e85b43371a0/
wp_plugin,ai-engine,CVE-2025-11749,CVE-2025-11749,WordPress AI Engine Plugin - Token Exposure,,,,critical,9.8,https://www.wordfence.com/blog/2025/11/100000-wordpress-sites-affected-by-privilege-escalation-vulnerability-in-ai-engine-wordpress-plugin/
wp_plugin,social-photo-feed-widget,CVE-2025-14726,CVE-2025-14726,WordPress Widgets for Social Photo Feed <= 1.8 - Information Disclosure,< 1.8,1.8,00001.00008,medium,6.5,https://www.wordfence.com/threat-intel/vulnerabilities/wordpress-plugins/social-photo-feed-widget/widgets-for-social-photo-feed-18-missing-authentication-to-una
wp_plugin,posts-like-dislike,CVE-2025-5287,CVE-2025-5287,Likes and Dislikes Plugin <= 1.0.0 - Unauthenticated SQL Injection,< 1.0.0,1.0.0,00001.00000.00000,high,7.5,https://plugins.trac.wordpress.org/browser/inprosysmedia-likes-dislikes-post/trunk/inprosysmedia-likes-dislikes-post.php#L76
wp_plugin,ioncube-tester-plus,CVE-2025-69411,CVE-2025-69411,ionCube Tester Plus <= 1.3 - Local File Inclusion,< 1.3,1.3,00001.00003,high,7.5,https://www.wordfence.com/threat-intel/vulnerabilities/wordpress-plugins/ioncube-tester-plus/ioncube-tester-plus-13-unauthenticated-arbitrary-file-download
wp_plugin,wp-skitter-slideshow,CVE-2025-28906,CVE-2025-28906,Skitter Slideshow <= 2.5.2 - Authenticated (Administrator+) Stored Cross-Site Scripting,< 2.5.2,2.5.2,00002.00005.00002,medium,5.9,https://www.wordfence.com/threat-intel/vulnerabilities/wordpress-plugins/wp-skitter-slideshow/skitter-slideshow-252-authenticated-administrator-stored-cross-sit
wp_plugin,broken-link-notifier,CVE-2025-6851,CVE-2025-6851,WordPress Broken Link Notifier < 1.3.1 - Unauthenticated SSRF,< 1.3.1,1.3.1,00001.00003.00001,high,7.5,https://nvd.nist.gov/vuln/detail/CVE-2025-6851
wp_plugin,yoco-payment-gateway,CVE-2025-13801,CVE-2025-13801,Yoco Payments <= 3.8.8 - Path Traversal,< 3.8.8,3.8.8,00003.00008.00008,high,7.5,
wp_plugin,stop-user-enumeration,CVE-2025-4302,CVE-2025-4302,Stop User Enumeration WordPress plugin - Authentication Bypass,,,,medium,5.3,https://wpscan.com/vulnerability/19f67d6e-4ffe-4126-ac42-fb23c5017a3e/
wp_plugin,user-registration,CVE-2025-2563,CVE-2025-2563,User Registration & Membership <= 4.1.1 - Unauthenticated Privilege Escalation,< 4.1.1,4.1.1,00004.00001.00001,critical,9.8,https://www.wordfence.com/threat-intel/vulnerabilities/wordpress-plugins/user-registration/user-registration-membership-411-unauthenticated-privilege-escalation
wp_plugin,hypercomments,CVE-2025-5701,CVE-2025-5701,HyperComments <= 1.2.2 - Arbitrary Options Update,< 1.2.2,1.2.2,00001.00002.00002,critical,9.8,https://github.com/Nxploited/CVE-2025-5701/blob/main/CVE-2025-5701.py
wp_plugin,featured-image-from-url,CVE-2025-9985,CVE-2025-9985,Featured Image from URL (FIFU) <= 5.2.7 - Unauthenticated Information Exposure via Log File,< 5.2.7,5.2.7,00005.00002.00007,medium,,
wp_plugin,woocommerce-delivery-notes,CVE-2025-13773,CVE-2025-13773,WordPress Print Invoice & Delivery Notes for WooCommerce <= 5.8.0 - Remote Code Execution,< 5.8.0,5.8.0,00005.00008.00000,critical,9.8,https://www.wordfence.com/threat-intel/vulnerabilities/id/e52b34fe-2414-4d6f-bf43-9c5b65ebf769
wp_plugin,bookit,CVE-2025-12841,CVE-2025-12841,WordPress Bookit < 2.5.1 - Unauthenticated Stripe Settings Update,< 2.5.1,2.5.1,00002.00005.00001,high,8.2,https://wpscan.com/vulnerability/60cb3d5f-1aa5-4858-ab84-07fe7c023fdd/
wp_plugin,depicter,CVE-2025-2011,CVE-2025-2011,Slider & Popup Builder by Depicter <= 3.6.1 - Unauthenticated SQL Injection,< 3.6.1,3.6.1,00003.00006.00001,high,7.5,https://plugins.trac.wordpress.org/browser/depicter/trunk/app/src/Controllers/Ajax/LeadsAjaxController.php?rev=3156664#L179
wp_plugin,drag-and-drop-multiple-file-upload-contact-form-7,CVE-2025-3515,CVE-2025-3515,Contact Form 7 Drag and Drop Multiple File Upload - Arbitrary File Upload,,,,high,8.1,https://nvd.nist.gov/vuln/detail/CVE-2025-3515
wp_plugin,trinity-audio,CVE-2025-9196,CVE-2025-9196,Trinity Audio <= 5.21.0 - Information Exposure,< 5.21.0,5.21.0,00005.00021.00000,medium,5.3,https://www.wordfence.com/threat-intel/vulnerabilities/wordpress-plugins/trinity-audio/trinity-audio-5210-unauthenticated-information-exposure
wp_plugin,eventon-lite,CVE-2025-32614,CVE-2025-32614,EventON Lite <= 2.4 - Authenticated Local File Inclusion,< 2.4,2.4,00002.00004,high,8.8,https://www.wordfence.com/threat-intel/vulnerabilities/wordpress-plugins/eventon-lite/eventon-241-authenticated-contributor-local-file-inclusion
wp_plugin,events-manager,CVE-2025-6970,CVE-2025-6970,WordPress Events Manager <= 7.0.3 - SQL Injection,< 7.0.3,7.0.3,00007.00000.00003,critical,9.8,https://wpscan.com/vulnerability/CVE-2025-6970
wp_plugin,frontend-login-and-registration-blocks,CVE-2025-3605,CVE-2025-3605,WordPress Frontend Login and Registration Blocks Plugin 1.0.7 - Privilege Escalation,,,,critical,9.8,https://wordpress.org/plugins/frontend-login-and-registration-blocks/
wp_plugin,ditty-news-ticker,CVE-2025-8085,CVE-2025-8085,Ditty < 3.1.58 - Server-Side Request Forgery,< 3.1.58,3.1.58,00003.00001.00058,high,,https://wpscan.com/vulnerability/f42c37bb-1ae0-49ab-bd81-7864dff0fcff/
wp_theme,motors,CVE-2025-4322,CVE-2025-4322,Motors <= 5.6.67 - Unauthenticated Privilege Escalation via Password Update/Account Takeover,< 5.6.67,5.6.67,00005.00006.00067,critical,9.8,http://themeforest.net/item/motors-car-dealership-wordpress-theme/13987211
wp_plugin,integrate-google-drive,CVE-2025-12139,CVE-2025-12139,Integrate Google Drive <= 1.5.3 - Information Disclosure,< 1.5.3,1.5.3,00001.00005.00003,high,7.5,https://wordpress.org/plugins/integrate-google-drive/
wp_plugin,wp-marketing-automations,CVE-2025-1562,CVE-2025-1562,"Recover WooCommerce Cart Abandonment, Newsletter, Email Marketing, Marketing Automation By FunnelKit - Broken Access Con",,,,critical,9.8,https://www.wordfence.com/threat-intel/vulnerabilities/wordpress-plugins/wp-marketing-automations/recover-woocommerce-cart-abandonment-newsletter-email-marketin
wp_plugin,eventin,CVE-2025-47539,CVE-2025-47539,Eventin <= 4.0.26 - Privilege Escalation,< 4.0.26,4.0.26,00004.00000.00026,critical,9.8,https://patchstack.com/database/vulnerability/eventin/wordpress-eventin-plugin-4-0-26-unauthenticated-privilege-escalation-vulnerability
wp_plugin,woocommerce-products-filter,CVE-2025-1661,CVE-2025-1661,HUSKY – Products Filter Professional for WooCommerce <= 1.3.6.5 - Unauthenticated Local File Inclusion,< 1.3.6.5,1.3.6.5,00001.00003.00006.00005,critical,9.8,https://www.wordfence.com/threat-intel/vulnerabilities/wordpress-plugins/woocommerce-products-filter/husky-products-filter-professional-for-woocommerce-1365-una
wp_plugin,wpdirectorykit,CVE-2025-13390,CVE-2025-13390,WP Directory Kit <= 1.4.4 - Authentication Bypass,< 1.4.4,1.4.4,00001.00004.00004,critical,10.0,https://plugins.trac.wordpress.org/browser/wpdirectorykit/trunk/actions.php#L116
wp_plugin,jobwp,CVE-2025-2010,CVE-2025-2010,WordPress JobWP Plugin <= 2.3.9 - SQL Injection,< 2.3.9,2.3.9,00002.00003.00009,critical,7.5,https://wpscan.com/vulnerability/26713902-26d8-47e3-b651-fe30d9898270/
wp_plugin,opal-estate-pro,CVE-2025-6934,CVE-2025-6934,The Opal Estate Pro – Property Management <= 1.7.5 - Unauthenticated Privilege Escalation,< 1.7.5,1.7.5,00001.00007.00005,critical,9.8,https://github.com/Nxploited/CVE-2025-6934/blob/main/README.md
wp_plugin,interactive-3d-flipbook-powered-physics-engine,CVE-2025-58226,CVE-2025-58226,WordPress 3D FlipBook Plugin <= 1.16.17 - Sensitive Information Exposure,< 1.16.17,1.16.17,00001.00016.00017,medium,,https://www.wordfence.com/threat-intel/vulnerabilities/wordpress-plugins/interactive-3d-flipbook-powered-physics-engine/
wp_plugin,export-wp-page-to-static-html,CVE-2025-11693,CVE-2025-11693,Export WP Page to Static HTML <= 4.3.4 - Cookie Exposure,< 4.3.4,4.3.4,00004.00003.00004,critical,9.8,https://www.wordfence.com/threat-intel/vulnerabilities/wordpress-plugins/export-wp-page-to-static-html/export-wp-page-to-static-html-pdf-434-unauthenticated-coo
wp_plugin,wpbookit,CVE-2025-6058,CVE-2025-6058,WPBookit <= 1.0.4 - Unauthenticated Arbitrary File Upload,< 1.0.4,1.0.4,00001.00000.00004,critical,,https://wordpress.org/plugins/wpbookit/
wp_plugin,ip2location-country-blocker,CVE-2025-1361,CVE-2025-1361,IP2Location Country Blocker < 2.38.9 - Unauthenticated Information Disclosure,< 2.38.9,2.38.9,00002.00038.00009,high,7.5,https://www.wordfence.com/threat-intel/vulnerabilities/id/b63bc2b6-1abc-4cfa-a7e5-3995640f66a7
wp_plugin,order-delivery-date-for-woocommerce,CVE-2025-2907,CVE-2025-2907,Order Delivery Date Pro for WooCommerce < 12.3.1 - Arbitrary Option Update,< 12.3.1,12.3.1,00012.00003.00001,critical,9.8,https://wpscan.com/vulnerability/2e513930-ec01-4dc6-8991-645c5267e14c/
wp_plugin,qwiz-online-quizzes-and-flashcards,CVE-2025-6174,CVE-2025-6174,WordPress Qwizcards < 3.95 - Cross-Site Scripting (Reflected),< 3.95,3.95,00003.00095,medium,6.1,https://wpscan.com/vulnerability/ff827f67-712e-4ab6-b6aa-7f5e6ff1283a/
wp_plugin,custom-login-and-signup-widget,CVE-2025-49029,CVE-2025-49029,WordPress Custom Login And Signup Widget Plugin <= 1.0 - Arbitrary Code Execution,< 1.0,1.0,00001.00000,high,,https://github.com/Nxploited/CVE-2025-49029
wp_plugin,simple-user-registration,CVE-2025-4334,CVE-2025-4334,Simple User Registration <= 6.3 - Unauthenticated Privilege Escalation,< 6.3,6.3,00006.00003,critical,9.8,https://github.com/Nxploited/CVE-2025-4334
wp_theme,the-wound,CVE-2025-2558,CVE-2025-2558,WordPress The Wound Theme <= 0.0.1 - Local File Inclusion,< 0.0.1,0.0.1,00000.00000.00001,high,8.6,https://wpscan.com/vulnerability/6a8e1c89-a01d-4347-91fc-ba454784b153/
wp_plugin,acf-extended,CVE-2025-13486,CVE-2025-13486,Advanced Custom Fields Extended < 0.9.2 - Remote Code Execution,< 0.9.2,0.9.2,00000.00009.00002,critical,9.8,https://www.wordfence.com/blog/2025/12/100000-wordpress-sites-affected-by-remote-code-execution-vulnerability-in-advanced-custom-fields-extended-wordpress-plugi
wp_plugin,restropress,CVE-2025-9209,CVE-2025-9209,RestroPress 3.0.0-3.2.1 - Authentication Bypass,,,,critical,9.8,https://www.wordfence.com/threat-intel/vulnerabilities/wordpress-plugins/restropress/restropress-online-food-ordering-system-300-3192-unauthenticated-informatio
wp_theme,madara,CVE-2025-4524,CVE-2025-4524,WordPress Madara Theme < 2.2.2.1 - Local File Inclusion,< 2.2.2.1,2.2.2.1,00002.00002.00002.00001,high,9.1,https://www.wordfence.com/threat-intel/vulnerabilities/id/a3ee01da-218a-421d-8f9c-1dc6c056ef74
wp_plugin,feedback-modal-for-website,CVE-2025-13528,CVE-2025-13528,Feedback Modal for Website <= 1.0.1 - Unauthenticated Feedback Export,< 1.0.1,1.0.1,00001.00000.00001,medium,,https://wpscan.com/vulnerability/fbba8734-482e-4c22-9ee9-12e807a68ccc/
wp_plugin,learnpress,CVE-2025-13956,CVE-2025-13956,LearnPress < 4.3.2 - Broken Access Control,< 4.3.2,4.3.2,00004.00003.00002,medium,5.3,https://wpscan.com/vulnerability/b4c0e309-45d1-4b00-875d-ec8a76910253/
wp_plugin,premium-addons-for-elementor,CVE-2025-14155,CVE-2025-14155,Premium Addons for Elementor - Unauthenticated Information Disclosure,,,,medium,5.3,https://nvd.nist.gov/vuln/detail/CVE-2025-14155
wp_plugin,tlp-team,CVE-2025-14124,CVE-2025-14124,Team WordPress Plugin (TLP Team) <= 5.0.9 - SQL Injection,< 5.0.9,5.0.9,00005.00000.00009,high,8.6,https://www.wordfence.com/threat-intel/vulnerabilities/wordpress-plugins/tlp-team/team-509-unauthenticated-sql-injection
wp_plugin,photo-gallery,CVE-2022-1281,CVE-2022-1281,Photo Gallery WordPress v1.6.3 - SQL Injection,,,,critical,9.8,https://wpscan.com/vulnerability/2b4866f2-f511-41c6-8135-cf1e0263d8de
wp_plugin,cryptocurrency-widgets-pack,CVE-2022-44588,CVE-2022-44588,Cryptocurrency Widgets Pack <= 1.8.1 - SQL Injection,< 1.8.1,1.8.1,00001.00008.00001,critical,9.8,https://nvd.nist.gov/vuln/detail/CVE-2022-44588
wp_plugin,vr-calendar-sync,CVE-2022-2314,CVE-2022-2314,WordPress VR Calendar <=2.3.2 - Remote Code Execution,< 2.3.2,2.3.2,00002.00003.00002,critical,9.8,https://wpscan.com/vulnerability/b22fe77c-844e-4c24-8023-014441cc1e82
wp_plugin,duplicator,CVE-2022-2551,CVE-2022-2551,WordPress Duplicator <1.4.7 - Authentication Bypass,< 1.4.7,1.4.7,00001.00004.00007,high,7.5,https://wpscan.com/vulnerability/f27d753e-861a-4d8d-9b9a-6c99a8a7ebe0
wp_plugin,ditty-news-ticker,CVE-2022-0533,CVE-2022-0533,Ditty (formerly Ditty News Ticker) < 3.0.15 - Cross-Site Scripting,< 3.0.15,3.0.15,00003.00000.00015,medium,6.1,https://wpscan.com/vulnerability/40f36692-c898-4441-ad24-2dc17856bd74
wp_plugin,documentor-lite,CVE-2022-0773,CVE-2022-0773,Documentor <= 1.5.3 - Unauthenticated SQL Injection,< 1.5.3,1.5.3,00001.00005.00003,critical,9.8,https://wpscan.com/vulnerability/55b89de0-30ed-4f98-935e-51f069faf6fc
wp_plugin,ubigeo-peru,CVE-2022-0814,CVE-2022-0814,Ubigeo de Peru < 3.6.4 - SQL Injection,< 3.6.4,3.6.4,00003.00006.00004,critical,9.8,https://wpscan.com/vulnerability/fd84dc08-0079-4fcf-81c3-a61d652e3269
wp_plugin,wpb-show-core,CVE-2022-3484,CVE-2022-3484,WordPress WPB Show Core - Cross-Site Scripting,,,,medium,6.1,https://wpscan.com/vulnerability/3afaed61-6187-4915-acf0-16e79d5c2464
wp_plugin,searchwp-live-ajax-search,CVE-2022-2535,CVE-2022-2535,SearchWP Live Ajax Search < 1.6.2 - Unauthenticated Arbitrary Post Title Disclosure,< 1.6.2,1.6.2,00001.00006.00002,medium,5.3,https://wpscan.com/vulnerability/0e13c375-044c-4c2e-ab8e-48cb89d90d02
wp_plugin,wp-statistics,CVE-2022-25148,CVE-2022-25148,WordPress Plugin WP Statistics <= 13.1.5 - SQL Injection,< 13.1.5,13.1.5,00013.00001.00005,critical,9.8,https://wordpress.org/plugins/wp-statistics/
wp_plugin,video-synchro-pdf,CVE-2022-1392,CVE-2022-1392,WordPress Videos sync PDF <=1.7.4 - Local File Inclusion,< 1.7.4,1.7.4,00001.00007.00004,high,7.5,https://wpscan.com/vulnerability/fe3da8c1-ae21-4b70-b3f5-a7d014aa3815
wp_plugin,stopbadbots,CVE-2022-0949,CVE-2022-0949,WordPress Stop Bad Bots <6.930 - SQL Injection,< 6.930,6.930,00006.00930,critical,9.8,https://wpscan.com/vulnerability/a0fbb79a-e160-49df-9cf2-18ab64ea66cb
wp_plugin,youzify,CVE-2022-1950,CVE-2022-1950,Youzify < 1.2.0 - Unauthenticated SQLi,< 1.2.0,1.2.0,00001.00002.00000,critical,9.8,https://wpscan.com/vulnerability/4352283f-dd43-4827-b417-0c55d0f4637d/
wp_plugin,wp-custom-pages,CVE-2022-0899,CVE-2022-0899,Header Footer Code Manager < 1.1.24 - Cross-Site Scripting,< 1.1.24,1.1.24,00001.00001.00024,medium,6.1,https://wpscan.com/vulnerability/1772417a-1abb-4d97-9694-1254840defd1
wp_plugin,woocommerce-dropshipping,CVE-2022-3481,CVE-2022-3481,NotificationX Dropshipping < 4.4 - SQL Injection,< 4.4,4.4,00004.00004,critical,4.3,https://wpscan.com/vulnerability/c5e395f8-257e-49eb-afbd-9c1e26045373
wp_plugin,simple-membership,CVE-2022-1724,CVE-2022-1724,WordPress Simple Membership <4.1.1 - Cross-Site Scripting,< 4.1.1,4.1.1,00004.00001.00001,medium,6.1,https://wpscan.com/vulnerability/96a0a667-9c4b-4ea6-b78a-0681e9a9bbae
wp_plugin,crm-perks-forms,CVE-2022-38467,CVE-2022-38467,CRM Perks Forms < 1.1.1 - Cross Site Scripting,< 1.1.1,1.1.1,00001.00001.00001,medium,6.1,https://wpscan.com/vulnerability/4b128c9c-366e-46af-9dd2-e3a9624e3a53
wp_plugin,learnpress,CVE-2022-0271,CVE-2022-0271,LearnPress <4.1.6 - Cross-Site Scripting,< 4.1.6,4.1.6,00004.00001.00006,medium,6.1,https://wpscan.com/vulnerability/ad07d9cd-8a75-4f7c-bbbe-3b6b89b699f2
wp_plugin,metform,CVE-2022-1442,CVE-2022-1442,WordPress Metform <=2.1.3 - Information Disclosure,< 2.1.3,2.1.3,00002.00001.00003,high,7.5,https://gist.github.com/Xib3rR4dAr/6e6c6e5fa1f8818058c7f03de1eda6bf
wp_plugin,newsletter,CVE-2022-1756,CVE-2022-1756,Newsletter < 7.4.5 - Cross-Site Scripting,< 7.4.5,7.4.5,00007.00004.00005,medium,6.1,https://wpscan.com/vulnerability/6ad407fe-db2b-41fb-834b-dd8c4f62b072
wp_plugin,digiproveblog,CVE-2022-1906,CVE-2022-1906,WordPress Copyright Proof <=4.16 - Cross-Site-Scripting,< 4.16,4.16,00004.00016,medium,6.1,https://wpscan.com/vulnerability/af4f459e-e60b-4384-aad9-0dc18aa3b338
wp_plugin,wp-user,CVE-2022-4049,CVE-2022-4049,WP User <= 7.0 - Unauthenticated SQLi,< 7.0,7.0,00007.00000,critical,9.8,https://wpscan.com/vulnerability/9b0781e2-ad62-4308-bafc-d45b9a2472be
wp_plugin,wpqa,CVE-2022-1597,CVE-2022-1597,WordPress WPQA <5.4 - Cross-Site Scripting,< 5.4,5.4,00005.00004,medium,6.1,https://wpscan.com/vulnerability/faff9484-9fc7-4300-bdad-9cd8a30a9a4e
wp_plugin,pdf-generator-for-wp,CVE-2022-4321,CVE-2022-4321,PDF Generator for WordPress < 1.1.2 - Cross Site Scripting,< 1.1.2,1.1.2,00001.00001.00002,medium,6.1,https://wpscan.com/vulnerability/6ac1259c-86d9-428b-ba98-7f3d07910644
wp_plugin,elementor,CVE-2022-29455,CVE-2022-29455,WordPress Elementor Website Builder <= 3.5.5 - DOM Cross-Site Scripting,< 3.5.5,3.5.5,00003.00005.00005,medium,6.1,https://rotem-bar.com/hacking-65-million-websites-greater-cve-2022-29455-elementor
wp_plugin,infographic-and-list-builder-ilist,CVE-2022-0747,CVE-2022-0747,Infographic Maker iList < 4.3.8 - SQL Injection,< 4.3.8,4.3.8,00004.00003.00008,critical,9.8,https://wpscan.com/vulnerability/a8575322-c2cf-486a-9c37-71a22167aac3
wp_plugin,cab-fare-calculator,CVE-2022-1391,CVE-2022-1391,WordPress Cab fare calculator < 1.0.4 - Local File Inclusion,< 1.0.4,1.0.4,00001.00000.00004,critical,9.8,https://www.exploit-db.com/exploits/50843
wp_plugin,show-all-comments-in-one-page,CVE-2022-4295,CVE-2022-4295,Show all comments < 7.0.1 - Cross-Site Scripting,< 7.0.1,7.0.1,00007.00000.00001,medium,6.1,https://wpscan.com/vulnerability/4ced1a4d-0c1f-42ad-8473-241c68b92b56
wp_plugin,transposh-translation-filter-for-wordpress,CVE-2022-2461,CVE-2022-2461,Transposh WordPress Translation <= 1.0.8 - Unauthenticated Settings Change,< 1.0.8,1.0.8,00001.00000.00008,medium,5.3,https://wpscan.com/vulnerability/56a961b0-66b7-4dbf-a0e4-0cd38c9aa8dd/
wp_plugin,admin-word-count-column,CVE-2022-1390,CVE-2022-1390,WordPress Admin Word Count Column 2.2 - Local File Inclusion,,,,critical,9.8,https://packetstormsecurity.com/files/166476/WordPress-Admin-Word-Count-Column-2.2-Local-File-Inclusion.html
wp_plugin,download-monitor,CVE-2022-45354,CVE-2022-45354,Download Monitor <= 4.7.60 - Sensitive Information Exposure,< 4.7.60,4.7.60,00004.00007.00060,high,7.5,https://github.com/RandomRobbieBF/CVE-2022-45354
wp_plugin,wp-statistics,CVE-2022-25149,CVE-2022-25149,WordPress Plugin WP Statistics <= 13.1.5 - SQL Injection,< 13.1.5,13.1.5,00013.00001.00005,high,7.5,https://wordpress.org/plugins/wp-statistics/
wp_plugin,usc-e-shop,CVE-2022-41840,CVE-2022-41840,Welcart eCommerce <=2.7.7 - Local File Inclusion,< 2.7.7,2.7.7,00002.00007.00007,critical,9.8,https://patchstack.com/database/vulnerability/usc-e-shop/wordpress-welcart-e-commerce-plugin-2-7-7-unauth-directory-traversal-vulnerability
wp_plugin,simple-file-list,CVE-2022-1119,CVE-2022-1119,WordPress Simple File List <3.2.8 - Local File Inclusion,< 3.2.8,3.2.8,00003.00002.00008,high,7.5,https://wpscan.com/vulnerability/5551038f-64fb-44d8-bea0-d2f00f04877e
wp_plugin,formcraft3,CVE-2022-0591,CVE-2022-0591,Formcraft3 <3.8.28 - Server-Side Request Forgery,< 3.8.28,3.8.28,00003.00008.00028,critical,9.1,https://wpscan.com/vulnerability/b5303e63-d640-4178-9237-d0f524b13d47
wp_plugin,arprice-responsive-pricing-table,CVE-2022-0867,CVE-2022-0867,WordPress ARPrice <3.6.1 - SQL Injection,< 3.6.1,3.6.1,00003.00006.00001,critical,9.8,https://wpscan.com/vulnerability/62803aae-9896-410b-9398-3497a838e494
wp_plugin,udraw,CVE-2022-0656,CVE-2022-0656,uDraw <3.3.3 - Local File Inclusion,< 3.3.3,3.3.3,00003.00003.00003,high,7.5,https://wpscan.com/vulnerability/925c4c28-ae94-4684-a365-5f1e34e6c151
wp_plugin,wp-stats-manager,CVE-2022-33965,CVE-2022-33965,WordPress Visitor Statistics <=5.7 - SQL Injection,< 5.7,5.7,00005.00007,critical,9.8,https://patchstack.com/database/vulnerability/wp-stats-manager/wordpress-wp-visitor-statistics-plugin-5-7-multiple-unauthenticated-sql-injection-sqli-vulnerabil
wp_plugin,miniorange-limit-login-attempts,CVE-2022-1029,CVE-2022-1029,Limit Login Attempts - Stored Cross-Site Scripting,,,,medium,4.8,https://nvd.nist.gov/vuln/detail/CVE-2022-1029
wp_plugin,panda-pods-repeater-field,CVE-2022-4306,CVE-2022-4306,WordPress Panda Pods Repeater Field <1.5.4 - Cross-Site Scripting,< 1.5.4,1.5.4,00001.00005.00004,medium,5.4,https://wpscan.com/vulnerability/18d7f9af-7267-4723-9d6f-05b895c94dbe
wp_plugin,popup-by-supsystic,CVE-2022-0424,CVE-2022-0424,Popup by Supsystic < 1.10.9 - Subscriber Email Addresses Disclosure,< 1.10.9,1.10.9,00001.00010.00009,medium,5.3,https://wpscan.com/vulnerability/1e4593fd-51e5-43ca-a244-9aaef3804b9f/
wp_plugin,popup-builder,CVE-2022-0228,CVE-2022-0228,Popup Builder < 4.0.7 - SQL Injection,< 4.0.7,4.0.7,00004.00000.00007,high,7.2,https://wpscan.com/vulnerability/22facac2-52f4-4e5f-be59-1d2934b260d9
wp_plugin,multiple-shipping-address-woocommerce,CVE-2022-0783,CVE-2022-0783,Multiple Shipping Address Woocommerce < 2.0 - SQL Injection,< 2.0,2.0,00002.00000,high,8.6,https://wpscan.com/vulnerability/4d594424-8048-482d-b61c-45be1e97a8ba/
wp_plugin,sassy-social-share,CVE-2022-4971,CVE-2022-4971,Sassy Social Share <= 3.3.3 - Cross-Site Scripting,< 3.3.3,3.3.3,00003.00003.00003,medium,6.1,https://www.wordfence.com/threat-intel/vulnerabilities/id/85277960-2bba-4cd7-9f4c-e04f6743b96c?source=cve
wp_plugin,wpqa,CVE-2022-1598,CVE-2022-1598,WordPress WPQA <5.5 - Improper Access Control,< 5.5,5.5,00005.00005,medium,5.3,https://wpscan.com/vulnerability/0416ae2f-5670-4080-a88d-3484bb19d8c8
wp_plugin,autoptimize,CVE-2022-4057,CVE-2022-4057,Autoptimize < 3.1.0 - Information Disclosure,< 3.1.0,3.1.0,00003.00001.00000,medium,5.3,https://wpscan.com/vulnerability/95ee1b9c-1971-4c35-8527-5764e9ed64af
wp_plugin,gallery-album,CVE-2022-1946,CVE-2022-1946,WordPress Gallery <2.0.0 - Cross-Site Scripting,< 2.0.0,2.0.0,00002.00000.00000,medium,6.1,https://wpscan.com/vulnerability/0903920c-be2e-4515-901f-87253eb30940
wp_theme,newspaper,CVE-2022-2627,CVE-2022-2627,WordPress Newspaper < 12 - Cross-Site Scripting,,,,medium,6.1,https://wpscan.com/vulnerability/038327d0-568f-4011-9b7e-3da39e8b6aea
wp_plugin,nmedia-user-file-uploader,CVE-2022-3124,CVE-2022-3124,Frontend File Manager < 21.3 - Unauthenticated File Renaming,< 21.3,21.3,00021.00003,medium,5.3,https://nvd.nist.gov/vuln/detail/CVE-2022-3124
wp_plugin,woc-order-alert,CVE-2022-0948,CVE-2022-0948,WordPress Order Listener for WooCommerce <3.2.2 - SQL Injection,< 3.2.2,3.2.2,00003.00002.00002,critical,9.8,https://wpscan.com/vulnerability/daad48df-6a25-493f-9d1d-17b897462576
wp_plugin,wpcf7-redirect,CVE-2022-0250,CVE-2022-0250,Redirection for Contact Form 7 < 2.5.0 - Cross-Site Scripting,< 2.5.0,2.5.0,00002.00005.00000,medium,6.1,https://wpscan.com/vulnerability/05700942-3143-4978-89eb-814ceff74867
wp_plugin,photo-gallery,CVE-2022-0169,CVE-2022-0169,Photo Gallery by 10Web < 1.6.0 - SQL Injection,< 1.6.0,1.6.0,00001.00006.00000,critical,9.8,https://wpscan.com/vulnerability/0b4d870f-eab8-4544-91f8-9c5f0538709c
wp_plugin,cryptocurrency-widgets-pack,CVE-2022-4059,CVE-2022-4059,Cryptocurrency Widgets Pack < 2.0 - SQL Injection,< 2.0,2.0,00002.00000,critical,9.8,https://wpscan.com/vulnerability/d94bb664-261a-4f3f-8cc3-a2db8230895d
wp_plugin,wc-multivendor-membership,CVE-2022-4940,CVE-2022-4940,WCFM Membership <= 2.10.0 - Broken Access Control,< 2.10.0,2.10.0,00002.00010.00000,high,7.3,https://www.wordfence.com/threat-intel/vulnerabilities/wordpress-plugins/wc-multivendor-membership/wcfm-membership-2100-missing-authorization
wp_plugin,duplicator,CVE-2022-2552,CVE-2022-2552,Duplicator < 1.4.7.1 - Information Disclosure,< 1.4.7.1,1.4.7.1,00001.00004.00007.00001,medium,5.3,https://wpscan.com/vulnerability/6b540712-fda5-4be6-ae4b-bd30a9d9d698/
wp_plugin,simple-ajax-chat,CVE-2022-27849,CVE-2022-27849,WordPress Simple Ajax Chat <20220116 - Sensitive Information Disclosure vulnerability,,,,high,7.5,https://wordpress.org/plugins/simple-ajax-chat/#developers
wp_plugin,profile-builder,CVE-2022-0653,CVE-2022-0653,Wordpress Profile Builder Plugin Cross-Site Scripting,,,,medium,6.1,https://cve.mitre.org/cgi-bin/cvename.cgi?name=2022-0653
wp_plugin,gwyns-imagemap-selector,CVE-2022-1221,CVE-2022-1221,WordPress Gwyn's Imagemap Selector <=0.3.3 - Cross-Site Scripting,< 0.3.3,0.3.3,00000.00003.00003,medium,6.1,https://wpscan.com/vulnerability/641be9f6-2f74-4386-b16e-4b9488f0d2a9
wp_plugin,login-as-customer-or-user,CVE-2022-4305,CVE-2022-4305,Login as User or Customer < 3.3 - Privilege Escalation,< 3.3,3.3,00003.00003,critical,9.8,https://wpscan.com/vulnerability/286d972d-7bda-455c-a226-fd9ce5f925bd
wp_plugin,site-offline,CVE-2022-1580,CVE-2022-1580,Site Offline WP Plugin < 1.5.3 - Authorization Bypass,< 1.5.3,1.5.3,00001.00005.00003,medium,4.3,https://wpscan.com/vulnerability/7b6f91cd-5a00-49ca-93ff-db7220d2630a/
wp_plugin,learnpress,CVE-2022-47615,CVE-2022-47615,LearnPress Plugin < 4.2.0 - Local File Inclusion,< 4.2.0,4.2.0,00004.00002.00000,critical,9.8,https://github.com/RandomRobbieBF/CVE-2022-47615/tree/main
wp_plugin,cmp-coming-soon-maintenance,CVE-2022-0188,CVE-2022-0188,CMP WordPress < 4.0.19 - Broken Access Control,< 4.0.19,4.0.19,00004.00000.00019,medium,,https://wpscan.com/vulnerability/50b6f770-6f53-41ef-b2f3-2a58e9afd332/
wp_plugin,jeg-elementor-kit,CVE-2022-3805,CVE-2022-3805,Jeg Elementor Kit < 2.5.7 - Unauthenticated Settings Update,< 2.5.7,2.5.7,00002.00005.00007,high,8.6,https://nvd.nist.gov/vuln/detail/CVE-2022-3805
wp_plugin,popup-builder,CVE-2022-0479,CVE-2022-0479,Popup Builder Plugin - SQL Injection and Cross-Site Scripting,,,,critical,9.8,
wp_plugin,learnpress,CVE-2022-45808,CVE-2022-45808,LearnPress Plugin < 4.2.0 - Unauthenticated Time-Based Blind SQLi,< 4.2.0,4.2.0,00004.00002.00000,critical,9.9,https://patchstack.com/database/vulnerability/learnpress/wordpress-learnpress-wordpress-lms-plugin-plugin-4-1-7-3-2-sql-injection?_s_id=cve
wp_plugin,feed-them-social,CVE-2022-2383,CVE-2022-2383,WordPress Feed Them Social <3.0.1 - Cross-Site Scripting,< 3.0.1,3.0.1,00003.00000.00001,medium,6.1,https://wpscan.com/vulnerability/4a3b3023-e740-411c-a77c-6477b80d7531
wp_theme,noo-jobmonster,CVE-2022-1170,CVE-2022-1170,JobMonster < 4.5.2.9 - Cross-Site Scripting,< 4.5.2.9,4.5.2.9,00004.00005.00002.00009,medium,6.1,https://wpscan.com/vulnerability/2ecb18e6-b575-4a20-bd31-94d24f1d1efc
wp_plugin,stock-ticker,CVE-2022-45365,CVE-2022-45365,Stock Ticker <= 3.23.2 - Cross-Site-Scripting,< 3.23.2,3.23.2,00003.00023.00002,medium,6.1,https://www.wordfence.com/threat-intel/vulnerabilities/wordpress-plugins/stock-ticker/stock-ticker-3232-reflected-cross-site-scripting-in-ajax-stockticker-symbo
wp_plugin,mapsvg,CVE-2022-0592,CVE-2022-0592,MapSVG < 6.2.20 - Unauthenticated SQLi,< 6.2.20,6.2.20,00006.00002.00020,critical,9.8,https://wpscan.com/vulnerability/5d8d53ad-dc88-4b50-a292-fc447484c27b/
wp_plugin,woocommerce-currency-switcher,CVE-2022-0234,CVE-2022-0234,WordPress WOOCS < 1.3.7.5 - Cross-Site Scripting,< 1.3.7.5,1.3.7.5,00001.00003.00007.00005,medium,6.1,https://wpscan.com/vulnerability/fd568a1f-bd51-41bb-960d-f8573b84527b
wp_plugin,nex-forms-express-wp-form-builder,CVE-2022-3142,CVE-2022-3142,NEX-Forms Plugin < 7.9.7 - SQL Injection,< 7.9.7,7.9.7,00007.00009.00007,high,8.8,https://wpscan.com/vulnerability/8acc0fc6-efe6-4662-b9ac-6342a7823328/
wp_plugin,usc-e-shop,CVE-2022-4140,CVE-2022-4140,WordPress Welcart e-Commerce <2.8.5 - Arbitrary File Access,< 2.8.5,2.8.5,00002.00008.00005,high,7.5,https://wpscan.com/vulnerability/0d649a7e-3334-48f7-abca-fff0856e12c7
wp_plugin,download-manager,CVE-2022-2168,CVE-2022-2168,WordPress Download Manager < 3.2.44 - Authenticated Cross-Site Scripting,< 3.2.44,3.2.44,00003.00002.00044,medium,6.1,https://wpscan.com/vulnerability/66789b32-049e-4440-8b19-658649851010/
wp_plugin,embed-swagger,CVE-2022-0381,CVE-2022-0381,WordPress Embed Swagger <=1.0.0 - Cross-Site Scripting,< 1.0.0,1.0.0,00001.00000.00000,medium,6.1,https://gist.github.com/Xib3rR4dAr/4b3ea7960914e23c3a875b973a5b37a3
wp_plugin,wp-statistics,CVE-2022-0651,CVE-2022-0651,WordPress Plugin WP Statistics <= 13.1.5 - SQL Injection,< 13.1.5,13.1.5,00013.00001.00005,high,7.5,https://wordpress.org/plugins/wp-statistics/
wp_plugin,wp-jobsearch,CVE-2022-1168,CVE-2022-1168,WordPress WP JobSearch <1.5.1 - Cross-Site Scripting,< 1.5.1,1.5.1,00001.00005.00001,medium,6.1,https://wpscan.com/vulnerability/bcf38e87-011e-4540-8bfb-c93443a4a490
wp_theme,car-repair-services,CVE-2021-24335,CVE-2021-24335,WordPress Car Repair Services & Auto Mechanic Theme <4.0 - Cross-Site Scripting,< 4.0,4.0,00004.00000,medium,6.1,https://themeforest.net/item/car-repair-services-auto-mechanic-wordpress-theme/19823557
wp_plugin,pie-register,CVE-2021-24647,CVE-2021-24647,Pie Register < 3.7.1.6 - Unauthenticated Arbitrary Login,< 3.7.1.6,3.7.1.6,00003.00007.00001.00006,high,8.1,https://nvd.nist.gov/vuln/detail/CVE-2021-24647
wp_plugin,bulletproof-security,CVE-2021-39327,CVE-2021-39327,WordPress BulletProof Security 5.1 Information Disclosure,,,,medium,5.3,https://packetstormsecurity.com/files/164420/wpbulletproofsecurity51-disclose.txt
wp_plugin,paid-memberships-pro,CVE-2021-25114,CVE-2021-25114,WordPress Paid Memberships Pro <2.6.7 - Blind SQL Injection,< 2.6.7,2.6.7,00002.00006.00007,critical,9.8,https://wpscan.com/vulnerability/6c25a5f0-a137-4ea5-9422-8ae393d7b76b
wp_plugin,images-to-webp,CVE-2021-24644,CVE-2021-24644,Images to WebP < 1.9 - Authenticated Local File Inclusion,< 1.9,1.9,00001.00009,high,7.5,https://wpscan.com/vulnerability/5a363eeb-9510-4535-97e2-9dfd3b10d511/
wp_plugin,custom-registration-form-builder-with-submission-manager,CVE-2021-24862,CVE-2021-24862,WordPress RegistrationMagic <5.0.1.6 - Authenticated SQL Injection,< 5.0.1.6,5.0.1.6,00005.00000.00001.00006,high,7.2,https://wpscan.com/vulnerability/7d3af3b5-5548-419d-aa32-1f7b51622615
wp_plugin,miniorange-limit-login-attempts,CVE-2021-24657,CVE-2021-24657,Limit Login Attempts WordPress - Stored Cross-site Scripting,,,,medium,6.1,https://wordpress.org/plugins/miniorange-limit-login-attempts
wp_plugin,contest-gallery,CVE-2021-24915,CVE-2021-24915,Contest Gallery < 13.1.0.6 - SQL injection,< 13.1.0.6,13.1.0.6,00013.00001.00000.00006,critical,9.8,https://wpscan.com/vulnerability/45ee86a7-1497-4c81-98b8-9a8e5b3d4fac
wp_theme,jannah,CVE-2021-24364,CVE-2021-24364,WordPress Jannah Theme <5.4.4 - Cross-Site Scripting,< 5.4.4,5.4.4,00005.00004.00004,medium,6.1,https://wpscan.com/vulnerability/1d53fbe5-a879-42ca-a9d3-768a80018382
wp_plugin,supportcandy,CVE-2021-24878,CVE-2021-24878,SupportCandy < 2.2.7 - Reflected Cross-Site Scripting,< 2.2.7,2.2.7,00002.00002.00007,medium,6.1,https://nvd.nist.gov/vuln/detail/CVE-2021-24878
wp_plugin,imagements,CVE-2021-24236,CVE-2021-24236,WordPress Imagements <=1.2.5 - Arbitrary File Upload,< 1.2.5,1.2.5,00001.00002.00005,critical,9.8,https://wpscan.com/vulnerability/8f24e74f-60e3-4100-9ab2-ec31b9c9cdea
wp_plugin,qubely,CVE-2021-24916,CVE-2021-24916,WordPress Qubely < 1.8.6 - Unauthenticated Email Sending,< 1.8.6,1.8.6,00001.00008.00006,high,5.3,https://wpscan.com/vulnerability/93b893be-59ad-4500-8edb-9fa7a45304d5/
wp_plugin,3dprint-lite,CVE-2021-4436,CVE-2021-4436,3DPrint Lite < 1.9.1.5 - Arbitrary File Upload,< 1.9.1.5,1.9.1.5,00001.00009.00001.00005,critical,9.8,https://wpscan.com/vulnerability/c46ecd0d-a132-4ad6-b936-8acde3a09282/
wp_plugin,wp-user-avatar,CVE-2021-34624,CVE-2021-34624,WordPress ProfilePress 3.0-3.1.3 - Arbitrary File Upload,,,,critical,9.8,https://wpscan.com/vulnerability/e12448ec-84a0-46aa-b280-5d9a80ee1e41/
wp_plugin,profilepress,CVE-2021-34622,CVE-2021-34622,WordPress ProfilePress <= 3.1.3 - Privilege Escalation,< 3.1.3,3.1.3,00003.00001.00003,critical,8.8,https://www.wordfence.com/blog/2021/06/easily-exploitable-critical-vulnerabilities-patched-in-profilepress-plugin/
wp_plugin,pie-register,CVE-2021-24239,CVE-2021-24239,WordPress Pie Register <3.7.0.1 - Cross-Site Scripting,< 3.7.0.1,3.7.0.1,00003.00007.00000.00001,medium,6.1,https://wpscan.com/vulnerability/f1b67f40-642f-451e-a67a-b7487918ee34
wp_plugin,registrations-for-the-events-calendar,CVE-2021-24876,CVE-2021-24876,Registrations for The Events Calendar < 2.7.5 - Authenticated Reflected Cross-Site Scripting,< 2.7.5,2.7.5,00002.00007.00005,medium,6.1,https://nvd.nist.gov/vuln/detail/CVE-2021-24876
wp_plugin,gtranslate,CVE-2021-34630,CVE-2021-34630,GTranslate < 2.8.65 - Cross-Site Scripting,< 2.8.65,2.8.65,00002.00008.00065,medium,6.1,https://wpscan.com/vulnerability/dfac81bb-7807-4288-aee3-43c7653c6446/
wp_plugin,yellow-pencil-visual-theme-customizer,CVE-2021-24934,CVE-2021-24934,Visual CSS Style Editor < 7.5.4 - Cross-Site Scripting,< 7.5.4,7.5.4,00007.00005.00004,medium,6.1,https://wpscan.com/vulnerability/0aa5a8d5-e736-4cd3-abfd-8e0a356bb6ef/
wp_plugin,contact-form-plugin,CVE-2021-24276,CVE-2021-24276,WordPress Supsystic Contact Form <1.7.15 - Cross-Site Scripting,< 1.7.15,1.7.15,00001.00007.00015,medium,6.1,https://wpscan.com/vulnerability/1301123c-5e63-432a-ab90-3221ca532d9c
wp_plugin,marmoset-viewer,CVE-2021-24495,CVE-2021-24495,Wordpress Marmoset Viewer <1.9.3 - Cross-Site Scripting,< 1.9.3,1.9.3,00001.00009.00003,medium,6.1,https://johnjhacking.com/blog/cve-2021-24495-improper-neutralization-of-input-during-web-page-generation-on-id-parameter-in-wordpress-marmoset-viewer-plugin-ver
wp_theme,jannah,CVE-2021-24407,CVE-2021-24407,WordPress Jannah Theme <5.4.5 - Cross-Site Scripting,< 5.4.5,5.4.5,00005.00004.00005,medium,6.1,https://wpscan.com/vulnerability/fba9f010-1202-4eea-a6f5-78865c084153
wp_plugin,ninja-forms,CVE-2021-24165,CVE-2021-24165,WordPress Ninja Forms <3.4.34 - Open Redirect,< 3.4.34,3.4.34,00003.00004.00034,medium,6.1,https://wpscan.com/vulnerability/6147acf5-e43f-47e6-ab56-c9c8be584818
wp_plugin,phastpress,CVE-2021-24210,CVE-2021-24210,WordPress PhastPress <1.111 - Open Redirect,< 1.111,1.111,00001.00111,medium,6.1,https://wpscan.com/vulnerability/9b3c5412-8699-49e8-b60c-20d2085857fb
wp_theme,jnews,CVE-2021-24342,CVE-2021-24342,WordPress JNews Theme <8.0.6 - Cross-Site Scripting,< 8.0.6,8.0.6,00008.00000.00006,medium,6.1,https://wpscan.com/vulnerability/415ca763-fe65-48cb-acd3-b375a400217e
wp_theme,realestate,CVE-2021-24387,CVE-2021-24387,WordPress Pro Real Estate 7 Theme <3.1.1 - Cross-Site Scripting,< 3.1.1,3.1.1,00003.00001.00001,medium,6.1,https://cxsecurity.com/issue/WLB-2021070041
wp_plugin,woocommerce-help-scout,CVE-2021-24212,CVE-2021-24212,WooCommerce Help Scout - Arbitrary File Upload,,,,critical,9.8,https://wpscan.com/vulnerability/cf9305e8-f5bc-45c3-82db-0ef00fd46129/
wp_plugin,popup-by-supsystic,CVE-2021-24275,CVE-2021-24275,Popup by Supsystic <1.10.5 - Cross-Site scripting,< 1.10.5,1.10.5,00001.00010.00005,medium,6.1,https://wpscan.com/vulnerability/efdc76e0-c14a-4baf-af70-9d381107308f
wp_plugin,wp-user-avatar,CVE-2021-24522,CVE-2021-24522,ProfilePress < 3.1.11 - Cross-Site Scripting,< 3.1.11,3.1.11,00003.00001.00011,medium,5.4,https://wpscan.com/vulnerability/25b51add-197c-4aff-b1a8-b92fb11d8697/
wp_plugin,cleantalk-spam-protect,CVE-2021-24295,CVE-2021-24295,"Spam protection, AntiSpam, FireWall by CleanTalk < 5.153.4 - Unauthenticated Blind SQL Injection",< 5.153.4,5.153.4,00005.00153.00004,high,7.5,https://wpscan.com/vulnerability/152171fc-888c-4275-a118-5a1e664ef28b
wp_plugin,photo-gallery,CVE-2021-24291,CVE-2021-24291,WordPress Photo Gallery by 10Web <1.5.69 - Cross-Site Scripting,< 1.5.69,1.5.69,00001.00005.00069,medium,6.1,https://wpscan.com/vulnerability/cfb982b2-8b6d-4345-b3ab-3d2b130b873a
wp_plugin,daggerhart-openid-connect-generic,CVE-2021-24214,CVE-2021-24214,WordPress OpenID Connect Generic Client 3.8.0-3.8.1 - Cross-Site Scripting,,,,medium,6.1,https://wpscan.com/vulnerability/31cf0dfb-4025-4898-a5f4-fc7115565a10
wp_plugin,wp-custom-pages,CVE-2021-24791,CVE-2021-24791,Header Footer Code Manager < 1.1.14 - Admin+ SQL Injection,< 1.1.14,1.1.14,00001.00001.00014,high,7.2,https://nvd.nist.gov/vuln/detail/CVE-2021-24791
wp_plugin,capability-manager-enhanced,CVE-2021-25032,CVE-2021-25032,PublishPress Capabilities < 2.3.1 - Missing Authorization,< 2.3.1,2.3.1,00002.00003.00001,critical,9.8,https://wpscan.com/vulnerability/2f0f1a32-0c7a-48e6-8617-e0b2dcf62727/
wp_plugin,stop-spammer-registrations-plugin,CVE-2021-24245,CVE-2021-24245,WordPress Stop Spammers <2021.9 - Cross-Site Scripting,< 2021.9,2021.9,02021.00009,medium,6.1,https://packetstormsecurity.com/files/162623/WordPress-Stop-Spammers-2021.8-Cross-Site-Scripting.html
wp_plugin,profile-builder,CVE-2021-24527,CVE-2021-24527,Profile Builder < 3.4.9 - Improper Authentication,< 3.4.9,3.4.9,00003.00004.00009,critical,9.8,https://wpscan.com/vulnerability/c142e738-bc4b-4058-a03e-1be6fca47207/
wp_plugin,wpcargo,CVE-2021-25003,CVE-2021-25003,WordPress WPCargo Track & Trace <6.9.0 - Remote Code Execution,< 6.9.0,6.9.0,00006.00009.00000,critical,9.8,https://wpscan.com/vulnerability/5c21ad35-b2fb-4a51-858f-8ffff685de4a
wp_plugin,optinmonster,CVE-2021-39341,CVE-2021-39341,OptinMonster Plugin < 2.6.5 - Unprotected REST-API,< 2.6.5,2.6.5,00002.00006.00005,high,8.2,https://nvd.nist.gov/vuln/detail/CVE-2021-39341
wp_plugin,giveasap,CVE-2021-24298,CVE-2021-24298,WordPress Simple Giveaways <2.36.2 - Cross-Site Scripting,< 2.36.2,2.36.2,00002.00036.00002,medium,6.1,https://codevigilant.com/disclosure/2021/wp-plugin-giveasap-xss/
wp_plugin,sassy-social-share,CVE-2021-24746,CVE-2021-24746,WordPress Sassy Social Share Plugin <3.3.40 - Cross-Site Scripting,< 3.3.40,3.3.40,00003.00003.00040,medium,6.1,https://wpscan.com/vulnerability/99f4fb32-e312-4059-adaf-f4cbaa92d4fa
wp_plugin,prismatic,CVE-2021-24409,CVE-2021-24409,Prismatic < 2.8 - Cross-Site Scripting,< 2.8,2.8,00002.00008,medium,6.1,https://wpscan.com/vulnerability/ae3cd3ed-aecd-4d8c-8a2b-2936aaaef0cf
wp_plugin,tatsu,CVE-2021-25094,CVE-2021-25094,Wordpress Tatsubuilder <= 3.3.11 - Remote Code Execution,< 3.3.11,3.3.11,00003.00003.00011,high,8.1,https://darkpills.com/wordpress-tatsu-builder-preauth-rce-cve-2021-25094/
wp_plugin,contact-form-entries,CVE-2021-25079,CVE-2021-25079,Contact Form Entries < 1.2.4 - Cross-Site Scripting,< 1.2.4,1.2.4,00001.00002.00004,medium,6.1,https://wpscan.com/vulnerability/c3d49271-9656-4428-8357-0d1d77b7fc63
wp_plugin,the-plus-addons-for-elementor-page-builder,CVE-2021-24175,CVE-2021-24175,The Plus Addons for Elementor Page Builder < 4.1.7 - Authentication Bypass,< 4.1.7,4.1.7,00004.00001.00007,critical,9.8,https://wpscan.com/vulnerability/c311feef-7041-4c21-9525-132b9bd32f89/
wp_plugin,g-auto-hyperlink,CVE-2021-24627,CVE-2021-24627,G Auto-Hyperlink <= 1.0.1 - SQL Injection,< 1.0.1,1.0.1,00001.00000.00001,high,7.2,https://wordpress.org/plugins/g-auto-hyperlink/
wp_plugin,ultimate-maps-by-supsystic,CVE-2021-24274,CVE-2021-24274,WordPress Supsystic Ultimate Maps <1.2.5 - Cross-Site Scripting,< 1.2.5,1.2.5,00001.00002.00005,medium,6.1,https://wpscan.com/vulnerability/200a3031-7c42-4189-96b1-bed9e0ab7c1d
wp_plugin,seo-local-rank,CVE-2021-39312,CVE-2021-39312,WordPress True Ranker <2.2.4 - Local File Inclusion,< 2.2.4,2.2.4,00002.00002.00004,high,7.5,https://wpscan.com/vulnerability/d48e723c-e3d1-411e-ab8e-629fe1606c79
wp_plugin,wp-statistics,CVE-2021-24340,CVE-2021-24340,WordPress Statistics <13.0.8 - Blind SQL Injection,< 13.0.8,13.0.8,00013.00000.00008,high,7.5,https://www.exploit-db.com/exploits/49894
wp_plugin,webp-converter-for-media,CVE-2021-25074,CVE-2021-25074,WordPress WebP Converter for Media < 4.0.3 - Unauthenticated Open Redirect,< 4.0.3,4.0.3,00004.00000.00003,medium,6.1,https://wpscan.com/vulnerability/f3c0a155-9563-4533-97d4-03b9bac83164
wp_plugin,custom-facebook-feed,CVE-2021-25065,CVE-2021-25065,Smash Balloon Social Post Feed < 4.1.1 - Authenticated Reflected Cross-Site Scripting,< 4.1.1,4.1.1,00004.00001.00001,medium,5.4,https://wpscan.com/vulnerability/ae1aab4e-b00a-458b-a176-85761655bdcc
wp_plugin,elementor,CVE-2021-24891,CVE-2021-24891,WordPress Elementor Website Builder <3.1.4 - Cross-Site Scripting,< 3.1.4,3.1.4,00003.00001.00004,medium,6.1,https://www.jbelamor.com/xss-elementor-lightox.html
wp_plugin,jh-404-logger,CVE-2021-24176,CVE-2021-24176,WordPress JH 404 Logger <=1.1 - Cross-Site Scripting,< 1.1,1.1,00001.00001,medium,5.4,https://wpscan.com/vulnerability/705bcd6e-6817-4f89-be37-901a767b0585
wp_plugin,wp-automatic,CVE-2021-4374,CVE-2021-4374,WordPress Automatic Plugin - Unauthenticated Options Change,,,,critical,9.8,https://www.wordfence.com/blog/2021/09/critical-vulnerability-fixed-in-wordpress-automatic-plugin/
wp_plugin,fancy-product-designer,CVE-2021-24370,CVE-2021-24370,WordPress Fancy Product Designer <4.6.9 - Arbitrary File Upload,< 4.6.9,4.6.9,00004.00006.00009,critical,9.8,https://www.wordfence.com/blog/2021/06/critical-0-day-in-fancy-product-designer-under-active-attack/
wp_plugin,polls-widget,CVE-2021-24442,CVE-2021-24442,Wordpress Polls Widget < 1.5.3 - SQL Injection,< 1.5.3,1.5.3,00001.00005.00003,critical,9.8,https://wpscan.com/vulnerability/7376666e-9b2a-4239-b11f-8544435b444a/
wp_plugin,paid-memberships-pro,CVE-2021-24979,CVE-2021-24979,Paid Memberships Pro < 2.6.6 - Cross-Site Scripting,< 2.6.6,2.6.6,00002.00006.00006,medium,6.1,https://wpscan.com/vulnerability/fc011990-4ec1-4553-901d-4ff1f482cb79
wp_plugin,download-monitor,CVE-2021-24786,CVE-2021-24786,Download Monitor < 4.4.5 - SQL Injection,< 4.4.5,4.4.5,00004.00004.00005,high,7.2,https://wpscan.com/vulnerability/a6571f16-66d2-449e-af83-1c6ddd56edfa
wp_plugin,wc-multivendor-marketplace,CVE-2021-24849,CVE-2021-24849,WCFM WooCommerce Multivendor Marketplace < 3.4.12 - SQL Injection,< 3.4.12,3.4.12,00003.00004.00012,critical,9.8,https://wpscan.com/vulnerability/763c08a0-4b2b-4487-b91c-be6cc2b9322e/
wp_plugin,shapepress-dsgvo,CVE-2021-42359,CVE-2021-42359,WP DSGVO Tools (GDPR) <= 3.1.23 - Unauthenticated Arbitrary Post Deletion,< 3.1.23,3.1.23,00003.00001.00023,high,7.5,https://www.wordfence.com/blog/2021/11/vulnerability-in-wp-dsgvo-tools-gdpr-plugin-allows-unauthenticated-page-deletion/
wp_theme,bello,CVE-2021-24320,CVE-2021-24320,WordPress Bello Directory & Listing Theme <1.6.0 - Cross-Site Scripting,< 1.6.0,1.6.0,00001.00006.00000,medium,6.1,https://m0ze.ru/vulnerability/%5B2021-03-21%5D-%5BWordPress%5D-%5BCWE-79%5D-Bello-WordPress-Theme-v1.5.9.txt
wp_plugin,qt-kentharadio,CVE-2021-24472,CVE-2021-24472,Onair2 < 3.9.9.2 & KenthaRadio < 2.0.2 - Remote File Inclusion/Server-Side Request Forgery,< 3.9.9.2,3.9.9.2,00003.00009.00009.00002,critical,9.8,https://wpscan.com/vulnerability/17591ac5-88fa-4cae-a61a-4dcf5dc0b72a
wp_plugin,duplicate-page,CVE-2021-24681,CVE-2021-24681,Duplicate Page WordPress - Stored Cross-Site Scripting,,,,medium,4.8,https://wpscan.com/vulnerability/9ebdd1df-1d6f-4399-8b0f-77a79f841464
wp_plugin,registrations-for-the-events-calendar,CVE-2021-24943,CVE-2021-24943,Registrations for the Events Calendar < 2.7.6 - SQL Injection,< 2.7.6,2.7.6,00002.00007.00006,critical,9.8,https://wpscan.com/vulnerability/ba50c590-42ee-4523-8aa0-87ac644b77ed/
wp_plugin,chaty,CVE-2021-25016,CVE-2021-25016,Chaty < 2.8.2 - Cross-Site Scripting,< 2.8.2,2.8.2,00002.00008.00002,medium,6.1,https://wpscan.com/vulnerability/b5035987-6227-4fc6-bc45-1e8016e5c4c0
wp_plugin,metronet-profile-picture,CVE-2021-24170,CVE-2021-24170,User Profile Picture < 2.5.0 - Sensitive Information Disclosure,< 2.5.0,2.5.0,00002.00005.00000,high,7.5,https://www.wordfence.com/blog/2021/03/medium-severity-vulnerability-patched-in-user-profile-picture-plugin/
wp_plugin,controlled-admin-access,CVE-2021-24215,CVE-2021-24215,Controlled Admin Access WordPress Plugin <= 1.4.0 - Improper Access Control & Privilege Escalation,< 1.4.0,1.4.0,00001.00004.00000,critical,9.8,https://wpscan.com/vulnerability/eec0f29f-a985-4285-8eed-d1855d204a20
wp_plugin,woocommerce-abandoned-cart,CVE-2023-2986,CVE-2023-2986,Abandoned Cart Lite for WooCommerce - Authentication Bypass,,,,critical,9.8,https://github.com/Alucard0x1/CVE-2023-2986
wp_plugin,updraftplus,CVE-2026-10795,CVE-2026-10795,UpdraftPlus WP Backup & Migration Plugin - Authentication Bypass,,,,high,8.1,https://patchstack.com/database/vulnerability/wordpress-updraftplus-wp-backup-migration-plugin-1-26-4-unauthenticated-authentication-bypass-via-updraftcentral-u
