item_code,item_code_raw,item_name,category,section,severity_guide,check_content,check_purpose,security_threat,reference_note,target,criteria_safe,criteria_vuln,remediation,impact,detail,reference,page_start,page_end,guide_version
U-01,U-01,root 계정 원격 접속 제한,UNIX 서버,UNIX > 1. 계정 관리,상,시스템 정책에 root 계정의 원격터미널 접속 차단 설정이 적용 여부 점검,"관리자 계정 탈취로 인한 시스템 장악을 방지하기 위해 외부 비인가자의 root 계정 접근 시도를
원천적으로 차단하기 위함","root 계정은 운영체제의 모든 기능을 설정 및 변경이 가능하여(프로세스, 커널 변경 등) root 계정을
탈취하여 외부에서 원격을 이용한 시스템 장악 및 각종 공격으로(무차별 대입 공격, 사전 대입 공격 등)
인한 root 계정 사용 불가 위험이 존재함","※ root 계정: 여러 사용자가 사용하는 컴퓨터에서 모든 기능을 관리할 수 있는 총괄 권한을 가진 유일
한 특별 계정. 유닉스 시스템의 루트(root)는 시스템 관리자인 운용 관리자(Super User)로서 윈도
우의 Administrator보다 높은 System 계정에 해당하며, 사용자 계정을 생성하거나 소프트웨어를
설치하고, 환경 및 설정을 변경하거나 시스템의 동작을 감시 및 제어할 수 있음
※ 무차별 대입 공격(Brute Force Attack): 특정한 암호를 풀기 위해 가능한 모든 값을 대입하는 공격
방법
※ 사전 대입 공격(Dictionary Attack): 사전에 있는 단어를 입력하여 암호를 알아내거나 암호를
해독하는 데 사용되는 컴퓨터 공격 방법
※ tty(terminal-teletype): 서버와 연결된 모니터, 키보드 등을 통해 사용자가 콘솔로 직접 로그인함
※ pts(pseudo-terminal): 가상터미널을 뜻하며, Telnet, SSH 등을 이용하여 접속함","SOLARIS, LINUX, AIX, HP-UX 등","원격터미널 서비스를 사용하지 않거나, 사용 시 root 직접 접속을 차단한 경우",원격터미널 서비스 사용 시 root 직접 접속을 허용한 경우,원격 접속 시 root 계정으로 접속할 수 없도록 파일 내용 설정,일반적인 경우 영향 없음,,,12,14,2026
U-02,U-02,비밀번호 관리정책 설정,UNIX 서버,UNIX > 1. 계정 관리,상,비밀번호 관리 정책 설정 여부 점검,사용자의 비밀번호 복잡성과 주기적 변경을 통해 시스템 보안을 강화하기 위함,"비밀번호 관련 정책이 설정되지 않을 경우, 비인가자의 각종 공격(무차별 대입 공격, 사전 대입 공격
등)에 의해 비밀번호가 노출될 위험이 존재함","※ 비밀번호 관리 정책: 비밀번호 복잡성 및 길이, 변경 주기 등을 포함한 비밀번호 정책
※ 비밀번호 복잡성: 비밀번호 설정 시 영문, 숫자, 특수문자를 포함하여 최소 8자리 이상","SOLARIS, LINUX, AIX, HP-UX 등",비밀번호 관리 정책이 설정된 경우,비밀번호 관리 정책이 설정되지 않은 경우,"root 계정을 포함한 사용자 계정의 비밀번호를 영문, 숫자, 특수문자를 포함하여 최소 8자리 이상 및
최소 사용 기간 1일, 최대 사용 기간 90일, 최근 비밀번호 기억 4회 이상으로 설정","비밀번호 변경 시 Web, WAS, DB 연동 구간에서 문제가 발생할 수 있으므로 연동 구간에 미칠 수 있는
영향을 고려하여 적용 필요",,,15,20,2026
U-03,U-03,계정 잠금 임계값 설정,UNIX 서버,UNIX > 1. 계정 관리,상,사용자 계정 로그인 실패 시 계정 잠금 임계값이 설정 여부 점검,"계정 탈취 목적의 무차별 대입 공격 시 해당 계정을 잠금으로써 인증 요청에 응답하는 리소스 낭비를
차단하고 대입 공격으로 인한 비밀번호 노출 공격을 무력화하기 위함","계정 잠금 임계값이 설정되어 있지 않을 경우, 비밀번호 탈취 공격(무차별 대입 공격, 사전 대입 공격,
추측 공격 등)의 인증 요청에 대해 설정된 비밀번호가 일치할 때까지 지속적으로 응답하여 해당 계정의
비밀번호가 유출될 위험이 존재함","※ 사용자 로그인 실패 임계값: 시스템에 로그인 시 몇 번의 로그인 실패에 로그인을 차단할 것인지
결정하는 값","SOLARIS, LINUX, AIX, HP-UX 등",계정 잠금 임계값이 10회 이하의 값으로 설정된 경우,"계정 잠금 임계값이 설정되어 있지 않거나, 10회 이하의 값으로 설정되지 않은 경우",계정 잠금 임계값을 10회 이하로 설정,"Ÿ HP-UX: Trusted Mode로 전환 시 파일 시스템 구조가 변경되어 운영 중인 서비스에 문제가 발생할
수 있으므로 충분한 테스트를 거친 후 Trusted Mode로의 전환이 필요함
Ÿ LINUX: /etc/pam.d/system-auth 파일 설정 시 라이브러리(/lib/security/pam_tally.so)가 해당
경로에 존재하는지 확인 필요 (존재하지 않는 파일의 경로로 설정하는 경우 시스템 로그인에 장애가
발생할 수 있음)
Ÿ PAM 모듈을 이용하여 설정할 때 해당 순서를 지키지 않을 경우, 로그인 실패 또는 인증 실패 등
예기치 못한 상황이 발생할 수 있으므로 반드시 순서에 맞게 설정해야 함",,,21,24,2026
U-04,U-04,비밀번호 파일 보호,UNIX 서버,UNIX > 1. 계정 관리,상,"시스템의 사용자 계정(root, 일반 사용자) 정보가 저장된 파일(/etc/passwd, /etc/shadow 등)에
사용자 계정 비밀번호가 암호화 저장 여부 점검","일부 오래된 시스템의 경우 /etc/passwd 파일에 비밀번호가 평문으로 저장되므로 사용자 계정
비밀번호가 암호화되어 저장되어 있는지 점검하여 비인가자의 비밀번호 파일 접근 시에도 사용자 계정
비밀번호가 안전하게 관리되고 있는지 확인하기 위함","사용자 계정 비밀번호가 저장된 파일이 유출 또는 탈취 시 평문으로 저장된 비밀번호 정보가 노출 위험이
존재함","※ pwconv: 쉐도우 비밀번호 정책
※ pwunconv: 일반 비밀번호 정책","SOLARIS, LINUX, AIX, HP-UX 등","쉐도우 비밀번호를 사용하거나, 비밀번호를 암호화하여 저장하는 경우","쉐도우 비밀번호를 사용하지 않고, 비밀번호를 암호화하여 저장하지 않는 경우",비밀번호 암호화 저장·관리 설정,"HP-UX 경우 Trusted Mode로 전환 시 파일 시스템 구조가 변경되어 운영 중인 서비스에 문제가
발생할 수 있으므로 충분한 테스트를 거친 후 Trusted Mode로의 전환이 필요함",,,25,26,2026
U-05,U-05,root 이외의 UID가 ‘0’ 금지,UNIX 서버,UNIX > 1. 계정 관리,상,"사용자 계정 정보가 저장된 파일(/etc/passwd, /etc/shadow 등)에 root(UID=0) 계정과 동일한
UID를 가진 계정이 존재 여부 점검","root 계정과 동일한 UID가 존재하는지 점검하여 root 권한이 일반 사용자 계정이나 비인가자의 접근
위협에 안전하게 보호되고 있는지 확인하기 위함","Ÿ root 계정과 동일한 UID가 설정되어 있는 일반 사용자 계정도 root 권한을 부여받아 관리자가 실행할
수 있는 모든 작업이 가능한 위험이 존재함(서비스 시작, 중지, 재부팅, root 권한 파일 편집 등)
Ÿ root 계정과 동일한 UID를 사용하므로 사용자 감사 추적 시 어려움 발생 위험이 존재함","※ UID(User Identification): 여러 명의 사용자가 동시에 사용하는 시스템에서 사용자가 자신을
대표하기 위해 쓰는 이름
※ OS마다 UID 체계가 달라 시스템 계정 및 일반 사용자 계정이 부여받는 값의 범위에 차이가 있으나,
관리자는 공통으로 UID=0을 부여받음","SOLARIS, LINUX, AIX, HP-UX 등",root 계정과 동일한 UID를 갖는 계정이 존재하지 않는 경우,root 계정과 동일한 UID를 갖는 계정이 존재하는 경우,"Ÿ UID가 0으로 설정된 계정을 0 이외의 중복되지 않은 UID로 변경 또는 불필요한 계정인 경우
제거하도록 설정
Ÿ (사용 중인 계정인 경우 명령어를 통한 조치가 적용되지 않을 수 있으므로 /etc/passwd 파일을 통해
변경)",해당 계정에 관리자 권한이 필요하지 않으면 일반적으로 영향 없음,,,27,28,2026
U-06,U-06,사용자 계정 su 기능 제한,UNIX 서버,UNIX > 1. 계정 관리,상,su 명령어 사용을 허용하는 사용자를 지정한 그룹이 설정 여부 점검,"su 관련 그룹만 su 명령어 사용 권한이 부여되어 있는지 점검하여 su 그룹에 포함되지 않은 일반
사용자의 su 명령 사용을 원천적으로 차단하는지 확인하기 위함","무분별한 사용자 변경으로 타 사용자 소유의 파일을 변경할 수 있으며 root 계정으로 변경하는 경우
관리자 권한을 획득할 수 있는 위험이 존재함",-,"SOLARIS, LINUX, AIX, HP-UX 등",su 명령어를 특정 그룹에 속한 사용자만 사용하도록 제한된 경우 ※ 일반 사용자 계정 없이 root 계정만 사용하는 경우 su 명령어 사용 제한 불필요,su 명령어를 모든 사용자가 사용하도록 설정된 경우,PAM 모듈 설정 또는 su 명령어 허용 그룹 생성 후 su 명령어 일반 사용자 권한 제거하도록 설정,그룹에 추가된 계정들은 모든 Session 종료 후 재 로그인 시 su 명령어 사용 가능,,,29,30,2026
U-07,U-07,불필요한 계정 제거,UNIX 서버,UNIX > 1. 계정 관리,하,"시스템 계정 중 불필요한 계정(퇴직, 전직, 휴직 등의 이유로 사용하지 않는 계정 및 장기적으로 사용하지
않는 계정 등)이 존재 여부 점검",불필요한 계정이 존재하는지 점검하여 관리되지 않은 계정에 의한 침입에 대비하는지 확인하기 위함,"로그인이 가능하고 현재 사용하지 않는 불필요한 계정은 사용 중인 계정보다 상대적으로 관리가
취약하여 공격자의 목표가 되어 계정이 탈취될 수 있는 위험이 존재함(퇴직, 전직, 휴직 등의 사유 발생
시 즉시 권한을 회수하는 것을 권고함)","※ 기본 계정: OS나 Package 설치 시 기본적으로 생성되는 계정(lp, uucp, nuucp 등)
※ 불필요한 기본 계정 제거 시 발생할 업무 영향도를 파악한 후 제거 권고","SOLARIS, LINUX, AIX, HP-UX 등",불필요한 계정이 존재하지 않는 경우,불필요한 계정이 존재하는 경우,시스템에 존재하는 계정 확인 후 불필요한 계정 제거하도록 설정,일반적인 경우 영향 없음,,,31,31,2026
U-08,U-08,관리자 그룹에 최소한의 계정 포함,UNIX 서버,UNIX > 1. 계정 관리,중,시스템 관리자 그룹에 최소한(root 계정과 시스템 관리에 허용된 계정)의 계정만 존재 여부 점검,관리자 그룹에 최소한의 필요 계정만 존재하는지 확인하여 불필요한 권한 남용을 점검하기 위함,"시스템을 관리하는 root 계정이 속한 그룹은 시스템 운영 파일에 대한 접근 권한이 부여되어 있으므로
해당 관리자 그룹에 속한 계정이 비인가자에게 유출될 경우, 관리자 권한으로 시스템에 접근하여
계정정보 유출, 환경설정 파일 및 디렉터리 변조 등의 위험이 존재함",-,"SOLARIS, LINUX, AIX, HP-UX 등",관리자 그룹에 불필요한 계정이 등록되어 있지 않은 경우,관리자 그룹에 불필요한 계정이 등록된 경우,관리자 그룹에 등록된 계정 확인 후 불필요한 계정 제거하도록 설정,일반적인 경우 영향 없음,,,32,32,2026
U-09,U-09,계정이 존재하지 않는 GID 금지,UNIX 서버,UNIX > 1. 계정 관리,하,그룹 설정 파일(/etc/group)에 불필요한 그룹이 존재 여부 점검,"시스템에 불필요한 그룹이 존재하는지 점검하여 불필요한 그룹의 소유권으로 설정된 파일의 노출로 인해
발생할 수 있는 위험에 대해 대비를 하기 위함","계정이 존재하지 않거나 불필요한 그룹이 존재하는 경우, 해당 그룹의 소유로 설정된 파일을 통한 권한
남용 또는 의도치 않은 권한 부여, 보안 감사 및 관리의 어려움 등의 위험이 존재함","※ GID(Group Identification): 다수의 사용자가 특정 개체를 공유할 수 있게 연계시키는 특정 그룹의
이름으로 주로 계정처리 목적으로 사용되며, 한 사용자는 여러 개의 GID를 가질 수 있음","SOLARIS, LINUX, AIX, HP-UX 등",시스템 관리나 운용에 불필요한 그룹이 제거된 경우,시스템 관리나 운용에 불필요한 그룹이 존재하는 경우,"불필요한 그룹이 존재하는 경우 관리자와 검토하여 제거하도록 설정
※ /etc/group 파일과 /etc/passwd 파일을 비교하여 점검하기를 권고함",일반적인 경우 영향 없음,,,33,33,2026
U-10,U-10,동일한 UID 금지,UNIX 서버,UNIX > 1. 계정 관리,중,/etc/passwd 파일 내 UID가 동일한 사용자 계정 존재 여부 점검,"UID가 동일한 사용자 계정을 점검함으로써 타 사용자 계정 소유의 파일 및 디렉터리로의 악의적 접근
예방 및 침해사고 시 명확한 감사 추적을 하기 위함","중복된 UID가 존재할 경우, 시스템은 동일한 사용자로 인식하여 소유자의 권한이 중복되어 불필요한
권한이 부여되며 시스템 로그를 이용한 감사 추적 시 사용자가 구분되지 않는 위험이 존재함",※ 비밀번호 파일 수정 변경 및 신규 사용자 추가 시 UID가 동일한 계정이 존재하는지 확인해야 함,"SOLARIS, LINUX, AIX, HP-UX 등",동일한 UID로 설정된 사용자 계정이 존재하지 않는 경우,동일한 UID로 설정된 사용자 계정이 존재하는 경우,동일한 UID를 가진 사용자 계정의 UID를 중복되지 않도록 변경하도록 설정,"운영 목적으로 동일한 UID 값을 부여하였다면 해당 계정이 사용하고 있는 파일 및 디렉터리를 검토하여
권한이 제거되어도 서비스 영향이 없는지 확인 필요",,,34,34,2026
U-11,U-11,사용자 shell 점검,UNIX 서버,UNIX > 1. 계정 관리,하,"로그인이 불필요한 계정(adm, sys, daemon 등)에 쉘 부여 여부 점검","로그인이 불필요한 계정에 부여된 쉘을 제거하여, 로그인이 필요하지 않은 계정을 통한 시스템 명령어를
실행하지 못하게 하기 위함","로그인이 불필요한 계정에 쉘이 부여될 경우, 비인가자가 해당 기본 계정으로 시스템에 접근 위험이 존재함","※ 쉘(Shell): 대화형 사용자 인터페이스로써, 운영체제(OS) 가장 외곽계층에 존재하여 사용자의
명령어를 이해하고 실행함
※ /bin/false: 시스템 접근을 항상 실패로 처리해 로그인을 차단하고, 사용자에게 메시지를 출력하지
않으며, 서비스 계정의 직접 접근 차단에 사용됨
※ /sbin/nologin: 로그인 시 “This account is currently not available” 메시지를 출력하며 접근을
차단하고, FTP와 같은 일부 서비스의 접근은 허용됨","SOLARIS, LINUX, AIX, HP-UX 등",로그인이 필요하지 않은 계정에 /bin/false(/sbin/nologin) 쉘이 부여된 경우,로그인이 필요하지 않은 계정에 /bin/false(/sbin/nologin) 쉘이 부여되지 않은 경우,로그인이 필요하지 않은 계정에 대해 /bin/false(/sbin/nologin) 쉘 부여 설정,일반적인 경우 영향 없음,,,35,35,2026
U-12,U-12,세션 종료 시간 설정,UNIX 서버,UNIX > 1. 계정 관리,하,사용자 쉘에 대한 환경설정 파일에서 Session Timeout 설정 여부 점검,사용자의 고의 또는 실수로 시스템에 계정이 접속된 상태로 방치됨을 차단하기 위함,"Session timeout 값이 설정되지 않을 경우, 유휴 시간 내 비인가자가 시스템에 접근하여 불필요한 내부
정보를 노출할 위험이 존재함","※ Session: 프로세스들 사이에 통신을 수행하기 위해서 메시지 교환을 통해 서로를 인식한 이후부터
통신을 마칠 때까지의 시간","SOLARIS, LINUX, AIX, HP-UX 등",Session Timeout이 600초(10분) 이하로 설정된 경우,Session Timeout이 600초(10분) 이하로 설정되지 않은 경우,600초(10분) 동안 입력이 없는 경우 접속된 Session을 끊도록 설정,모니터링 용도일 경우 세션 타임 설정 시 모니터링 업무가 불가할 수 있으므로 예외 처리 필요,,,36,36,2026
U-13,U-13,안전한 비밀번호 암호화 알고리즘 사용,UNIX 서버,UNIX > 1. 계정 관리,중,안전한 비밀번호 암호화 알고리즘을 사용 여부 점검,안전한 비밀번호 암호화 알고리즘을 사용하여 사용자 계정정보를 보호하기 위함,"취약한 비밀번호 암호화 알고리즘을 사용할 경우, 노출된 계정에 대해 비인가자가 암호 복호화 공격을
통해 비밀번호를 획득할 위험이 존재함","※ 비밀번호 암호화 알고리즘 저장 방식을 바꾸어도 passwd 명령을 이용하여 재설정해야 변경된
비밀번호 암호화 알고리즘이 적용되므로 취약한 비밀번호 암호화 알고리즘을 사용하고 있는 모든
계정 비밀번호 재설정 필요
※ 비밀번호 암호화 알고리즘: $1 : MD5 / $2 : Blowfish / $5 : SHA-256 / $6 : SHA-512","SOLARIS, LINUX, AIX, HP-UX 등",SHA-2 이상의 안전한 비밀번호 암호화 알고리즘을 사용하는 경우,취약한 비밀번호 암호화 알고리즘을 사용하는 경우,SHA-2 이상의 안전한 비밀번호 암호화 알고리즘 적용 설정,일반적인 경우 영향 없음,,,37,38,2026
U-14,U-14,"root 홈, 패스 디렉터리 권한 및 패스 설정",UNIX 서버,UNIX > 2. 파일 및 디렉토리 관리,상,root 계정의 PATH 환경변수에 “.”(마침표)이 포함 여부 점검,비인가자가 불법적으로 생성한 디렉터리 및 명령어를 우선으로 실행되지 않도록 설정하기 위함,"root 계정의 PATH 환경변수에 정상적인 관리자 명령어(ls, mv, cp 등)의 디렉터리 경로보다 현재
디렉터리를 지칭하는 “.” 표시가 우선하면 현재 디렉터리에 변조된 명령어를 삽입하여 관리자 명령어
입력 시 악의적인 기능이 실행될 수 있는 위험이 존재함","※ 환경변수: 프로세스가 컴퓨터에서 동작하는 방식에 영향을 미치는 동적인 값들의 집합으로 PATH
환경변수는 실행 파일을 찾는 경로에 대한 변수를 뜻함","SOLARIS, LINUX, AIX, HP-UX 등",PATH 환경변수에 “.” 이 맨 앞이나 중간에 포함되지 않은 경우,PATH 환경변수에 “.” 이 맨 앞이나 중간에 포함된 경우,"root 계정의 환경설정 파일(/.profile, /.bashrc 등)과 시스템 환경설정 파일(/etc/profile 등)에 설정된
PATH 환경변수에서 현재 디렉터리를 나타내는 “.”을 PATH 환경변수의 마지막으로 이동하도록 설정
※ /etc/profile 파일, root 계정, 일반 사용자 계정의 환경설정 파일을 순차적으로 검색하여 확인",일반적인 경우 영향 없음,,,39,39,2026
U-15,U-15,파일 및 디렉터리 소유자 설정,UNIX 서버,UNIX > 2. 파일 및 디렉토리 관리,상,소유자가 존재하지 않는 파일 및 디렉터리의 존재 여부 점검,"소유자가 존재하지 않는 파일 및 디렉터리를 제거 또는 관리하여 임의의 사용자가 해당 파일을 열람,
수정하는 행위를 사전에 차단하기 위함","소유자가 존재하지 않는 파일의 UID와 동일한 값으로 특정 계정의 UID를 변경하면 해당 파일의
소유자가 되어 모든 작업이 가능한 위험이 존재함","※ 소유자가 존재하지 않는 파일 및 디렉터리는 일반적으로 퇴직자의 자료, 관리 소홀로 인해 생긴 파일
또는 해킹으로 인한 공격자가 만들어 놓은 악의적인 파일임","SOLARIS, LINUX, AIX, HP-UX 등",소유자가 존재하지 않는 파일 및 디렉터리가 존재하지 않는 경우,소유자가 존재하지 않는 파일 및 디렉터리가 존재하는 경우,소유자가 존재하지 않는 파일 및 디렉터리 제거 또는 소유자 변경 설정,일반적인 경우 영향 없음,,,40,40,2026
U-16,U-16,/etc/passwd 파일 소유자 및 권한 설정,UNIX 서버,UNIX > 2. 파일 및 디렉토리 관리,상,/etc/passwd 파일 권한 적절성 여부 점검,/etc/passwd 파일을 관리자만 제어할 수 있게 하여 비인가자들의 임의적인 파일 변조를 방지하기 위함,"비인가자가 /etc/passwd 파일의 사용자 정보를 변조하여 Shell 변경, 사용자 추가/제거 등 root
계정을 포함한 사용자 권한 획득 위험이 존재함","※ /etc/passwd: 사용자의 ID, UID, GID, 홈 디렉터리, 쉘 정보를 담고 있는 파일","SOLARIS, LINUX, AIX, HP-UX 등","/etc/passwd 파일의 소유자가 root이고, 권한이 644 이하인 경우","/etc/passwd 파일의 소유자가 root가 아니거나, 권한이 644 이하가 아닌 경우",/etc/passwd 파일 소유자 및 권한 변경 설정,일반적인 경우 영향 없음,,,41,41,2026
U-17,U-17,시스템 시작 스크립트 권한 설정,UNIX 서버,UNIX > 2. 파일 및 디렉토리 관리,상,시스템 시작 스크립트 파일 권한 적절성 여부 점검,"시스템 시작 스크립트 파일을 관리자만 제어할 수 있게 하여 비인가자들의 임의적인 파일 변조를
방지하기 위함","시스템 시작 스크립트 파일의 소유권 및 권한 설정이 미흡할 경우, 비인가자가 스크립트의 내용 변경
등을 통해 시스템 침입 등 악용할 위험이 존재함","※ 시스템 시작 스크립트: 운영체제 부팅 시 자동으로 실행되어 시스템 초기화 작업을 수행하고, 필요한
서비스와 데몬을 시작하는 스크립트","SOLARIS, LINUX, AIX, HP-UX 등","시스템 시작 스크립트 파일의 소유자가 root이고, 일반 사용자의 쓰기 권한이 제거된 경우","시스템 시작 스크립트 파일의 소유자가 root가 아니거나, 일반 사용자의 쓰기 권한이 부여된 경우",시스템 시작 스크립트 파일 소유자 및 권한 변경 설정,일반적인 경우 영향 없음,,,42,43,2026
U-18,U-18,/etc/shadow 파일 소유자 및 권한 설정,UNIX 서버,UNIX > 2. 파일 및 디렉토리 관리,상,/etc/shadow 파일 권한 적절성 여부 점검,/etc/shadow 파일을 관리자만 제어할 수 있게 하여 비인가자들의 임의적인 파일 변조를 방지하기 위함,/etc/shadow 파일에 저장된 암호화된 해시값을 복호화하여(크래킹) 비밀번호를 탈취할 위험이 존재함,※ /etc/shadow: 시스템에 등록된 모든 계정의 비밀번호를 암호화된 형태로 저장 및 관리하는 파일,"SOLARIS, LINUX, AIX, HP-UX 등","/etc/shadow 파일의 소유자가 root이고, 권한이 400 이하인 경우","/etc/shadow 파일의 소유자가 root가 아니거나, 권한이 400 이하가 아닌 경우",/etc/shadow 파일 소유자 및 권한 변경 설정,일반적인 경우 영향 없음,,,44,44,2026
U-19,U-19,/etc/hosts 파일 소유자 및 권한 설정,UNIX 서버,UNIX > 2. 파일 및 디렉토리 관리,상,/etc/hosts 파일의 권한 적절성 여부 점검,/etc/hosts 파일을 관리자만 제어할 수 있게 하여 비인가자들의 임의적인 파일 변조를 방지하기 위함,"Ÿ /etc/hosts 파일에 비인가자가 쓰기 권한이 부여된 경우, 공격자는 /etc/hosts 파일에 악의적인
시스템을 등록하여, 이를 통해 정상적인 DNS를 우회하여 악성 사이트로의 접속을 유도하는
파밍(Pharming) 공격 등에 악용될 수 있는 위험이 존재함
Ÿ /etc/hosts 파일에 소유자의 쓰기 권한이 부여된 경우, 일반 사용자 권한으로 /etc/hosts 파일에
변조된 IP주소를 등록하여 정상적인 DNS를 방해하고 악성 사이트로의 접속을 유도하는
파밍(Pharming) 공격 등에 악용될 수 있는 위험이 존재함","※ /etc/hosts: IP주소와 호스트 이름을 매핑하는 파일. 일반적으로 인터넷 통신 시 주소를 찾기 위해
도메인 네임 서비스(DNS)보다 /etc/hosts 파일을 먼저 참조함. /etc/hosts 파일은 문자열
주소로부터 IP주소를 수신받는 DNS 서버와는 달리 파일 내에 직접 문자열 주소와 IP주소를
매핑하여 기록하며, DNS 서버 접근 이전에 확인하여 해당 문자열 주소가 목록에 존재할 시 그
문자열 주소에 해당하는 IP주소로 연결함
※ 파밍(Pharming): 사용자의 DNS 또는 /etc/hosts 파일을 변조함으로써 정상적인 사이트로
오인하여 접속하도록 유도한 뒤 개인정보를 훔치는 새로운 컴퓨터 범죄 수법","SOLARIS, LINUX, AIX, HP-UX 등","/etc/hosts 파일의 소유자가 root이고, 권한이 644 이하인 경우","/etc/hosts 파일의 소유자가 root가 아니거나, 권한이 644 이하가 아닌 경우",/etc/hosts 파일 소유자 및 권한 변경 설정,/etc/hosts 파일에 시스템 정보가 설정된 경우 해당 파일을 참조하는 서비스에 영향을 미칠 수 있음,,,45,45,2026
U-20,U-20,/etc/(x)inetd.conf 파일 소유자 및 권한 설정,UNIX 서버,UNIX > 2. 파일 및 디렉토리 관리,상,/etc/(x)inetd.conf 파일 권한 적절성 여부 점검,/etc/(x)inetd.conf 파일을 관리자만 제어하여 비인가자들의 임의적인 파일 변조를 방지하기 위함,"/etc/(x)inetd.conf 파일에 소유자 외 쓰기 권한이 부여된 경우, 일반 사용자 권한으로 해당 파일에
등록된 서비스를 변조하거나 악의적인 프로그램(서비스)을 등록할 수 있는 위험이 존재함","※ (x)inetd(슈퍼데몬): 자주 사용하지 않는 서비스가 상시 실행되어 메모리를 점유하는 것을 방지하기
위해 (x)inetd(슈퍼데몬)에 자주 사용하지 않는 서비스를 등록하여 요청이 있을 시에만 해당
서비스를 실행하고 요청이 끝나면 서비스를 종료하는 역할 수행","SOLARIS, LINUX, AIX, HP-UX 등","/etc/(x)inetd.conf 파일의 소유자가 root이고, 권한이 600 이하인 경우","/etc/(x)inetd.conf 파일의 소유자가 root가 아니거나, 권한이 600 이하가 아닌 경우",/etc/(x)inetd.conf 파일 소유자 및 권한 변경 설정,일반적인 경우 영향 없음,,,46,47,2026
U-21,U-21,/etc/(r)syslog.conf 파일 소유자 및 권한 설정,UNIX 서버,UNIX > 2. 파일 및 디렉토리 관리,상,/etc/(r)syslog.conf 파일 권한 적절성 여부 점검,"/etc/(r)syslog.conf 파일의 권한 적절성을 점검하여, 비인가자의 임의적인 /etc/(r)syslog.conf 파일
변조를 방지하기 위함","/etc/(r)syslog.conf 파일의 설정 내용을 참조하여 로그의 저장 위치가 노출되며 로그를 기록하지
않도록 설정하거나 대량의 로그를 기록하게 하여 시스템 과부하를 유도할 수 있는 위험이 존재함","※ /etc/(r)syslog.conf: (r)syslogd 데몬 실행 시 참조되는 설정 파일로 시스템 로그 기록의 종류,
위치 및 Level을 설정할 수 있음","SOLARIS, LINUX, AIX, HP-UX 등","/etc/(r)syslog.conf 파일의 소유자가 root(또는 bin, sys)이고, 권한이 640 이하인 경우","/etc/(r)syslog.conf 파일의 소유자가 root(또는 bin, sys)가 아니거나, 권한이 640 이하가 아닌 경우",/etc/(r)syslog.conf 파일 소유자 및 권한 변경 설정,일반적인 경우 영향 없음,,,48,48,2026
U-22,U-22,/etc/services 파일 소유자 및 권한 설정,UNIX 서버,UNIX > 2. 파일 및 디렉토리 관리,상,/etc/services 파일 권한 적절성 여부 점검,"/etc/services 파일을 관리자만 제어할 수 있게 하여 비인가자들의 임의적인 파일 변조를 방지하기
위함","/etc/services 파일의 접근 권한이 적절하지 않을 경우, 비인가 사용자가 운영 포트 번호를 변경하여
정상적인 서비스를 제한하거나 허용되지 않은 포트를 오픈하여 악성 서비스를 의도적으로 실행할 수
있는 위험이 존재함","※ /etc/services: 서비스 관리를 위해 사용되는 파일. 해당 파일에 서버에서 사용하는 모든 포트에
대해 정의되어 있으며, 필요시 서비스 기본 사용 포트를 변경하여 네트워크 서비스를 운용할 수 있음","SOLARIS, LINUX, AIX, HP-UX 등","/etc/services 파일의 소유자가 root(또는 bin, sys)이고, 권한이 644 이하인 경우","/etc/services 파일의 소유자가 root(또는 bin, sys)가 아니거나, 권한이 644 이하가 아닌 경우",/etc/ services 파일 소유자 및 권한 변경 설정,일반적인 경우 영향 없음,,,49,49,2026
U-23,U-23,"SUID, SGID, Sticky bit 설정 파일 점검",UNIX 서버,UNIX > 2. 파일 및 디렉토리 관리,상,"불필요하거나 악의적인 파일에 SUID, SGID, Sticky bit 설정 여부 점검","불필요한 SUID, SGID, Sticky bit 설정 제거로 악의적인 사용자의 권한 상승을 방지하기 위함","SUID, SGID, Sticky bit 설정이 적절하지 않을 경우, SUID, SGID, Sticky bit가 설정된 파일로 특정
명령어를 실행하여 root 권한 획득이 가능한 위험이 존재함","※ SUID: 설정된 파일 실행 시, 특정 작업 수행을 위하여 일시적으로 파일 소유자의 권한을 얻게 됨
※ SGID: 설정된 파일 실행 시, 특정 작업 수행을 위하여 일시적으로 파일 소유 그룹의 권한을 얻게 됨
※ Sticky bit: 설정된 파일의 수정/삭제는 소유자만 가능한 권한","SOLARIS, LINUX, AIX, HP-UX 등",주요 실행 파일의 권한에 SUID와 SGID에 대한 설정이 부여되어 있지 않은 경우,주요 실행 파일의 권한에 SUID와 SGID에 대한 설정이 부여된 경우,"Ÿ 불필요한 SUID, SGID 권한 또는 해당 파일 제거하도록 설정
Ÿ 애플리케이션에서 생성한 파일이나 사용자가 임의로 생성한 파일 등 의심스럽거나 특이한 파일에
SUID 권한이 부여된 경우 제거하도록 설정","SUID, SGID, Sticky bit 설정 파일 제거 시, OS 및 응용프로그램 등 서비스 정상 작동 확인 필요",,,50,50,2026
U-24,U-24,"사용자, 시스템 환경변수 파일 소유자 및 권한 설정",UNIX 서버,UNIX > 2. 파일 및 디렉토리 관리,상,홈 디렉터리 내의 환경변수 파일에 대한 소유자 및 접근 권한이 관리자 또는 해당 계정으로 설정 여부 점검,비인가자의 환경변수 조작으로 인한 보안 위험이 존재함,"홈 디렉터리 내의 사용자 파일 및 사용자별 시스템 시작 파일 등과 같은 환경변수 파일의 접근 권한
설정이 적절하지 않을 경우, 비인가자가 환경변수 파일을 변조하여 정상 사용 중인 사용자의 서비스가
제한될 수 있는 위험이 존재함","※ 환경변수 파일 종류: .profile, .kshrc, .cshrc, .bashrc, .bash_profile, .login, .exrc, .netrc 등","SOLARIS, LINUX, AIX, HP-UX 등","홈 디렉터리 환경변수 파일 소유자가 root 또는 해당 계정으로 지정되어 있고, 홈 디렉터리 환경변수 파일에 root 계정과 소유자만 쓰기 권한이 부여된 경우","홈 디렉터리 환경변수 파일 소유자가 root 또는 해당 계정으로 지정되지 않거나, 홈 디렉터리 환경변수 파일에 root 계정과 소유자 외에 쓰기 권한이 부여된 경우",환경변수 파일의 일반 사용자 쓰기 권한 제거하도록 설정,일반적인 경우 영향 없음,,,51,51,2026
U-25,U-25,world writable 파일 점검,UNIX 서버,UNIX > 2. 파일 및 디렉토리 관리,상,불필요한 world writable 파일 여부 점검,world writable 파일을 이용한 시스템 접근 및 악의적인 코드 실행을 방지하기 위함,"시스템 파일과 같은 중요 파일에 world writable이 적용될 경우, 일반 사용자 및 비인가자가 해당
파일을 임의로 수정, 제거할 위험이 존재함","※ world writable 파일: 모든 사용자에게 쓰기 권한이 부여된 파일
(예시 : -rwxrwxrwx root root <파일명>)","SOLARIS, LINUX, AIX, HP-UX 등","world writable 파일이 존재하지 않거나, 존재 시 설정 이유를 인지하고 있는 경우",world writable 파일이 존재하나 설정 이유를 인지하지 못하고 있는 경우,world writable 파일 존재 여부를 확인하고 불필요한 경우 제거하도록 설정,일반적인 경우 영향 없음,,,52,52,2026
U-26,U-26,/dev에 존재하지 않는 device 파일 점검,UNIX 서버,UNIX > 2. 파일 및 디렉토리 관리,상,허용할 호스트에 대한 접속 IP주소 제한 및 포트 제한 설정 여부 점검,허용한 호스트만 서비스를 사용하게 하여 서비스 취약점을 이용한 외부자 공격을 방지하기 위함,"공격자는 rootkit 설정 파일들을 서버 관리자가 쉽게 발견하지 못하도록 /dev 디렉터리에 device
파일인 것처럼 위장하는 수법을 사용하는 위험이 존재함","※ /dev 디렉터리: 논리적 장치 파일을 담고 있는 디렉터리이며 /devices 디렉터리에 있는 물리적
장치 파일에 대한 심볼릭 링크임. 예를 들어 rmt0를 rmto로 잘못 입력한 경우, rmto 파일이 새로
생성되는 것과 같이 디바이스 이름 입력 오류 시 root 파일 시스템이 에러를 일으킬 때까지 /dev
디렉터리에 계속해서 파일을 생성함
※ /dev 디렉터리 내 mqueue, shm 파일은 시스템에서 생성 또는 제거가 주기적으로 일어나므로 예외","SOLARIS, LINUX, AIX, HP-UX 등",/dev 디렉터리에 대한 파일 점검 후 존재하지 않는 device 파일을 제거한 경우,/dev 디렉터리에 대한 파일 미점검 또는 존재하지 않는 device 파일을 방치한 경우,"major, minor number를 가지지 않는 device 파일 제거하도록 설정",일반적인 경우 영향 없음,,,53,53,2026
U-27,U-27,"$HOME/.rhosts, hosts.equiv 사용 금지",UNIX 서버,UNIX > 2. 파일 및 디렉토리 관리,상,$HOME/.rhosts 및 /etc/hosts.equiv 파일에 대해 적절한 소유자 및 접근 권한 설정 여부 점검,r-command를 통한 별도의 인증 없는 관리자 권한 원격 접속을 차단하기 위함,"Ÿ r-command(rlogin, rsh 등)에 보안 설정이 적용되지 않을 경우, 원격지의 공격자가 관리자
권한으로 목표 시스템상 임의의 명령을 수행시킬 수 있으며, 명령어 원격실행을 통해 중요 정보유출
및 시스템 장애를 유발 또는 공격자의 백도어 등으로도 활용될 수 있는 위험이 존재함
Ÿ 해당 파일은 r-command 서비스의 접근통제에 관련된 파일이며, 권한 설정이 부적절한 경우
r-command 서비스 사용 권한을 임의로 등록하여 무단 사용 위험이 존재함","※ /etc/hosts.equiv: 서버 설정 파일
※ $HOME/.rhosts: 개별 사용자의 설정 파일
※ + +: 모든 호스트의 계정 신뢰
※ + <사용자 이름>: 모든 호스트의 해당 사용자 계정 신뢰
※ <호스트 이름> +: 해당 호스트의 모든 계정 신뢰","SOLARIS, LINUX, AIX, HP-UX 등","rlogin, rsh, rexec 서비스를 사용하지 않거나, 사용 시 아래와 같은 설정이 적용된 경우 1. /etc/hosts.equiv 및 $HOME/.rhosts 파일 소유자가 root 또는 해당 계정인 경우 2. /etc/hosts.equiv 및 $HOME/.rhosts 파일 권한이 600 이하인 경우 3. /etc/hosts.equiv 및 $HOME/.rhosts 파일 설정에 “+” 설정이 없는 경우","rlogin, rsh, rexec 서비스를 사용하며 아래와 같은 설정이 적용되지 않은 경우 1. /etc/hosts.equiv 및 $HOME/.rhosts 파일 소유자가 root 또는 해당 계정이 아닌 경우 2. /etc/hosts.equiv 및 $HOME/.rhosts 파일 권한이 600을 초과한 경우 3. /etc/hosts.equiv 및 $HOME/.rhosts 파일 설정에 “+” 설정이 존재하는 경우","/etc/hosts.equiv, $HOME/.rhosts 파일 소유자 및 권한 변경, 허용 호스트 및 계정 등록 설정",일반적인 경우 영향 없음,,,54,55,2026
U-28,U-28,접속 IP 및 포트 제한,UNIX 서버,UNIX > 2. 파일 및 디렉토리 관리,상,허용할 호스트에 대한 접속 IP주소 제한 및 포트 제한 설정 여부 점검,허용한 호스트만 서비스를 사용하게 하여 서비스 취약점을 이용한 외부자 공격을 방지하기 위함,"허용할 호스트에 대한 IP 및 포트 제한이 적용되지 않을 경우, Telnet, FTP 같은 보안에 취약한
네트워크 서비스를 통하여 불법적인 접근 및 시스템 침해사고가 발생할 수 있는 위험이 존재함","※ TCP Wrapper: 네트워크 서비스에 관련한 트래픽을 제어하고 모니터링할 수 있는 UNIX 기반의
방화벽 툴
※ IPFilter: 유닉스 계열에서 사용하는 공개형 방화벽 프로그램으로써 Packet Filter로 시스템 및
네트워크 보안에 아주 강력한 기능을 보유한 프로그램
※ IPtables: 리눅스 커널 방화벽이 제공하는 테이블들과 그것을 저장하는 체인, 규칙들을 구성할 수
있게 해주는 응용프로그램","SOLARIS, LINUX, AIX, HP-UX 등",접속을 허용할 특정 호스트에 대한 IP주소 및 포트 제한을 설정한 경우,접속을 허용할 특정 호스트에 대한 IP주소 및 포트 제한을 설정하지 않은 경우,"OS에 기본으로 제공하는 방화벽 애플리케이션이나 TCP Wrapper와 같은 호스트별 서비스 제한
애플리케이션을 사용하여 접근 허용 IP 등록 설정",허용되지 않은 IP는 서비스 사용이 불가함,,,56,60,2026
U-29,U-29,hosts.lpd 파일 소유자 및 권한 설정,UNIX 서버,UNIX > 2. 파일 및 디렉토리 관리,하,/etc/hosts.lpd 파일의 제거 및 권한 적절성 여부 점검,"비인가자의 임의적인 /etc/hosts.lpd 변조를 막기 위해 /etc/hosts.lpd 파일 제거 또는 소유자 및 권한
관리하기 위함","/etc/hosts.lpd 파일의 접근 권한이 적절하지 않을 경우, 비인가자가 /etc/hosts.lpd 파일을 수정하여
허용된 사용자의 서비스를 방해할 수 있으며, 호스트 정보를 획득할 수 있는 위험이 존재함","※ /etc/hosts.lpd 파일: 로컬 프린트 서비스를 사용할 수 있는 허가된 호스트(사용자) 정보를 담고
있는 파일 (hostname 또는 IP주소를 포함하고 있음)","SOLARIS, LINUX, AIX, HP-UX 등","/etc/hosts.lpd 파일이 존재하지 않거나, 불가피하게 사용 시 /etc/hosts.lpd 파일의 소유자가 root이고, 권한이 600 이하인 경우","/etc/hosts.lpd 파일이 존재하며, 파일의 소유자가 root가 아니거나, 권한이 600 이하가 아닌 경우",/etc/hosts.lpd 파일 제거 또는 /etc/hosts.lpd 파일 소유자 및 권한 변경 설정,일반적인 경우 영향 없음,,,61,61,2026
U-30,U-30,UMASK 설정 관리,UNIX 서버,UNIX > 2. 파일 및 디렉토리 관리,중,시스템 UMASK 값이 022 이상 설정 여부 점검,잘못 설정된 UMASK 값으로 인해 신규 파일에 대한 권한이 과도하게 부여되는 것을 방지하기 위함,"잘못 설정된 UMASK로 인해 파일 및 디렉터리 생성 시 과도한 권한이 부여되어 무단 액세스 및 데이터
유출의 위험이 존재함","※ UMASK: 파일 및 디렉터리 생성 시 기본 권한을 지정해 주는 명령어
※ 시스템 내에서 사용자가 새로 생성하는 파일의 접근 권한은 UMASK 값에 따라 정해지며, 계정의
환경설정 파일에 설정을 변경하면 사용자가 로그인한 후에도 변경된 UMASK 값을 적용받게 됨
※ Start Profile: /etc/profile, /etc/default/login, .cshrc, .kshrc, .bashrc, .login, .profile 등","SOLARIS, LINUX, AIX, HP-UX 등",UMASK 값이 022 이상으로 설정된 경우,UMASK 값이 022 미만으로 설정된 경우,설정 파일에 UMASK 값을 022로 설정,일반적인 경우 영향 없음,,,62,64,2026
U-31,U-31,홈디렉토리 소유자 및 권한 설정,UNIX 서버,UNIX > 2. 파일 및 디렉토리 관리,중,홈 디렉토리의 소유자 외 타 사용자가 해당 홈 디렉토리를 수정할 수 없도록 제한 설정 여부 점검,사용자 홈 디렉토리 내 설정 파일이 비인가자에 의한 변조를 방지하기 위함,홈 디렉토리 내 설정 파일 변조 시 정상적인 서비스 이용이 제한될 위험이 존재함,-,"SOLARIS, LINUX, AIX, HP-UX 등","홈 디렉토리 소유자가 해당 계정이고, 타 사용자 쓰기 권한이 제거된 경우","홈 디렉토리 소유자가 해당 계정이 아니거나, 타 사용자 쓰기 권한이 부여된 경우","사용자별 홈 디렉토리 소유주를 해당 계정으로 변경하고, 타 사용자의 쓰기 권한 제거하도록 설정
(/etc/passwd 파일에서 홈 디렉토리 확인, 사용자 홈 디렉토리 외 개별적으로 만들어 사용하는 사용자
디렉토리 존재 여부 확인하여 점검)",일반적인 경우 영향 없음,,,65,65,2026
U-32,U-32,홈 디렉토리로 지정한 디렉토리의 존재 관리,UNIX 서버,UNIX > 2. 파일 및 디렉토리 관리,중,사용자 계정과 홈 디렉토리의 일치 여부 점검,"/home 디렉토리 이외의 사용자의 홈 디렉토리 존재 여부를 점검하여 비인가자가 시스템 명령어의 무단
사용을 방지하기 위함","/etc/passwd 파일에 설정된 홈 디렉토리가 존재하지 않는 경우, 해당 계정으로 로그인 시 홈
디렉토리가 루트 디렉토리(/)로 할당되어 접근이 가능한 위험이 존재함","※ 홈 디렉토리: 사용자가 로그인한 후 작업을 수행하는 디렉토리
※ 일반 사용자의 홈 디렉토리 위치: /home/<user 명>","SOLARIS, LINUX, AIX, HP-UX 등",홈 디렉토리가 존재하지 않는 계정이 발견되지 않는 경우,홈 디렉토리가 존재하지 않는 계정이 발견된 경우,홈 디렉토리가 존재하지 않는 계정에 홈 디렉토리 설정 또는 계정 제거하도록 설정,일반적인 경우 영향 없음,,,66,66,2026
U-33,U-33,숨겨진 파일 및 디렉토리 검색 및 제거,UNIX 서버,UNIX > 2. 파일 및 디렉토리 관리,하,숨겨진 파일 및 디렉토리 내 의심스러운 파일 존재 여부 점검,"숨겨진 파일 및 디렉토리 중 의심스러운 내용은 정상 사용자가 아닌 공격자에 의해 생성되었을 가능성이
높으므로 이를 제거하여 보안 위협을 방지하기 위함","숨겨진 파일 및 디렉토리를 방치할 경우, 비인가자가 생성한 악성 파일 또는 백도어 등을 탐지하지 못할
위험이 존재함",-,"SOLARIS, LINUX, AIX, HP-UX 등",불필요하거나 의심스러운 숨겨진 파일 및 디렉토리를 제거한 경우,불필요하거나 의심스러운 숨겨진 파일 및 디렉토리를 제거하지 않은 경우,ls -al 명령어로 숨겨진 파일 존재 파악 후 불법적이거나 의심스러운 파일을 제거하도록 설정,일반적인 경우 영향 없음,,,67,67,2026
U-34,U-34,Finger 서비스 비활성화,UNIX 서버,UNIX > 3. 서비스 관리,상,Finger 서비스 비활성화 여부 점검,"Finger 서비스를 통해 네트워크 외부에서 해당 시스템에 등록된 사용자 정보를 확인할 수 있어
비인가자에게 사용자 정보가 조회되는 것을 방지하기 위함","Finger 서비스가 활성화되어 있을 경우, 비인가자가 Finger 서비스를 사용하여 사용자 정보를 조회한
후 비밀번호 공격을 통해 계정을 탈취할 위험이 존재함","※ Finger(사용자 정보 확인 서비스): who 명령어가 현재 사용 중인 사용자들에 대한 간단한 정보만을
보여주는 데 반해 Finger 명령은 옵션에 따른 시스템에 등록된 사용자뿐만 아니라 네트워크를
통하여 연결되어 있는 다른 시스템에 등록된 사용자들에 대한 자세한 정보를 보여줌","SOLARIS, LINUX, AIX, HP-UX 등",Finger 서비스가 비활성화된 경우,Finger 서비스가 활성화된 경우,Finger 서비스 비활성화 설정,일반적인 경우 영향 없음,,,68,69,2026
U-35,U-35,공유 서비스에 대한 익명 접근 제한 설정,UNIX 서버,UNIX > 3. 서비스 관리,상,공유 서비스의 익명 접근 제한 설정 여부 점검,공유 서비스의 익명 접근을 제한하여 중요 정보의 노출을 방지하기 위함,"공유 서비스의 익명 접근을 허용할 경우, 비인가자의 무단 접근으로 인한 중요 정보 탈취 또는 변조,
악성 코드 유포 등의 위험이 존재함","※ 익명 접속이 허용된 서버에 익명 사용자에 대해 쓰기 권한이 부여되어 있는 경우, 정상 파일에 대해
변조가 가능하므로 공개된 디렉터리 내 중요 데이터 여부를 주기적으로 확인해야 함
※ 공유 서비스를 사용하지 않는 경우 양호 또는 N/A","SOLARIS, LINUX, AIX, HP-UX 등",공유 서비스에 대해 익명 접근을 제한한 경우,공유 서비스에 대해 익명 접근을 허용한 경우,공유 서비스의 익명 접근 제한 설정,일반적인 경우 영향 없음,,,70,76,2026
U-36,U-36,r 계열 서비스 비활성화,UNIX 서버,UNIX > 3. 서비스 관리,상,r-command 서비스 비활성화 여부 점검,"r-command 사용을 통한 원격 접속은 NET Backup 또는 클러스터링 등 용도로 사용되기도 하나,
인증 없이 관리자 원격 접속이 가능하여 이에 대한 보안 위협을 방지하기 위함","rlogin, rsh, rexec 등의 r-command를 이용하여 원격에서 인증 절차 없이 터미널 접속, 쉘 명령어를
실행이 가능한 위험이 존재함","※ r-command: 인증 없이 관리자의 원격 접속을 가능하게 하는 명령어들로 rsh(remsh), rlogin,
rexec, rsync 등이 있음","SOLARIS, LINUX, AIX, HP-UX 등",불필요한 r 계열 서비스가 비활성화된 경우,불필요한 r 계열 서비스가 활성화된 경우,"불필요한 r 계열 서비스 중지 및 비활성화 설정
※ NET Backup 등 특별한 용도로 사용하지 않는다면 shell(514), login(513), exec(512) 서비스 중
지
※ rlogin, rsh, rexec 서비스는 backup, 클러스터링 등의 용도로 종종 사용되고 있으므로 해당 서비
스 사용 유무를 확인하여 미사용시 서비스 중지
※ /etc/hosts.equiv 또는 $HOME/.rhosts 파일을 통해 해당 서비스 사용 여부 확인 (파일이 존재
하지 않거나 해당 파일 내에 설정이 없다면 사용하지 않는 것으로 간주)",일반적인 경우 영향 없음,,,77,79,2026
U-37,U-37,crontab 설정파일 권한 설정 미흡,UNIX 서버,UNIX > 3. 서비스 관리,상,crontab 및 at 서비스 관련 파일의 권한 적절성 여부 점검,관리자 외에는 서비스를 사용할 수 없도록 설정하고 있는지 점검하기 위함,"일반 사용자가 crontab 및 at 서비스를 사용할 수 있을 경우, 고의 또는 실수로 불법적인 예약 파일
실행으로 시스템 피해를 일으킬 수 있는 위험이 존재함","※ cron 시스템: 특정 작업을 정해진 시간에 주기적이고 반복적으로 실행하기 위한 데몬 및 설정
※ cron.allow: 사용자 ID를 등록하면 등록된 사용자는 crontab 명령어 사용이 가능함
※ cron.deny: 사용자 ID를 등록하면 등록된 사용자는 crontab 명령어 사용이 불가능함
※ at 서비스(일회성 작업 예약): 지정한 시간에 어떠한 작업이 실행될 수 있도록 작업 스케줄을 예약
처리해 주는 기능을 제공함. /etc/at.allow 파일에 등록된 사용자만이 at 명령을 사용할 수 있음
※ 기반시설 시스템에서 at 서비스의 이용은 원칙적으로 금지하나, 불가피하게 사용 시 소유자 및 권한
설정 등의 보안 조치를 반드시 적용해야 함","SOLARIS, LINUX, AIX, HP-UX 등","crontab 및 at 명령어에 일반 사용자 실행 권한이 제거되어 있으며, cron 및 at 관련 파일 권한이 640 이하인 경우","crontab 및 at 명령어에 일반 사용자 실행 권한이 부여되어 있으며, cron 및 at 관련 파일 권한이 640 이상인 경우","crontab 및 at 명령어 파일 권한 750 이하, cron 및 at 관련 파일 소유자 및 파일 권한 640 이하 설정",일반적인 경우 영향 없음,,,80,82,2026
U-38,U-38,DoS 공격에 취약한 서비스 비활성화,UNIX 서버,UNIX > 3. 서비스 관리,상,사용하지 않는 DoS 공격에 취약한 서비스의 실행 여부 점검,"많은 취약점을 가진 echo, discard, daytime, chargen, ntp, snmp 등의 서비스를 중지하여
시스템의 보안성을 높이기 위함","해당 서비스가 활성화된 경우, 시스템 정보 유출 및 DoS 공격의 대상이 될 수 있는 위험이 존재함","※ DoS(Denial of Service attack): 시스템을 악의적으로 공격해 해당 시스템의 자원을 부족하게
하여 원래 의도된 용도로 사용하지 못하게 하는 공격. 특정 서버에게 수많은 접속 시도를 만들어
다른 이용자가 정상적으로 서비스 이용을 하지 못하게 하거나, 서버의 TCP 연결을 바닥내는 등의
공격이 이 범위에 포함됨","SOLARIS, LINUX, AIX, HP-UX 등",DoS 공격에 취약한 서비스가 비활성화된 경우,DoS 공격에 취약한 서비스가 활성화된 경우,"echo, discard, daytime, chargen, ntp, dns, snmp 등의 서비스 비활성화 설정",일반적인 경우 영향 없음,,,83,85,2026
U-39,U-39,불필요한 NFS 서비스 비활성화,UNIX 서버,UNIX > 3. 서비스 관리,상,불필요한 NFS 서비스 사용 여부 점검,"NFS(Network File System) 서비스는 한 서버의 파일을 많은 서비스 서버들이 공유하여 사용할 때
이용하는 서비스지만 이를 이용한 침해사고 위험성이 높으므로 사용하지 않는 경우 중지하기 위함","NFS 서비스는 서버의 디스크를 클라이언트와 공유하는 서비스로 적정한 보안 설정이 적용되어 있지
않다면 불필요한 파일 공유로 인한 유출 위험이 존재함","※ NFS(Network File System): 원격 컴퓨터의 파일 시스템을 로컬 시스템에 마운트하여 로컬 파일
시스템처럼 사용할 수 있는 프로그램
※ NFS 서비스 사용은 원칙적으로 금지되어 있지만 불가피하게 사용 시 필요한 경우 U-40 항목을
참조하여 통제해야 함","SOLARIS, LINUX, AIX, HP-UX 등",불필요한 NFS 서비스 관련 데몬이 비활성화된 경우,불필요한 NFS 서비스 관련 데몬이 활성화된 경우,"NFS 서비스를 사용하지 않는 경우 서비스 중지 및 비활성화 설정
※ 로컬 서버에 마운트 되어 있는 디렉터리 제거 및 공유 디렉터리 제거 후 서비스 중지 가능",일반적인 경우 영향 없음,,,86,88,2026
U-40,U-40,NFS 접근 통제,UNIX 서버,UNIX > 3. 서비스 관리,상,NFS(Network File System)의 접근 통제 설정 적용 여부 점검,접근 권한이 없는 비인가자의 접근을 통제하기 위함,"접근 통제 설정이 적절하지 않을 경우, 인증 절차 없이 비인가자가 디렉터리나 파일의 접근이 가능하며,
해당 공유 시스템에 원격으로 마운트하여 중요 파일을 변조하거나 유출할 위험이 존재함","※ NFS 서비스 사용 금지가 원칙이나, 불가피하게 사용 시 NFS v2, v3는 평문으로 전송되는
취약점이 있으므로 암호화되는 v4를 사용하는 것을 권고함
※ NFS 서비스를 사용해야 하는 경우, NFS 설정 파일에 꼭 필요한 디렉터리만 설정하고, 허가된
사용자만 접근할 수 있도록 올바른 접근 통제를 설정해야 함","SOLARIS, LINUX, AIX, HP-UX 등",접근 통제가 설정되어 있으며 NFS 설정 파일 접근 권한이 644 이하인 경우,접근 통제가 설정되어 있지 않고 NFS 설정 파일 접근 권한이 644를 초과하는 경우,"Ÿ NFS 서비스를 사용하지 않는 경우 서비스 중지 및 비활성화 설정
Ÿ 불가피하게 사용 시 접근 통제 설정 및 NFS 설정 파일 접근 권한 644 설정",일반적인 경우 영향 없음,,,89,92,2026
U-41,U-41,불필요한 automountd 제거,UNIX 서버,UNIX > 3. 서비스 관리,상,automountd 서비스 데몬의 실행 여부 점검,"로컬 공격자가 automountd 데몬에 RPC(Remote Procedure Call)를 보낼 수 있는 취약점이
존재하기 때문에 해당 서비스를 중지시키기 위함","파일 시스템의 마운트 옵션을 변경하여 root 권한을 획득할 수 있으며, 로컬 공격자가 automountd
프로세스 권한으로 임의의 명령을 실행할 수 있는 위험이 존재함","※ automountd: 클라이언트에서 자동으로 서버에 마운트를 시키고 일정 시간 사용하지 않으면
unmount 시켜 주는 기능을 말함
※ RPC(Remote Procedure Call): 별도의 원격 제어를 위한 코딩 없이 다른 주소 공간에서 함수나
프로시저를 실행할 수 있게 하는 프로세스 간 프로토콜","SOLARIS, LINUX, AIX, HP-UX 등",automountd 서비스가 비활성화된 경우,automountd 서비스가 활성화된 경우,automountd 서비스 비활성화 설정,"NFS 및 삼바(Samba) 서비스에서 사용 시 automountd 사용 여부 확인이 필요하며, 적용 시
CD-ROM의 자동 마운트는 이뤄지지 않음 (/etc/auto.*, /etc/auto_* 파일을 확인하여 필요 여부
확인)",,,93,95,2026
U-42,U-42,불필요한 RPC 서비스 비활성화,UNIX 서버,UNIX > 3. 서비스 관리,상,불필요한 RPC 서비스의 실행 여부 점검,"많은 취약점(버퍼 오버플로우, DoS, 원격 실행 등)이 존재하는 RPC 서비스를 비활성화하여 시스템의
보안성을 높이기 위함",RPC 서비스의 취약점을 통해 비인가자가 root 권한 획득 및 각종 공격을 시도할 위험이 존재함,"※ 불필요한 RPC 서비스: rpc.cmsd, rpc.ttdbserverd, sadmind, rusersd, walld, sprayd,
rstatd, rpc.nisd, rexd, rpc.pcnfsd, rpc.statd, rpc.ypupdated, rpc.rquotad, kcms_server,
cachefsd","SOLARIS, LINUX, AIX, HP-UX 등",불필요한 RPC 서비스가 비활성화된 경우,불필요한 RPC 서비스가 활성화된 경우,불필요한 RPC 서비스 중지 및 비활성화 설정,일반적인 경우 영향 없음,,,96,98,2026
U-43,U-43,"NIS, NIS+ 점검",UNIX 서버,UNIX > 3. 서비스 관리,상,"안전하지 않은 NIS 서비스의 비활성화, 안전한 NIS+ 서비스의 활성화 여부 점검","안전하지 않은 NIS 서비스를 비활성화하고 안전한 NIS+ 서비스를 활성화하여 시스템의 보안성을
높이기 위함","NIS 서비스가 활성화된 경우, 비인가자가 타 시스템의 root 권한까지 탈취할 수 있는 위험이 존재함","※ NIS 주 서버는 정보표를 소유하여 NIS 대응 파일들로 변환하고, 이 대응 파일들이 네트워크를 통해
제공됨으로써 모든 컴퓨터에 정보가 갱신되도록 함. 네트워크를 통한 공유로부터 관리자와
사용자들에게 일관성 있는 시스템 환경을 제공함","SOLARIS, LINUX, AIX, HP-UX 등","NIS 서비스가 비활성화되어 있거나, 불가피하게 사용 시 NIS+ 서비스를 사용하는 경우",NIS 서비스가 활성화된 경우,NIS 관련 서비스 비활성화 설정,일반적인 경우 영향 없음,,,99,101,2026
U-44,U-44,"tftp, talk 서비스 비활성화",UNIX 서버,UNIX > 3. 서비스 관리,상,"tftp, talk, ntalk 서비스의 활성화 여부 점검",안전하지 않거나 불필요한 서비스를 제거함으로써 시스템 보안성 및 리소스의 효율적 운용하기 위함,사용하지 않는 서비스나 취약점이 발표된 서비스 운용 시 공격 시도 가능한 위험이 존재함,"※ tftp: 파일 전송을 위한 프로토콜로서 FTP 서비스보다 구조가 단순하며 적은 양의 데이트를 보낼 때
사용됨. 주로 원격의 부팅 파일을 불러오거나 설치 프로세스를 시작하기 위한 초기 데이터 호출
용도로 사용. 서비스 사용 시 인증 절차가 없어 보안에 취약함
※ talk: 사용자가 시스템에 원격으로 연결하여 다른 시스템에 로그인하고 있는 사용자와 대화 세션을
시작할 수 있음
※ ntalk: 서로 다른 시스템 간에 채팅을 가능하게 하는 서비스","SOLARIS, LINUX, AIX, HP-UX 등","tftp, talk, ntalk 서비스가 비활성화된 경우","tftp, talk, ntalk 서비스가 활성화된 경우","불필요한 tftp, talk, ntalk 서비스 비활성화 설정",일반적인 경우 영향 없음,,,102,104,2026
U-45,U-45,메일 서비스 버전 점검,UNIX 서버,UNIX > 3. 서비스 관리,상,취약한 버전의 메일 서비스 이용 여부 점검,"메일 서비스 사용 목적 검토 및 취약점이 없는 버전의 사용 유무 점검으로 최적화된 메일 서비스의
운영하기 위함","취약점이 발견된 메일 버전의 경우 버퍼 오버플로우(Buffer Overflow) 공격에 의한 시스템 권한 획득
및 주요 정보 노출의 위험이 존재함",-,"SOLARIS, LINUX, AIX, HP-UX 등",메일 서비스 버전이 최신 버전인 경우,메일 서비스 버전이 최신 버전이 아닌 경우,"Ÿ 메일 서비스를 사용하지 않는 경우 서비스 중지 및 비활성화 설정
Ÿ 메일 서비스 사용 시 패치 관리 정책을 수립하여 주기적으로 패치 적용 설정",패치 적용 시 시스템 및 서비스의 영향 정도를 충분히 고려해야 함,,,105,110,2026
U-46,U-46,일반 사용자의 메일 서비스 실행 방지,UNIX 서버,UNIX > 3. 서비스 관리,상,SMTP 서비스 사용 시 일반 사용자의 q 옵션 제한 여부 점검,"일반 사용자의 q 옵션을 제한하여 메일 서비스 설정 및 메일 큐를 강제적으로 drop 시킬 수 없게 하여
비인가자에 의한 SMTP 서비스 오류 방지하기 위함","일반 사용자가 q 옵션을 이용해서 메일 큐, 메일 서비스 설정을 보거나 메일 큐를 강제적으로 drop 시킬
수 있어 악의적으로 SMTP 서버의 오류를 발생시킬 위험이 존재함","※ SMTP(Simple Mail Transfer Protocol): 인터넷상에서 전자우편(E-mail)을 전송할 때 이용하게
되는 표준 통신 규약을 말함","SOLARIS, LINUX, AIX, HP-UX 등",일반 사용자의 메일 서비스 실행 방지가 설정된 경우,일반 사용자의 메일 서비스 실행 방지가 설정되어 있지 않은 경우,"Ÿ 메일 서비스를 사용하지 않는 경우 서비스 중지 및 비활성화 설정
Ÿ 메일 서비스 사용 시 메일 서비스의 q 옵션 제한 설정",일반적인 경우 영향 없음,,,111,112,2026
U-47,U-47,스팸 메일 릴레이 제한,UNIX 서버,UNIX > 3. 서비스 관리,상,SMTP 서버의 릴레이 기능 제한 여부 점검,스팸 메일 서버로의 악용 방지 및 서버 과부하를 방지하기 위함,"SMTP 서버의 릴레이 기능을 제한하지 않을 경우, 악의적인 사용 목적을 가진 사용자들이 스팸 메일
서버로 사용하거나 DoS 공격의 위험이 존재함","※ SMTP(Simple Mail Transfer Protocol) 서버: SMTP에 의해 전자 메일을 발신하는 서버(server)
를 SMTP 서버라고 함
※ 메일 서비스를 사용하지 않는 경우 양호 또는 N/A","SOLARIS, LINUX, AIX, HP-UX 등",릴레이 제한이 설정된 경우,릴레이 제한이 설정되어 있지 않은 경우,"Ÿ 메일 서비스를 사용하지 않는 경우 서비스 중지 및 비활성화 설정
Ÿ 메일 서비스 사용 시 릴레이 방지 설정 또는 릴레이 대상 접근 제어 설정",일반적인 경우 영향 없음,,,113,115,2026
U-48,U-48,"expn, vrfy 명령어 제한",UNIX 서버,UNIX > 3. 서비스 관리,중,"SMTP 서비스 사용 시 expn, vrfy 명령어 사용 금지 설정 여부 점검","SMTP 서비스의 expn, vrfy 명령을 통한 정보 유출을 방지하기 위함","expn, vrfy 명령어를 통하여 특정 사용자 계정의 존재 여부를 알 수 있고, 사용자의 정보를 외부로
유출할 수 있는 위험이 존재함","※ expn(메일링 리스트 확장): 메일 전송 시 포워딩하기 위한 명령어
※ vrfy: SMTP 클라이언트가 SMTP 서버에 특정 아이디에 대한 메일이 있는지 검증하기 위해 보내는
명령어
※ goway: authwarnings, noexpn, novrfy, noveb, needmailhelo, needexpnhelo, needvrfyhelo,
nobodyreturn 옵션을 통합한 단축 옵션
※ 메일 서비스를 사용하지 않는 경우 양호 또는 N/A","SOLARIS, LINUX, AIX, HP-UX 등","noexpn, novrfy 옵션이 설정된 경우","noexpn, novrfy 옵션이 설정되어 있지 않은 경우","Ÿ 메일 서비스를 사용하지 않는 경우 서비스 중지 및 비활성화 설정
Ÿ 메일 서비스 사용 시 메일 서비스 설정 파일에 noexpn, novrfy 또는 goaway 옵션 추가 설정",일반적인 경우 영향 없음,,,116,117,2026
U-49,U-49,DNS 보안 버전 패치,UNIX 서버,UNIX > 3. 서비스 관리,상,BIND 최신 버전 사용 유무 및 주기적 보안 패치 여부 점검,취약점이 발표되지 않은 BIND 버전을 사용하여 시스템 보안성을 높이기 위함,"취약점이 내포된 BIND 버전을 사용할 경우, DoS 공격, 버퍼 오버플로우(Buffer Overflow) 및 DNS
서버 원격 침입 등의 위험이 존재함","※ BIND(Berkeley Internet Name Domain): BIND는 BSD 기반의 유닉스 시스템을 위해 설계된
DNS로 서버와 resolver 라이브러리로 구성되어 있음. 네임 서버는 클라이언트들이 이름
자원들이나 Object들에 접근하여, 네트워크 내의 다른 Object들과 함께 정보를 공유할 수 있게
해주는 네트워크 서비스로 사실상 컴퓨터 네트워크 내의 Object들을 위한 분산 데이터베이스
시스템임","SOLARIS, LINUX, AIX, HP-UX 등",주기적으로 패치를 관리하는 경우,주기적으로 패치를 관리하고 있지 않은 경우,"Ÿ DNS 서비스를 사용하지 않는 경우 서비스 중지 및 비활성화 설정
Ÿ DNS 서비스 사용 시 패치 관리 정책 수립 및 주기적으로 패치 적용 설정
※ DNS 서비스의 경우 대부분의 버전에서 취약점이 보고되고 있으므로 OS 관리자, 서비스 개발자가
패치 적용에 따른 서비스 영향 정도를 정확히 파악하여 주기적인 패치 적용 정책 수리 후 적용",패치 적용 시 시스템 및 서비스 영향 정도를 충분히 고려해야 함,,,118,120,2026
U-50,U-50,DNS ZoneTransfer 설정,UNIX 서버,UNIX > 3. 서비스 관리,상,Secondary Name Server로만 Zone 정보 전송 제한 여부 점검,DNS Zone Transfer 설정을 통해 비인가자에 대한 무단 접근을 방지하기 위함,"Zone Transfer를 모든 사용자에게 허용할 경우, 비인가자에게 호스트 정보, 시스템 정보 등 중요 정보가
유출될 위험이 존재함","※ DNS Zone Transfer는 Primary Name Server와 Secondary Name Server 간에 Zone 정보를
일관성 있게 유지하기 위하여 사용하는 기능","SOLARIS, LINUX, AIX, HP-UX 등",Zone Transfer를 허가된 사용자에게만 허용한 경우,Zone Transfer를 모든 사용자에게 허용한 경우,"Ÿ DNS 서비스를 사용하지 않는 경우 서비스 중지 및 비활성화 설정
Ÿ DNS 서비스 사용 시 DNS Zone Transfer를 허가된 사용자에게만 전송 허용하도록 설정",Zone Transfer 설정에서 허용할 대상을 정상적으로 등록하였다면 일반적으로 영향 없음,,,121,121,2026
U-51,U-51,DNS 서비스의 취약한 동적 업데이트 설정 금지,UNIX 서버,UNIX > 3. 서비스 관리,중,DNS 서비스의 취약한 동적 업데이트 설정 여부 점검,"DNS 서비스의 동적 업데이트를 비활성화함으로써 신뢰할 수 없는 원본으로부터 업데이트를
받아들이는 위험을 차단하기 위함","DNS 서버에서 동적 업데이트를 사용할 경우, 악의적인 사용자에 의해 신뢰할 수 없는 데이터가
받아들여질 위험이 존재함","※ DNS 동적 업데이트: DNS 정보에 변경 사항이 있을 때마다 DNS 클라이언트 컴퓨터가 자신의
리소스 레코드(zone 파일)를 DNS 서버에 자동으로 업데이트하는 기능으로 영역 레코드 수동 관리
작업을 줄일 수 있음","SOLARIS, LINUX, AIX, HP-UX 등","DNS 서비스의 동적 업데이트 기능이 비활성화되었거나, 활성화 시 적절한 접근통제를 수행하고 있는 경우",DNS 서비스의 동적 업데이트 기능이 활성화 중이며 적절한 접근통제를 수행하고 있지 않은 경우,"Ÿ DNS 서비스를 사용하지 않는 경우 서비스 중지 및 비활성화 설정
Ÿ DNS 서비스 사용 시 일반적으로 동적 업데이트 기능이 필요 없으나 확인 필요함",일반적인 경우 영향 없음,,,122,123,2026
U-52,U-52,Telnet 서비스 비활성화,UNIX 서버,UNIX > 3. 서비스 관리,중,원격 접속 시 Telnet 프로토콜 사용 여부 점검,취약한 Telnet 프로토콜을 비활성화함으로써 계정 및 중요 정보 유출 방지하기 위함,"원격 접속 시 Telnet 프로토콜을 사용할 경우, 데이터가 평문으로 전송되어 비인가자가 스니핑을 통해
계정 및 중요 정보를 외부로 유출할 위험이 존재함",※ 스니핑: 컴퓨터 네트워크상에 흘러 다니는 트래픽을 도청하는 행위,"SOLARIS, LINUX, AIX, HP-UX 등",원격 접속 시 Telnet 프로토콜을 비활성화하고 있는 경우,원격 접속 시 Telnet 프로토콜을 사용하는 경우,"Telnet, FTP 등 안전하지 않은 서비스 사용을 중지하고 SSH 설치 및 사용하도록 설정",일반적인 경우 영향 없음,,,124,126,2026
U-53,U-53,FTP 서비스 정보 노출 제한,UNIX 서버,UNIX > 3. 서비스 관리,하,FTP 서비스 정보 노출 여부 점검,FTP 서비스 접속 배너를 통한 불필요한 정보 노출을 방지하기 위함,"서비스 접속 배너가 차단되지 않을 경우, 비인가자가 FTP 접속 시도 시 노출되는 접속 배너 정보를
수집하여 악의적인 공격에 이용할 위험이 존재함",-,"SOLARIS, LINUX, AIX, HP-UX 등",FTP 접속 배너에 노출되는 정보가 없는 경우,FTP 접속 배너에 노출되는 정보가 있는 경우,"Ÿ FTP 서비스를 사용하지 않는 경우 서비스 중지 및 비활성화 설정
Ÿ FTP 서비스 사용 시 FTP 설정 파일을 통해 접속 배너 설정
※ 접속 배너에 서비스 이름이나 버전 정보를 노출하지 않는 것을 권고",일반적인 경우 영향 없음,,,127,130,2026
U-54,U-54,암호화되지 않는 FTP 서비스 비활성화,UNIX 서버,UNIX > 3. 서비스 관리,중,암호화되지 않은 FTP 서비스 비활성화 여부 점검,암호화되지 않은 FTP 서비스를 비활성화함으로써 계정 및 중요 정보 유출 방지하기 위함,"암호화되지 않은 FTP 서비스를 사용할 경우, 데이터가 평문으로 전송되어 비인가자가 스니핑을 통해
계정 및 중요 정보를 외부로 유출할 위험이 존재함","※ 기반시설 시스템에서 FTP 서비스의 이용은 원칙적으로 금지하나, 불가피하게 사용 시 SFTP 사용 권고
※ 암호화되지 않은 FTP 서비스 종류 : FTP
※ 암호화되어 있는 FTP 서비스 종류 : SFTP, FTP over SSH(Secure FTP), FTPS","SOLARIS, LINUX, AIX, HP-UX 등",암호화되지 않은 FTP 서비스가 비활성화된 경우,암호화되지 않은 FTP 서비스가 활성화된 경우,암호화되지 않은 FTP 서비스 중지 및 비활성화 설정,일반적인 경우 영향 없음,,,131,133,2026
U-55,U-55,FTP 계정 shell 제한,UNIX 서버,UNIX > 3. 서비스 관리,중,FTP 기본 계정에 쉘 설정 여부 점검,FTP 계정의 쉘을 통한 시스템 접근을 차단하기 위함,"FTP 기본 계정에 쉘이 부여될 경우, 비인가자가 해당 기본 계정으로 시스템에 접근할 위험이 존재함","※ 기반시설 시스템에서 FTP 서비스의 이용은 원칙적으로 금지하나, 불가피하게 사용 시 shell 제한
등의 보안 조치를 반드시 적용해야 함","SOLARIS, LINUX, AIX, HP-UX 등",FTP 계정에 /bin/false(/sbin/nologin) 쉘이 부여된 경우,FTP 계정에 /bin/false(/sbin/nologin) 쉘이 부여되어 있지 않은 경우,"Ÿ FTP 서비스를 사용하지 않는 경우 서비스 중지 및 비활성화 설정
Ÿ FTP 서비스 사용 시 FTP 계정에 /bin/false 쉘 부여 설정",일반적인 경우 영향 없음,,,134,134,2026
U-56,U-56,FTP 서비스 접근 제어 설정,UNIX 서버,UNIX > 3. 서비스 관리,하,FTP 서비스에 비인가자의 접근 가능 여부 점검,접근 권한이 없는 비인가자의 접근을 통제하기 위함,"FTP 서비스의 접근제한 설정이 적절하지 않을 경우, 인증 절차 없이 비인가자가 디렉터리나 파일에
접근할 수 있어 중요 파일 변조 및 유출을 시도할 위험이 존재함","※ 기반시설 시스템에서 FTP 서비스의 이용은 원칙적으로 금지하나, 불가피하게 사용 시 접근 제어
설정 등의 보안 조치를 반드시 적용해야 함","SOLARIS, LINUX, AIX, HP-UX 등",특정 IP주소 또는 호스트에서만 FTP 서버에 접속할 수 있도록 접근 제어 설정을 적용한 경우,FTP 서버에 접근 제어 설정을 적용하지 않은 경우,"Ÿ FTP 서비스를 사용하지 않는 경우 서비스 중지 및 비활성화 설정
Ÿ FTP 서비스 사용 시 접근 제어 설정",특정 IP주소 또는 호스트에서만 FTP 접속이 가능함,,,135,138,2026
U-57,U-57,Ftpusers 파일 설정,UNIX 서버,UNIX > 3. 서비스 관리,중,FTP 서비스에 root 계정 접근 제한 설정 여부 점검,root 계정의 FTP 직접 접속을 제한하여 root 비밀번호 정보 노출을 방지하기 위함,"FTP 서비스에 root 계정으로 접근할 경우, 데이터가 평문으로 전송되어 비인가자가 스니핑을 통해
관리자 계정 및 중요 정보를 외부로 유출할 위험이 존재함","※ 기반시설 시스템에서 FTP 서비스의 이용은 원칙적으로 금지하나, 불가피하게 사용 시 root 계정
접근 제한 등의 보안 조치를 반드시 적용해야 함","SOLARIS, LINUX, AIX, HP-UX 등",root 계정 접속을 차단한 경우,root 계정 접속을 허용한 경우,"Ÿ FTP 서비스를 사용하지 않는 경우 서비스 중지 및 비활성화 설정
Ÿ FTP 서비스 사용 시 root 계정으로 직접 접속할 수 없도록 설정",애플리케이션에서 root 계정으로 직접 접속하여 FTP를 사용하고 있는 경우 확인 필요,,,139,140,2026
U-58,U-58,불필요한 SNMP 서비스 구동 점검,UNIX 서버,UNIX > 3. 서비스 관리,중,SNMP 서비스 활성화 여부 점검,불필요한 SNMP 서비스를 비활성화하여 필요 이상의 정보가 노출되는 것을 방지하기 위함,"SNMP 서비스가 활성화되어 있을 경우, 비인가자가 시스템의 중요 정보를 유출하거나 불법적으로
수정할 위험이 존재함","※ SNMP(Simple Network Management Protocol): TCP/IP 기반 네트워크상의 각 호스트에서
정기적으로 여러 정보를 자동으로 수집하여 네트워크 관리를 하기 위한 프로토콜을 의미함
※ 기반시설 시스템에서 SNMP 서비스의 이용은 원칙적으로 금지하나, 불가피하게 사용 시 기본
Comunity String 변경, 네트워크 모니터링 등의 보안 조치를 반드시 적용해야 함","SOLARIS, LINUX, AIX, HP-UX 등",SNMP 서비스를 사용하지 않는 경우,SNMP 서비스를 사용하는 경우,SNMP 서비스를 사용하지 않는 경우 서비스 중지 및 비활성화 설정,일반적인 경우 영향 없음,,,141,142,2026
U-59,U-59,안전한 SNMP 버전 사용,UNIX 서버,UNIX > 3. 서비스 관리,상,안전한 SNMP 버전 사용 여부 점검,안전한 SNMP 버전 사용으로 전송되는 데이터를 보호하기 위함,"SNMP 버전이 기준보다 낮을 경우, 응답 패킷이 평문으로 전송되어 스니핑 위험이 존재함","※ SNMP(Simple Network Management Protocol): TCP/IP 기반 네트워크상의 각 호스트에서
정기적으로 여러 정보를 자동으로 수집하여 네트워크 관리를 하기 위한 프로토콜을 의미하며 v1,
v2, v3 세 가지 버전이 존재하는데 v1, v2는 요청 및 응답 패킷이 평문으로 전송되기 때문에
스니핑이 가능하지만 v3 이상부터는 HMAC-MD5 또는 HMAC-SHA 알고리즘 기반의 인증을
제공함","SOLARIS, LINUX, AIX, HP-UX 등",SNMP 서비스를 v3 이상으로 사용하는 경우,SNMP 서비스를 v2 이하로 사용하는 경우,"Ÿ SNMP 서비스를 사용하지 않는 경우 서비스 중지 및 비활성화 설정
Ÿ SNMP 서비스 사용 시 SNMP 버전을 v3 이상으로 적용하도록 설정",일반적인 경우 영향 없음,,,143,144,2026
U-60,U-60,SNMP Community String 복잡성 설정,UNIX 서버,UNIX > 3. 서비스 관리,중,SNMP Community String 복잡성 설정 여부 점검,"SNMP 서비스의 Community String의 복잡성 설정을 통해 비인가자의 비밀번호 추측 공격에
대비하기 위함","Community String에 복잡성 설정이 되어 있지 않을 경우, 비인가자가 비밀번호 추측 공격을 통해
계정 탈취 시 환경설정 파일 열람 및 수정, 각종 정보수집, 관리자 권한 획득 등 다양한 위험이 존재함","※ NMS(Network Management System): 네트워크상의 모든 장비의 중앙 감시 체제를 구축하여
모니터링, 플래닝, 분석을 시행하고 관련 데이터를 보관하여 필요 즉시 활용할 수 있게 하는 관리
시스템을 말함
※ Community String: SNMP는 MIB라는 정보를 주고받기 위해 인증 과정에서 일종의 비밀번호인
Community String을 사용함
※ 기반시설 시스템에서 SNMP 서비스의 이용은 원칙적으로 금지하나, 불가피하게 사용 시 기본
Comunity String 변경, 네트워크 모니터링 등의 보안 조치를 반드시 적용해야 함","SOLARIS, LINUX, AIX, HP-UX 등","SNMP Community String 기본값인 “public”, “private”이 아닌 영문자, 숫자 포함 10자리 이상 또는 영문자, 숫자, 특수문자 포함 8자리 이상인 경우 ※ SNMP v3의 경우 별도 인증 기능을 사용하고, 해당 비밀번호가 복잡도를 만족하는 경우 양호","아래의 내용 중 하나라도 해당되는 경우 1. SNMP Community String 기본값인 “public”, “private”일 경우 2. 영문자, 숫자 포함 10자리 미만인 경우 3. 영문자, 숫자, 특수문자 포함 8자리 미만인 경우","Ÿ SNMP 서비스를 사용하지 않는 경우 서비스 중지 및 비활성화 설정
Ÿ SNMP 서비스 사용 시 SNMP Community String 기본값인 “public”, “private”이 아닌 영문자,
숫자 포함 10자리 이상 또는 영문자, 숫자, 특수문자 포함 8자리 이상으로 설정",일반적인 경우 영향 없음,,,145,147,2026
U-61,U-61,SNMP Access Control 설정,UNIX 서버,UNIX > 3. 서비스 관리,상,SNMP 접근 제어 설정 여부 점검,SNMP 접근 제어 설정을 통해 비인가자의 접근을 차단하기 위함,"SNMP 서비스에 접근 제어가 설정되어 있지 않을 경우, 비인가자의 접근, 네트워크 정보 유출, 시스템
및 네트워크 설정 변경, DoS 공격 등의 위험이 존재함",-,"SOLARIS, LINUX, AIX, HP-UX 등",SNMP 서비스에 접근 제어 설정이 되어 있는 경우,SNMP 서비스에 접근 제어 설정이 되어 있지 않은 경우,"Ÿ SNMP 서비스를 사용하지 않는 경우 서비스 중지 및 비활성화 설정
Ÿ SNMP 서비스 사용 시 SNMP 접근 제어 설정하도록 설정",일반적인 경우 영향 없음,,,148,149,2026
U-62,U-62,로그인 시 경고 메시지 설정,UNIX 서버,UNIX > 3. 서비스 관리,하,"서버 및 서비스에 로그온 시 불필요한 정보 차단 설정 및 불법적인 사용에 대한 경고 메시지 출력 여부
점검","비인가자들에게 서버에 대한 불필요한 정보를 제공하지 않고, 서버 접속 시 관계자만 접속해야 한다는
경각심을 심어 주기 위함","로그온 시 경고 메시지가 설정되어 있지 않을 경우, 기본 설정값엔 서버 OS 버전 및 서비스 버전이
비인가자에게 노출되어 해당 정보를 통해 서비스의 취약점을 이용하여 공격을 시도할 위험이 존재함","※ 로그온 시 경고 메시지는 공격자의 활동을 주시하고 있다는 생각을 상기시킴으로써 간접적으로
공격 피해를 감소시키는 효과를 줄 수 있음","SOLARIS, LINUX, AIX, HP-UX 등","서버 및 Telnet, FTP, SMTP, DNS 서비스에 로그온 시 경고 메시지가 설정된 경우","서버 및 Telnet, FTP, SMTP, DNS 서비스에 로그온 시 경고 메시지가 설정되어 있지 않은 경우","Telnet, FTP, SMTP, DNS 서비스를 사용하는 경우 설정 파일을 통해 로그온 시 경고 메시지 설정",일반적인 경우 영향 없음,,,150,158,2026
U-63,U-63,sudo 명령어 접근 관리,UNIX 서버,UNIX > 3. 서비스 관리,중,/etc/sudoers 파일 권한 적절성 여부 점검,"비인가자가 관리자 권한을 남용하여 시스템 손상, 악성 코드 실행, 민감한 데이터 유출 등의 보안 위협을
방지하기 위함","sudo 명령어 접근을 제한하지 않을 경우, 비인가자가 관리자 권한으로 허가되지 않은 명령어를
사용하여 루트 권한 오용, 악성 코드 실행, 데이터 유출 등의 시도를 할 위험이 존재함","※ sudo(SuperUser DO): root 권한으로 명령어를 실행함
※ /etc/sudoers: sudo 명령을 사용하여 다른 명령을 실행할 수 있는 사용자를 지정하는 파일","SOLARIS, LINUX, AIX, HP-UX 등","/etc/sudoers 파일 소유자가 root이고, 파일 권한이 640인 경우","/etc/sudoers 파일 소유자가 root가 아니거나, 파일 권한이 640을 초과하는 경우",/etc/sudoers 파일 소유자 및 권한 변경 설정,일반적인 경우 영향 없음,,,159,159,2026
U-64,U-64,주기적 보안 패치 및 벤더 권고사항 적용,UNIX 서버,UNIX > 4. 패치 관리,상,시스템에서 최신 패치가 적용 여부 점검,주기적인 패치 적용을 통해 시스템 안정성 및 보안성을 확보하기 위함,"최신 보안패치가 적용되지 않을 경우, 이미 알려진 취약점을 통하여 공격자에 의해 시스템 침해사고
발생할 위험이 존재함","※ 최신 버전의 Kernel을 사용하도록 권고하고 있으나, 시스템 운영상 적용이 어려운 경우 최신 버전이
아닌 취약점이 존재하지 않는 Kernel 버전도 허용하고 있음","SOLARIS, LINUX, AIX, HP-UX 등","패치 적용 정책을 수립하여 주기적으로 패치 관리를 하고 있으며, 패치 관련 내용을 확인하고 적용하였을 경우","패치 적용 정책을 수립하지 않고 주기적으로 패치 관리를 하지 않거나, 패치 관련 내용을 확인하지 않고 적용하지 않고 있는 경우","OS 관리자, 서비스 개발자가 패치 적용에 따른 서비스 영향 정도를 파악하여 OS 관리자 및 벤더에서
적용하도록 설정
※ OS 패치의 경우 지속해서 취약점이 발표되고 있으므로 O/S 관리자, 서비스 개발자가 패치 적용에
따른 서비스 영향 정도를 정확히 파악하여 주기적인 패치 적용 정책을 수립하여 적용해야 함",일반적인 경우 영향 없음,,,160,163,2026
U-65,U-65,NTP 및 시각 동기화 설정,UNIX 서버,UNIX > 5. 로그 관리,중,NTP 및 시각 동기화 설정 여부 점검,"인증 및 감사 목적을 위한 시간 동기화는 필수적이며, 안전하고 승인된 NTP 서비스와 동기화하기 위함","시스템 간 시간 동기화 미흡으로 보안 사고 및 장애 발생 시 로그에 대한 신뢰도 확보 미흡 위험이
존재함",-,"SOLARIS, LINUX, AIX, HP-UX 등",NTP 및 시각 동기화 설정이 기준에 따라 적용된 경우,NTP 및 시각 동기화 설정이 기준에 따라 적용되어 있지 않은 경우,NTP 설정 및 동기화 주기 설정,일반적인 경우 영향 없음,,,164,165,2026
U-66,U-66,정책에 따른 시스템 로깅 설정,UNIX 서버,UNIX > 5. 로그 관리,중,내부 정책에 따른 시스템 로깅 설정 여부 점검,보안 사고 발생 시 원인 파악 및 각종 침해 사실 확인을 하기 위함,"로깅 설정이 되어 있지 않을 경우, 원인 규명이 어려우며 법적 대응을 위한 충분한 증거로 사용할 수
없는 위험이 존재함","※ 감사 설정이 너무 높으면 보안 로그에 불필요한 항목이 많이 기록되어 매우 중요한 항목과 혼동할
수 있으며 시스템 성능에도 심각한 영향을 줄 수 있으므로 법적 요구 사항과 조직의 정책에 따라
필요한 로그를 남기도록 설정해야 함","SOLARIS, LINUX, AIX, HP-UX 등","로그 기록 정책이 보안 정책에 따라 설정되어 수립되어 있으며, 로그를 남기고 있는 경우","로그 기록 정책 미수립 또는 정책에 따라 설정되어 있지 않거나, 로그를 남기고 있지 않은 경우","로그 기록 정책을 수립하고, 정책에 따라 (r)syslog.conf 파일을 설정","아래 제시한 모든 로그를 설정할 경우, 시스템 성능과 로그 저장에 따른 서버 용량 부족 문제가 발생할
수 있으므로 시스템 운영 환경과 특성을 고려하여 적용",,,166,170,2026
U-67,U-67,로그 디렉터리 소유자 및 권한 설정,UNIX 서버,UNIX > 5. 로그 관리,중,로그에 대한 접근 통제 및 관리 여부 점검,로그 파일을 관리자만 제어할 수 있게 하여 비인가자의 임의적인 파일 훼손 및 변조를 방지하기 위함,"로그에 대한 접근 통제가 미흡할 경우, 비인가자가 로그에서 정보를 획득하거나 로그 자체를 변조할 수
있는 위험이 존재함",-,"SOLARIS, LINUX, AIX, HP-UX 등","디렉터리 내 로그 파일의 소유자가 root이고, 권한이 644 이하인 경우","디렉터리 내 로그 파일의 소유자가 root가 아니거나, 권한이 644를 초과하는 경우",디렉터리 내 로그 파일 소유자 및 권한 변경 설정,일반적인 경우 영향 없음,,,171,176,2026
W-01,W-01,Administrator 계정 이름 변경 등 보안성 강화,Windows 서버,Windows 서버 > 1. 계정 관리,상,"윈도우 최상위 관리자 계정인 Administrator의 계정명 변경 또는 보안을 고려한 비밀번호 설정 여부
점검","윈도우 기본 관리자 계정인 Administrator의 이름을 변경 또는 보안을 고려한, 잘 알려진 계정을 통한
악의적인 패스워드 추측 공격을 차단하기 위함","Ÿ 일반적으로 관리자 계정으로 잘 알려진 Administrator를 변경하지 않는 경우 악의적인 사용자의
패스워드 추측 공격을 통해 사용 권한 상승의 위험이 있으며, 관리자를 유인하여 침입자의 액세스를
허용하는 악성코드를 실행할 위험이 존재함
Ÿ 윈도우 최상위 관리자 계정인 Administrator는 기본적으로 삭제하거나 잠글 수 없어 악의적인
사용자의 목표가 될 위험이 존재함","※ 윈도우 서버는 Administrator 계정을 비활성화할 수 있으나 안전 모드로 컴퓨터를 시작할 경우 본
계정은 자동으로 활성화됨","Windows NT, 2000, 2003, 2008, 2012, 2016, 2019, 2022",Administrator 기본 계정 이름을 변경하거나 강화된 비밀번호를 적용한 경우,Administrator 기본 계정 이름을 변경하지 않거나 단순 비밀번호를 적용한 경우,Administrator 기본 계정 이름 변경 및 보안성이 있는 비밀번호 설정,일반적인 경우 영향 없음,,,177,177,2026
W-02,W-02,Guest 계정 비활성화,Windows 서버,Windows 서버 > 1. 계정 관리,상,Guest 계정 비활성화 여부 점검,Guest 계정을 비활성화하여 불특정 다수의 임시적인 시스템 접근을 차단하기 위함,"Guest 계정은 시스템에 임시로 액세스해야 하는 사용자용 계정으로, 해당 계정을 사용하여 권한 없는
사용자가 시스템에 익명으로 액세스할 수 있으므로 비인가자 접근, 정보 유출 등 보안 위험이 존재함","※ Windows Guest 계정은 삭제 불가능한 built-in 계정으로 보안 강화 목적으로 반드시 비활성화 처
리해야 함","Windows NT, 2000, 2003, 2008, 2012, 2016, 2019, 2022",Guest 계정이 비활성화되어 있는 경우,Guest 계정이 활성화되어 있는 경우,Guest 계정 비활성화,일반적인 경우 영향 없음,,,178,178,2026
W-03,W-03,불필요한 계정 제거,Windows 서버,Windows 서버 > 1. 계정 관리,상,시스템 내 불필요한 계정 및 의심스러운 계정의 존재 여부를 점검,"퇴직, 전직, 휴직 등의 이유로 사용하지 않는 계정, 불필요한 계정 및 의심스러운 계정을 삭제하여,
일반적으로 로그인이 필요치 않은 해당 계정들을 통한 로그인을 차단하고, 계정의 패스워드 추측 공격
시도를 차단하기 위함","관리되지 않은 불필요한 계정은 장기간 비밀번호가 변경되지 않아 무차별 대입 공격(Brute Force
Attack)이나 비밀번호 추측 공격(Password Guessing Attack)의 가능성이 존재하며, 또한 이런
공격으로 계정정보가 유출되어도 유출 사실을 인지하기 어려워 초기 대응이 불가능한 위험이 존재함","※ 무차별 대입 공격(Brute Force Attack): 특정 암호를 해독하기 위해 가능한 모든 값을 대입하는
공격 방법","Windows NT, 2000, 2003, 2008, 2012, 2016, 2019, 2022",불필요한 계정이 존재하지 않는 경우,불필요한 계정이 존재하는 경우,현재 계정 현황 확인 후 불필요한 계정 삭제,명확하게 파악되지 않은 계정을 삭제하는 경우 해당 계정과 관련한 업무에 장애 발생 가능성이 존재함,,,179,179,2026
W-04,W-04,계정 잠금 임계값 설정,Windows 서버,Windows 서버 > 1. 계정 관리,상,계정 잠금 임계값의 설정 여부 점검,계정 잠금 임계값을 설정하여 공격자의 자유로운 자동화 암호 유추 공격을 차단하기 위함,"공격자는 시스템의 계정 잠금 임계값이 설정되지 않는 경우, 자동화된 방법을 이용하여 모든 사용자
계정에 대해 암호 조합 공격을 자유롭게 시도할 수 있으므로 사용자 계정 정보의 노출 위험이 존재함","※ 계정 잠금 임계값 설정은 사용자 계정이 잠기는 로그온 실패 횟수를 결정하며 잠긴 계정은 관리자가
재설정하거나 해당 계정의 잠금 유지 시간이 만료되어야 사용할 수 있음
※ 계정 잠금 정책: 해당 계정이 시스템으로부터 잠기는 환경과 시간을 결정하는 정책으로 ‘계정 잠금 기
간’, ‘계정 잠금 임계값’, ‘다음 시간 후 계정 잠금 수를 원래대로 설정’의 세 가지 하위 정책을 가짐
※ 관련 점검 항목: W-08(중)","Windows NT, 2000, 2003, 2008, 2012, 2016, 2019, 2022",계정 잠금 임계값이 5 이하의 값으로 설정된 경우,계정 잠금 임계값이 5 초과의 값으로 설정된 경우,계정 잠금 임계값을 5 이하의 값으로 설정,"Administrator 계정은 잠기지 않으며, 일반 계정의 경우 5회 패스워드 입력 실패 시 잠김",,,180,180,2026
W-05,W-05,해독 가능한 암호화를 사용하여 암호 저장 해제,Windows 서버,Windows 서버 > 1. 계정 관리,상,해독 가능한 암호화 사용 여부 점검,"“해독 가능한 암호화를 사용하여 암호 저장” 정책이 설정되어 사용자 계정 비밀번호가 해독 가능한
텍스트 형태로 저장되는 것을 차단하기 위함","위 정책이 설정된 경우 운영체제에서 사용자 계정, 비밀번호를 입력받아 인증을 진행하는 응용 프로그램
프로토콜 지원 시 운영체제는 사용자의 비밀번호를 해독 가능한 방식으로 저장하기 때문에, 노출된
계정에 대해 공격자가 비밀번호 복호화 공격으로 비밀번호를 획득하여 네트워크 리소스에 접근할
위험이 존재함","※ “해독 가능한 암호화를 사용하여 암호 저장” 정책은 암호를 암호화하지 않은 상태로 저장하여 일반
텍스트 버전의 암호를 저장하는 것과 같으나 시스템에서 기본적으로 동작하지는 않음","Windows NT, 2000, 2003, 2008, 2012, 2016, 2019, 2022",“해독 가능한 암호화를 사용하여 암호 저장” 정책이 “사용 안 함”으로 설정된 경우,“해독 가능한 암호화를 사용하여 암호 저장” 정책이 “사용”으로 설정된 경우,“해독 가능한 암호화를 사용하여 암호 저장”을 “사용 안 함”으로 설정,일반적인 경우 영향 없음,,,181,181,2026
W-06,W-06,관리자 그룹에 최소한의 사용자 포함,Windows 서버,Windows 서버 > 1. 계정 관리,상,관리자 그룹에 불필요한 사용자의 포함 여부 점검,"관리자 그룹 구성원에 불필요한 사용자의 포함 여부를 점검하여, 관리 권한 사용자를 최소화하고자 함","Administrators와 같은 관리자 그룹에 속한 구성원은 컴퓨터 시스템에 대한 완전하고 제한 없는
액세스 권한을 가지므로, 사용자를 관리자 그룹에 포함하면 비인가 사용자에 대한 과도한 관리 권한이
부여되어 내부 정보 유출 위험이 존재함","※ 관리 권한의 오남용으로 인한 시스템 피해를 줄이기 위해서 관리 업무를 위한 계정과 일반 업무를
위한 계정을 분리하여 사용하는 것이 바람직함
※ 시스템 관리를 위해서 관리 권한 계정과 일반 권한 계정을 분리하여 운영하는 것을 권고
※ 시스템 관리자는 원칙적으로 1명 이하로 유지하고, 부득이하게 2명 이상의 관리 권한자를 유지해야
할 경우, 관리자 그룹에는 최소한의 사용자만 포함하도록 해야 함","Windows NT, 2000, 2003, 2008, 2012, 2016, 2019, 2022","Administrators 그룹의 구성원을 1명 이하로 유지하거나, 불필요한 관리자 계정이 존재하지 않 는 경우",Administrators 그룹에 불필요한 관리자 계정이 존재하는 경우,Administrators 그룹에 포함된 불필요한 계정 제거,Administrator 그룹에 있는 계정을 잘못 삭제하는 경우 해당 업무에 장애 발생 가능성이 있음,,,182,183,2026
W-07,W-07,Everyone 사용 권한을 익명 사용자에 적용,Windows 서버,Windows 서버 > 1. 계정 관리,중,“Everyone 사용 권한을 익명 사용자에 적용” 정책의 설정 여부 점검,"익명 사용자가 Everyone 그룹으로 사용 권한을 준 모든 리소스에 접근하는 것을 차단하여 비인가자에
의한 접근 가능성을 제한하기 위함","해당 정책이 “사용”으로 설정될 경우 권한이 없는 사용자가 익명으로 계정 이름 및 공유 리소스를
나열하고 이 정보를 사용하여 암호를 추측하거나 DoS(Denial of Service) 공격을 실행할 위험이
존재함","※ DoS(Denial of Service): 관리자 권한 없이도 특정 서버에 처리할 수 없을 정도로 대량의 접속 신
호를 한꺼번에 보내 해당 서버가 마비되도록 하는 해킹 기법","2003, 2008, 2012, 2016, 2019, 2022",“Everyone 사용 권한을 익명 사용자에게 적용” 정책이 “사용 안 함”으로 되어 있는 경우,“Everyone 사용 권한을 익명 사용자에게 적용” 정책이 “사용”으로 되어 있는 경우,“Everyone 사용 권한을 익명 사용자에게 적용”정책을 “사용 안 함”으로 설정,응용프로그램이나 Backup 용도로 Everyone 공유를 사용하지 않는지 확인 필요,,,184,184,2026
W-08,W-08,계정 잠금 기간 설정,Windows 서버,Windows 서버 > 1. 계정 관리,중,사용자 계정 잠금 기간 정책 설정 여부 점검,"로그인 실패 임계값 초과 시 일정 시간 동안 계정 잠금을 실시하여 공격자의 자유로운 비밀번호 유추
공격을 차단하기 위함","로그인 실패 시 일정 시간 동안 계정 잠금을 하지 않은 경우, 공격자의 자동화된 비밀번호 추측 공격이
가능하여, 사용자 계정의 비밀번호 정보가 유출될 위험이 존재함","※ 계정 잠금 기간 설정은 계정 잠금 임계값을 초과한 사용자 계정이 잠기는 시간을 결정함. 잠긴 계정
은 관리자가 재설정하거나 해당 계정의 잠금 유지 시간이 만료되어야 사용할 수 있음
※ 계정 잠금 기간 설정을 사용하면 해당 기간 잠긴 계정은 사용할 수 없으며, 계정 잠금이 해제될 때까
지 접근할 수 없음
※ 계정 잠금 정책: 해당 계정이 시스템으로부터 잠기는 환경과 시간을 결정하는 정책으로 ‘계정 잠금
기간’, ‘계정 잠금 임계값’, ‘다음 시간 후 계정 잠금 수를 원래대로 설정’의 세 가지 하위 정책을 가
짐","Windows NT, 2000, 2003, 2008, 2012, 2016, 2019, 2022",“계정 잠금 기간” 및 “계정 잠금 기간 원래대로 설정 기간”이 60분 이상으로 설정된 경우,“계정 잠금 기간” 및 “잠금 기간 원래대로 설정 기간”이 설정되지 않거나 60분 미만으로 설정된 경우,“계정 잠금 기간” 및 “잠금 기간 원래대로 설정 기간” 60분 이상으로 설정,일반적인 경우 영향 없음,,,185,186,2026
W-09,W-09,비밀번호 관리 정책 설정,Windows 서버,Windows 서버 > 1. 계정 관리,상,계정 비밀번호 관리 정책 설정 여부 점검,"비밀번호 설정 시 복잡성, 최소 비밀번호 길이, 최대/최소 사용 기간을 만족하도록 함","사용자 비밀번호 관리 정책 설정을 만족하지 못하면 무차별 대입 공격(Brute Force Attack)이나
비밀번호 추측 공격(Password Guessing Attack)에 쉽게 크랙 될 위험이 존재함",-,"Windows NT, 2000, 2003, 2008, 2012, 2016, 2019, 2022",계정 비밀번호 관리 정책이 모두 적용된 경우,계정 비밀번호 관리 정책이 모두 적용되어 있지 않은 경우,"비밀번호 복잡성, 최소 비밀번호 길이, 최대/최소 사용 기간을 기준에 맞게 설정",일반적인 경우 영향 없음,,,187,188,2026
W-10,W-10,마지막 사용자 이름 표시 안 함,Windows 서버,Windows 서버 > 1. 계정 관리,중,로그인 화면에 마지막 로그온 사용자 이름을 표시하지 않도록 설정되었는지를 점검,"Windows 로그인 화면에 마지막 로그온한 사용자 이름이 표시되지 않도록 하여 악의적인 사용자에게
계정 정보가 노출되는 것을 차단하고자 함","마지막으로 로그온한 사용자의 이름이 로그온 대화상자에 표시될 경우 공격자는 이를 획득하여
비밀번호를 추측하거나 무작위 공격을 시도할 위험이 존재함","※ Windows 로그인 화면에 마지막 로그온한 사용자 이름이 표시될 경우 주로 콘솔 사용자 및 터미널
서비스 이용자에게 시스템에 존재하는 사용자 계정 정보를 노출함","Windows NT, 2000, 2003, 2008, 2012, 2016, 2019, 2022",“마지막 사용자 이름 표시 안 함”이 “사용”으로 설정된 경우,“마지막 사용자 이름 표시 안 함”이 “사용 안 함”으로 설정된 경우,"※ Windows NT: 마지막으로 로그온한 사용자 이름 표시 안 함 설정
※ Windows 2000: 로그온 스크린에 마지막 사용자 이름 표시 안 함 사용 설정
※ Windows 2003, 2008, 2012, 2016, 2019, 2022: 대화형 로그온: 마지막 사용자 이름 표시 안
함 사용 설정",일반적인 경우 영향 없음,,,189,190,2026
W-11,W-11,로컬 로그온 허용,Windows 서버,Windows 서버 > 1. 계정 관리,중,불필요한 계정의 로컬 로그온을 허용 여부 점검,"불필요한 계정에 로컬 로그온이 허용될 경우를 찾아 비인가자의 불법적인 시스템 로컬 접근을
차단하고자 함","불필요한 사용자에게 로컬 로그온이 허용될 경우 비인가자를 통한 권한 상승을 위한 악성 코드 실행
위험이 존재함","※ “로컬로 로그온 허용” 권한은 시스템 콘솔에 로그인을 허용하는 권한으로 반드시 콘솔 접근이 필요
한 사용자 계정에만 해당 권한을 부여해야 함
※ IIS 서비스를 사용할 경우 이 권한에 IUSR_<ComputerName > 계정을 할당함","Windows NT, 2000, 2003, 2008, 2012, 2016, 2019, 2022","로컬 로그온 허용 정책에 Administrators, IUSR_ 만 존재하는 경우","로컬 로그온 허용 정책에 Administrators, IUSR_ 외 다른 계정 및 그룹이 존재하는 경우","Administrators, IUSR_ 외 다른 계정 및 그룹의 로컬 로그온 제한","Administrators, IUSR_ 계정 외 로컬에서 접속이 필요한 계정 삭제 시 사용 중인 서비스에 장애를 줄
수 있음",,,191,191,2026
W-12,W-12,익명 SID/이름 변환 허용 해제,Windows 서버,Windows 서버 > 1. 계정 관리,중,익명 SID/이름 변환 정책 적용 여부 점검,"익명 SID/이름 변환 정책을 “사용 안 함”으로 설정하여, SID(보안 식별자)를 사용하여 관리자 이름을
찾을 수 없도록 하기 위함","해당 정책이 “사용함”으로 설정될 경우 로컬 접근 권한이 있는 사용자가 잘 알려진 Administrator
SID를 사용하여 Administrator 계정의 실제 이름을 알아낼 수 있으며 암호 추측 공격 위험이 존재함","※ 해당 정책이 설정될 경우 익명 사용자가 다른 사용자의 SID(보안 식별자) 특성을 요청할 수 있음
※ “사용 안 함”으로 정책을 설정할 경우 Windows NT 도메인 환경에서 통신 불가능하게 될 수 있음","Windows 2003, 2008, 2012, 2016, 2019, 2022",“익명 SID/이름 변환 허용” 정책이 “사용 안 함”으로 설정된 경우,“익명 SID/이름 변환 허용” 정책이 “사용”으로 설정된 경우,“네트워크 액세스: 익명 SID/이름 변환 허용” 정책 “사용 안 함” 설정,일반적인 경우 영향 없음,,,192,192,2026
W-13,W-13,콘솔 로그온 시 로컬 계정에서 빈 암호 사용 제한,Windows 서버,Windows 서버 > 1. 계정 관리,중,콘솔 로그인 시 빈 비밀번호 사용 가능 여부 점검,빈 비밀번호를 가진 계정의 콘솔 및 네트워크 서비스 접근을 차단하기 위함,"해당 정책이 “사용 안 함”으로 설정될 경우 빈 비밀번호를 가진 로컬 계정에 대하여 터미널 서비스(원격
데스크톱 서비스), Telnet 및 FTP와 같은 네트워크 서비스의 원격 대화형 로그온이 가능하여, 시스템
내부 정보 유출 위험이 존재함","※ 윈도우 원격 제어(mstsc)는 보안상 계정에 비밀번호가 걸린 계정만 접속하도록 하고 있으나 해당
정책을 활성화하면 계정에 비밀번호가 걸려 있지 않아도 원격 제어가 가능함","Windows 2003, 2008, 2012, 2016, 2019, 2022",“콘솔 로그온 시 로컬 계정에서 빈 암호 사용 제한” 정책이 “사용”인 경우,“콘솔 로그온 시 로컬 계정에서 빈 암호 사용 제한” 정책이 “사용 안 함”인 경우,“계정: 콘솔 로그온 시 로컬 계정에서 빈 암호 사용 제한” 정책을 “사용”으로 설정,일반적인 경우 영향 없음,,,193,193,2026
W-14,W-14,원격터미널 접속 가능한 사용자 그룹 제한,Windows 서버,Windows 서버 > 1. 계정 관리,중,원격터미널 사용자 그룹 내 비인가자 포함 여부 점검,비인가자의 원격터미널 접속을 제한하기 위함,"원격터미널의 그룹이나 계정을 제한하지 않으면 임의의 사용자가 원격으로 접속하여 해당 서버에
정보를 변경하거나 정보가 유출될 위험이 존재함",※ 컴퓨터 관리 > 로컬 사용자 및 그룹 > Remote Desktop Users 그룹에서 추가 가능,"Windows 2003, 2008, 2012, 2016, 2019, 2022","(관리자 계정을 제외한) 원격 접속이 가능한 계정을 생성하여 타 사용자의 원격 접속을 제한하고, 원격 접속 사용자 그룹에 불필요한 계정이 등록되어 있지 않은 경우",(관리자 계정을 제외한) 원격 접속이 가능한 별도의 계정이 존재하지 않는 경우,"관리자 계정과 이외의 계정을 생성, 권한을 제한 사용 설정",일반적인 경우 영향 없음,,,194,195,2026
W-15,W-15,사용자 개인키 사용 시 암호 입력,Windows 서버,Windows 서버 > 2. 서비스 관리,상,사용자 개인 키 사용 시 비밀번호 입력 여부 점검,"디지털 인증서 소유자와 발급 기관 모두 컴퓨터, 저장 장치 또는 개인 키를 보관 사용하는 보호 해야 함","사용자 개인 키 암호 입력을 사용하지 않을 경우, 공격자는 해당 키를 사용하여 네트워크 인프라에
액세스해 데이터 유출 등의 위험이 존재함","※ PKI의 초석은 정보를 암호화하거나 디지털 서명하는 데 사용되는 개인 키로 도난당하게 되면 공격
자가 개인 키를 사용하여 문서에 디지털 서명하고 인증된 사용자인 것처럼 가장할 수 있으므로 PKI
를 통해 얻은 인증 및 부인 방지가 손상됨","Windows 2016, 2019, 2022",사용자 개인 키를 사용할 때마다 암호 입력을 받는 경우,사용자 개인 키를 사용할 때마다 암호 입력을 받지 않는 경우,"“시스템 암호화: 컴퓨터에 저장된 사용자 키에 대해 강력한 키 보호 사용” 정책을 “키를 사용할 때마다
암호를 매 번 입력해야 함”으로 적용",일반적인 경우 영향 없음,,,196,196,2026
W-16,W-16,공유 권한 및 사용자 그룹 설정,Windows 서버,Windows 서버 > 2. 서비스 관리,상,공유 디렉터리 내 Everyone 권한 존재 여부 점검,"기본 공유인 C$, D$, Admin$, IPC$ 등을 제외한 공유 폴더에 Everyone 그룹으로 공유되는 것을
금지하여 익명 사용자의 접근을 차단하기 위함","Everyone이 공유계정에 포함되어 있으면 익명 사용자의 접근이 가능하여 내부 정보 유출 및 악성 코드
감염 위험이 존재함",-,"Windows NT, 2000, 2003, 2008, 2012, 2016, 2019, 2022",일반 공유 디렉터리가 없거나 공유 디렉터리 접근 권한에 Everyone 권한이 없는 경우,일반 공유 디렉터리의 접근 권한에 Everyone 권한이 있는 경우,공유 디렉터리 접근 권한에서 Everyone 권한 제거 후 필요한 계정 추가,응용프로그램이나 Backup 용도로 Everyone 공유를 사용하는 경우 해당 작업에 영향 가능,,,197,197,2026
W-17,W-17,하드디스크 기본 공유 제거,Windows 서버,Windows 서버 > 2. 서비스 관리,상,하드디스크 기본 공유 제거 여부 점검,하드디스크 기본 공유를 제거하여 시스템 정보 노출을 차단하고자 함,"Windows는 프로그램 및 서비스를 네트워크나 컴퓨터 환경에서 관리하기 위해 시스템 기본 공유
항목을 자동으로 생성함. 이를 제거하지 않으면 비인가자가 모든 시스템 자원에 접근할 수 있는 위험한
상황이 발생할 수 있으며 이러한 공유 기능의 경로를 이용하여 바이러스가 침투 위험이 존재함","※ 기본 공유: 관리 목적으로 자동 생성되는 공유 드라이브(Administrative share). 이러한 드라이브
들은 C$, D$, E$ 등과 같이 이름 뒤에 $가 붙어서 숨겨진 공유로 처리되며, Windows 2000, XP
에서는 관리자 ID와 Password를 알고 있으면 네트워크를 통해 이러한 공유 드라이브들에 자유롭
게 접근할 수 있음. 그러나 이후 버전 Windows에서는 보안상의 이유로 로컬 시스템의 관리자가 네
트워크를 통해 시스템을 관리하지 못하도록 기본적으로 차단됨","Windows NT, 2000, 2003, 2008, 2012, 2016, 2019, 2022",레지스트리의 AutoShareServer (WinNT: AutoShareWks)가 0이며 기본 공유가 존재하지 않 는 경우,레지스트리의 AutoShareServer (WinNT: AutoShareWks)가 1이거나 기본 공유가 존재하는 경우,"기본 공유 중지 후 레지스트리 값 설정(IPC$, 일반 공유 제외)","Active Directory, Clustered system에서 적용 시 영향 있음
Active Directory: 중앙 집중화된 자원 관리를 위한 계층적 디렉터리 서비스
Clustered system: 여러 개의 시스템을 결합하여 사용함",,,198,199,2026
W-18,W-18,불필요한 서비스 제거,Windows 서버,Windows 서버 > 2. 서비스 관리,상,불필요한 서비스 가동 여부 점검,"사용자 환경에 필요하지 않은 서비스 및 실행 파일을 제거하거나 비활성화 처리하여 이를 통한 악의적인
공격을 차단하기 위함","시스템에 기본적으로 설치되는 불필요한 취약 서비스들이 제거되지 않은 경우, 해당 서비스의
취약점으로 인한 공격이 가능하며, 네트워크 서비스의 경우 열린 Port를 통한 외부 침입 위험이 존재함",※ OS 버전에 따라 ‘일반적으로 불필요한 서비스’ 목록에 나열된 서비스가 제공되지 않을 수 있음,"Windows NT, 2000, 2003, 2008, 2012, 2016, 2019, 2022",일반적으로 불필요한 서비스(아래 목록 참조)가 중지된 경우,일반적으로 불필요한 서비스(아래 목록 참조)가 구동 중인 경우,서비스 중지 후 “사용 안 함” 설정,일반적인 경우 영향 없음,,,200,203,2026
W-19,W-19,불필요한 IIS 서비스 구동 점검,Windows 서버,Windows 서버 > 2. 서비스 관리,상,불필요한 IIS 서비스 구동 여부 점검,"불필요한 IIS 서비스가 구동 상태인지를 점검하여 제거하고, 해당 서비스가 취약점이 제거되지 않은
상태로 외부 위협에 노출되지 않도록 하기 위함","IIS 서비스의 WEB, FTP 등 기능이 보편적으로 사용되나, 프로파일링, 서비스 거부, 불법적인 접근,
임의의 코드 실행, 정보 공개, 바이러스, 웜, 트로이목마 등의 공격 위험이 존재함",-,"Windows NT, 2000, 2003, 2008, 2012, 2016, 2019, 2022",IIS 서비스를 사용하지 않는 경우 또는 필요에 의해 IIS 서비스를 사용하는 경우,IIS 서비스를 불필요하게 사용하는 경우,IIS 서비스가 불필요한 경우 IIS 서비스 중지,일반적인 경우 영향 없음,,,204,204,2026
W-20,W-20,NetBIOS 바인딩 서비스 구동 점검,Windows 서버,Windows 서버 > 2. 서비스 관리,상,NetBIOS 바인딩 서비스 구동 여부 점검,"NetBIOS와 TCP/IP 바인딩을 제거하여 TCP/IP를 거치게 되는 파일 공유 서비스를 제공하지 못하도록
하고, 인터넷에서의 공유자원에 대한 접근시도를 방지하고자 함","인터넷에 직접 연결된 윈도우 시스템에서 NetBIOS TCP/IP 바인딩이 활성화되어 있으면 공격자가
네트워크 공유자원을 사용할 위험이 존재함","※ NetBIOS(Network Basic Input/Output System)는 별개의 컴퓨터상에 있는 응용프로그램들이
근거리통신망 내에서 서로 통신할 수 있게 해주는 API. 이름 서비스, 세션 서비스, 데이터그램 서비
스를 제공하며, 주로 네트워크 장치 간의 통신을 지원","Windows NT, 2000, 2003, 2008, 2012, 2016, 2019, 2022",TCP/IP와 NetBIOS 간의 바인딩이 제거되어 있는 경우,TCP/IP와 NetBIOS 간의 바인딩이 제거되어 있지 않은 경우,네트워크 제어판을 이용하여 TCP/IP와 NetBIOS 간의 바인딩(binding) 제거,"TCP/IP을 거치게 되는 파일 공유 서비스가 제공되지 않음
인터넷에서의 공유자원에 대한 접근시도가 불가능함
(라우터를 거치지 않은 내부 네트워크에서는 가능함)",,,205,206,2026
W-21,W-21,암호화되지 않는 FTP 서비스 비활성화,Windows 서버,Windows 서버 > 2. 서비스 관리,상,시스템 내 FTP 서비스 구동 여부 점검,인증정보가 기본적으로 평문 전송되는 취약한 프로토콜인 FTP의 사용을 제한하기 위함,"OS에서 제공하는 기본적인 FTP 서비스를 사용할 경우 계정과 패스워드가 암호화되지 않은 채로
전송되어 Sniffer에 의한 계정정보의 노출 위험이 존재함","※ Sniffer: 네트워크 트래픽을 감시하고 분석하는 프로그램
※ 관련 점검항목: W-22(상), W-23(상), W-24(상)","Windows NT, 2000, 2003, 2008, 2012, 2016, 2019, 2022",FTP 서비스를 사용하지 않는 경우 또는 Secure FTP 서비스를 사용하는 경우,암호화되지 않는 FTP 서비스를 사용하는 경우,FTP 서비스가 필요하지 않다면 서비스 중지 또는 Secure FTP 응용 프로그램 사용,일반적인 경우 영향 없음,,,207,207,2026
W-22,W-22,FTP 디렉토리 접근권한 설정,Windows 서버,Windows 서버 > 2. 서비스 관리,상,FTP 홈 디렉터리의 접근 권한 적절성 점검,FTP 서비스 디렉터리의 접근 권한을 적절하게 설정하여 의도치 않은 정보 유출을 방지하기 위함,"FTP 홈 디렉터리에 과도한 권한(예. Everyone Full Control)이 부여된 경우 임의의 사용자가 쓰기,
수정이 가능하여 정보 유출, 파일 위‧변조 등의 위험이 존재함","※ 기반시설 시스템은 FTP 서비스를 사용하지 않는 것이 원칙이나, 조직 내에서 해당 서비스를 부득이
사용해야 하는 경우 관련 보호 대책을 수립 및 적용하여 활용해야 함
※ 관련 점검항목: W-21(상), W-23(상), W-24(상)","Windows NT, 2000, 2003, 2008, 2012, 2016, 2019, 2022",FTP 홈 디렉터리에 Everyone 권한이 없는 경우,FTP 홈 디렉터리에 Everyone 권한이 있는 경우,"FTP 홈 디렉터리에서 Everyone 권한 삭제, 각 사용자에게 적절한 권한 부여",일반적인 경우 영향 없음,,,208,209,2026
W-23,W-23,공유 서비스에 대한 익명 접근 제한 설정,Windows 서버,Windows 서버 > 2. 서비스 관리,상,공유 서비스의 익명(Anonymous) 접속 허용 여부 점검,"공유 익명 접속을 제한하여, 중요 정보의 불법 유출을 차단하기 함",공유 익명 접속이 허용되면 핵심 기밀 자료나 내부 정보의 불법 유출 위험이 존재함,"※ 만약 익명 접속이 허용된 공유 서버에 익명 사용자에 관해 쓰기 권한이 부여된 경우, 정상적으로 업
로드한 파일들의 변조가 가능하므로 공개한 디렉터리 내 중요 데이터가 보관되어 있는지를 추가로
확인해야 함
※ 공유 서비스: FTP, SMB, NFS, TFTP 등
※ 관련 점검항목: W-21(상), W-22(상), W-24(상)","Windows NT, 2000, 2003, 2008, 2012, 2016, 2019, 2022","공유 서비스를 사용하지 않거나, 익명 인증 사용 안 함으로 설정된 경우","공유 서비스를 사용하거나, 익명 인증 사용함으로 설정된 경우","공유 서비스를 사용하지 않는 경우 서비스 중지, 사용할 경우 익명 인증 사용 안 함 설정 적용","응용프로그램에서 익명 연결을 사용할 경우를 제외하고, 일반적인 경우 영향 없음",,,210,211,2026
W-24,W-24,FTP 접근 제어 설정,Windows 서버,Windows 서버 > 2. 서비스 관리,상,FTP 접속 가능한 IP주소 지정 여부 점검,FTP 접근 시 특정 IP주소에 대해 콘텐츠 접근을 허용하여 서비스 보안성을 강화하기 위함,"FTP 프로토콜은 로그온 시 지정된 자격 증명이나 데이터 자체가 암호화되지 않고 모든 자격 증명을
일반 텍스트로 네트워크를 통해 전송되는 특성상 서버 클라이언트 간 트래픽 스니핑을 통해 인증 정보가
쉽게 노출될 위험이 존재함","※ 기반시설 시스템은 FTP 서비스를 사용하지 않는 것이 원칙이나, 조직 내에서 해당 서비스를 부득이
사용해야 하는 경우 관련 보호 대책을 수립 및 적용하여 활용해야 함
※ 관련 점검항목: W-21(상), W-22(상), W-23(상)","Windows NT, 2000, 2003, 2008, 2012, 2016, 2019, 2022",특정 IP주소에서만 FTP 서버에 접속하도록 접근 제어 설정을 적용한 경우,특정 IP주소에서만 FTP 서버에 접속하도록 접근 제어 설정을 적용하지 않는 경우 ※ 조치 시 마스터 속성과 모든 사이트에 적용함,특정 IP주소에서만 FTP 서버에 접속하도록 접근 제어 설정,일반적인 경우 영향 없음,,,212,213,2026
W-25,W-25,DNS Zone Transfer 설정,Windows 서버,Windows 서버 > 2. 서비스 관리,상,DNS Zone Transfer 차단 설정 여부 점검,DNS Zone Transfer 차단 설정을 적용하여 도메인 정보의 불법 외부 유출을 방지하기 위함,"DNS Zone Transfer 차단 설정이 적용되지 않는 경우 DNS 서버에 저장된 도메인 정보를 승인된 DNS
서버가 아닌 외부로 유출 위험이 존재함","※ Zone Transfer: 영역(zone) 전송이라고 하며 master와 slave 간에 또는 primary와 secondary
DNS 간에 zone 파일을 동기화하기 위한 용도로 사용되는 기술","Windows NT, 2000, 2003, 2008, 2012, 2016, 2019, 2022",아래 기준에 해당하는 경우 1. DNS 서비스가 비활성화인 경우 2. 영역 전송 허용을 하지 않는 경우 3. 특정 서버로만 설정이 되어있는 경우,위 3개 기준 중 하나라도 해당하지 않는 경우,"불필요 시 서비스 중지/사용 안 함 설정, 사용하는 경우 영역 전송을 특정 서버로 제한하거나 “영역 전송
허용”에 체크 해제",영역 전송 시 서버를 지정할 경우 영향 없음,,,214,215,2026
W-26,W-26,RDS(Remote Data Services)제거,Windows 서버,Windows 서버 > 2. 서비스 관리,상,RDS(Remote Data Services) 비활성화 여부 점검,취약한 RDS 서비스를 제거하여 불법적인 원격 공격을 차단하기 위함,"취약한 플랫폼의 RDS가 사용되는 경우 서비스 거부 공격이나 원격에서 관리자 권한으로 임의의 명령을
실행할 수 있는 위험이 존재함","※ MDAC 2.7 미만의 버전에서 웹 서버와 웹 클라이언트 모두 취약점으로 인해 위험해질 수 있으므로
RDS가 불필요할 경우 제거하는 것이 안전함
※ RDS(Remote Data Services): MDAC(Microsoft Data Access Components)의 한
컴포넌트로 클라이언트에 있는 데이터를 다룰 수 있도록 하는 서비스","Windows NT, 2000, 2003","다음 중 한 가지라도 해당하는 경우 1. IIS를 사용하지 않는 경우 2. Windows 2008 이상 버전을 사용하는 경우 3. Windows 2000 서비스팩 4, Windows 2003 서비스팩 2 이상 설치된 경우 4. 기본 웹 사이트에 MSADC 가상 디렉터리가 존재하지 않는 경우 5. 해당 레지스트리 값이 존재하지 않는 경우",양호 기준에 한 가지도 해당하지 않는 경우,"사용하지 않는 경우 IIS 서비스 중지/사용 안 함, 사용할 경우 레지스트리 키 값 제거 또는 관련 패치
적용",WAS와 연동될 경우 일부 RDS를 사용할 수가 있으며 사용할 경우 레지스트리 키 값 제거가 요구됨,,,216,216,2026
W-27,W-27,최신 Windows OS Build 버전 적용,Windows 서버,Windows 서버 > 2. 서비스 관리,상,최신 Build 적용 여부 점검,"시스템을 최신 버전으로 유지하여 새로운 위협 및 진행 중인 위협으로부터 중요 정보와 시스템을
보호하기 위함","보안 업데이트를 적용하지 않으면 시스템 및 응용 프로그램의 취약성으로 인해 권한 상승, 원격 코드
실행, 보안 기능 우회 등의 위험이 존재함",※ Build: Windows 패치 버전,"Windows NT, 2000, 2003, 2008, 2012, 2016, 2019, 2022",최신 Build가 설치되어 있으며 적용 절차 및 방법이 수립된 경우,"최신 Build가 설치되지 않거나, 적용 절차 및 방법이 수립되지 않은 경우",설치에 따른 영향도 확인 후 최신 Build 설치(설치 후 시스템 재시작 필요),설치 후 시스템 재시작이 필요하며 설치에 따른 시스템 영향 정도를 확인해야 함,,,217,217,2026
W-28,W-28,터미널 서비스 암호화 수준 설정,Windows 서버,Windows 서버 > 2. 서비스 관리,중,원격 데스크톱 서비스 암호화 수준 적절성 점검,"원격 데스크톱 서비스 암호화 설정으로 데이터를 암호화하여 클라이언트와 서버 간의 통신에서
전송되는 데이터를 보호하기 위함","서버 접속 시에 낮은 암호화 수준을 적용할 경우 악의적인 사용자에 의해 서버와 클라이언트 간
주고받는 정보가 노출될 위험이 존재함","※ 기반시설 시스템은 원격 데스크톱 서비스의 사용을 원칙적으로 금지하나, 부득이 해당 서비스를 사
용해야 하는 경우 클라이언트 서버 간의 데이터 전송 시 암호화하여 보호해야 함","Windows NT, 2000, 2003, 2008, 2012, 2016, 2019, 2022",원격 데스크톱 서비스를 사용하지 않거나 사용 시 암호화 수준을 “클라이언트와 호환 가능(중간)” 이상으로 설정한 경우,원격 데스크톱 서비스를 사용하고 암호화 수준이 “낮음”으로 설정한 경우,"원격 데스크톱 서비스의 가동을 ‘중지’ 및 ‘사용 안 함’ 설정을 하거나, 부득이하게 사용할 경우 암호화
수준 설정 적용",암호화 수준 변경 시 일반적으로 영향 없음,,,218,219,2026
W-29,W-29,불필요한 SNMP 서비스 구동 점검,Windows 서버,Windows 서버 > 2. 서비스 관리,중,SNMP 서비스 구동 여부 점검,취약한 SNMP 서비스를 비활성화하여 시스템의 주요 정보 유출 및 불법 수정을 방지하기 위함,"취약한 SNMP 서비스를 사용하는 경우 서비스 거부 공격(DoS, DDoS), 버퍼 오버플로우, 비인가 접속
등의 공격 위험이 존재함","※ SNMP: SNMP(Simple Network Management Protocol)는 MIB(Management Information
Base)에 기반을 둔 네트워크망을 관리하기 위한 목적으로 만들어진 프로토콜로, 간단한 명령으로
원격 시스템의 CPU 정보에서부터, 인터페이스별 트래픽량 등 여러 가지 정보를 확인 가능
※ 관련 점검항목: W-30(중), W-31(중)","Windows 2000, 2003, 2008, 2012, 2016, 2019, 2022",SNMP 서비스를 사용하지 않는 경우 또는 Community String을 설정하여 SNMP 서비스를 사용하는 경우,불필요하게 SNMP 서비스를 사용하는 경우,불필요 시 서비스 중지/사용 안 함,"NMS 또는, 별도의 툴에서 SNMP 서비스를 이용하여 서버를 모니터링 하는 경우, 통신하고자 하는 Ser
ver/Client에 모두 같은 Community String을 사용해야 함(서비스 > SNMP > 등록 정보 > 종속성 참
고)
NMS(Network Management System): 네트워크 관리 시스템",,,220,220,2026
W-30,W-30,SNMP Community String 복잡성 설정,Windows 서버,Windows 서버 > 2. 서비스 관리,중,SNMP 서비스 Community String 적절성 점검,"SNMP에서 일종의 비밀번호로 사용하는 Community String을 유추할 수 없는 복잡한 값으로
변경하여 불필요한 시스템 정보 노출을 차단하기 위함","Community String을 변경하지 않고 public, private 등 기본 설정값으로 사용하는 경우, 기본 Com
munity String 값을 통한 시스템의 주요 정보 및 설정 상태가 비인가자에게 노출될 수 있는 위험이
존재함","※ 관련 점검항목: W-29(중), W-31(중)","2000, 2003, 2008, 2012, 2016, 2019, 2022","SNMP 서비스를 사용하지 않거나 Community String이 public, private 이 아닌 경우","SNMP 서비스를 사용하며, Community String이 public, private인 경우","불필요 시 서비스 중지/사용 안 함, 사용 시 기본 Community String 변경","NMS 또는, 별도의 도구에서 SNMP 서비스를 이용하여 서버를 모니터링하는 경우, 통신하고자 하는 S
erver/Client에 모두 같은 Community String을 사용해야 함. (서비스 > SNMP > 등록 정보 > 종속성
참고)",,,221,221,2026
W-31,W-31,SNMP Access Control 설정,Windows 서버,Windows 서버 > 2. 서비스 관리,중,SNMP 패킷 Access Control(접근 제어) 설정 여부 점검,"SNMP 트래픽에 대한 Access Control 설정을 적용하여 내부 네트워크로부터의 악의적인 공격을
차단하기 위함","SNMP Access Control 설정을 적용하지 않아 인증되지 않은 내부 서버로부터의 SNMP 트래픽을
차단하지 않을 경우, 장치 구성 변경, 라우팅 테이블 조작, 악의적인 TFTP 서버 구동 등의 SNMP 공격
에 노출될 위험이 존재함","※ 관련 점검항목: W-29(중), W-30(중)","Windows 2000, 2003, 2008, 2012, 2016, 2019, 2022",SNMP 서비스를 사용하지 않거나 특정 호스트로부터 SNMP 패킷 받아들이기가 설정된 경우,모든 호스트로부터 SNMP 패킷 받아들이기가 설정된 경우,"불필요 시 서비스 중지/사용 안 함, 사용 시 SNMP 패킷 수령 호스트 지정",일반적인 경우 영향 없음,,,222,222,2026
W-32,W-32,DNS 서비스 구동 점검,Windows 서버,Windows 서버 > 2. 서비스 관리,중,DNS 서비스의 동적 업데이트 설정 여부 점검,"DNS 동적 업데이트를 비활성화함으로 신뢰할 수 없는 원본으로부터 업데이트를 받아들이는 위험을
차단하기 위함","DNS 서버에서 동적 업데이트를 사용할 경우 악의적인 사용자에 의해 신뢰할 수 없는 데이터가
받아들여질 위험이 존재함","※ 동적 업데이트: DNS 정보에 변경 사항이 있을 때마다 DNS 클라이언트 컴퓨터가 자신의 리소스 레
코드(zone 파일)를 DNS 서버에 자동으로 업데이트하는 기능으로 영역 레코드 수동 관리 작업을 줄
일 수 있음","Windows 2000, 2003, 2008, 2012, 2016, 2019, 2022",DNS 서비스를 사용하지 않거나 동적 업데이트 “없음(아니오)”으로 설정된 경우,서비스를 사용하며 동적 업데이트가 설정된 경우,DNS 서비스의 동적 업데이트 비활성화 설정,일반적인 경우 영향 없음,,,223,224,2026
W-33,W-33,HTTP/FTP/SMTP 배너 차단,Windows 서버,Windows 서버 > 2. 서비스 관리,하,HTTP/FTP/SMTP 서비스 배너 차단 적용 여부 점검,HTTP/FTP/SMTP 서비스 접속 배너를 통한 불필요한 정보 노출을 방지하기 위함,"서비스 접속 배너가 차단되지 않는 경우 임의의 사용자가 HTTP, FTP, SMTP 접속 시도 시 노출되는
접속 배너 정보를 수집하여 악의적인 공격에 이용할 위험이 존재함",-,"Windows NT, 2000, 2003, 2008, 2012, 2016, 2019, 2022","HTTP, FTP, SMTP 접속 시 배너 정보가 보이지 않는 경우","HTTP, FTP, SMTP 접속 시 배너 정보가 보이는 경우","사용하지 않는 경우 IIS 서비스 중지/사용 안 함, 사용 시 속성값 수정",일반적인 경우 영향 없음,,,225,227,2026
W-34,W-34,Telnet 서비스 비활성화,Windows 서버,Windows 서버 > 2. 서비스 관리,중,Telnet 서비스 활성화 및 취약한 인증 사용 여부 점검,"취약 프로토콜인 Telnet 서비스의 사용을 원칙적으로 금지하고, 부득이 이용할 경우 네트워크상으로
비밀번호를 전송하지 않는 NTLM 인증을 사용하도록 하여 인증 정보의 노출을 차단하기 위함","Telnet 서비스는 평문으로 데이터를 송수신하기 때문에 비밀번호 방식으로 인증을 수행할 경우 ID 및
비밀번호가 외부로 노출될 위험이 존재함","※ Windows 서버의 Telnet 서비스의 두 가지 인증 방법
Ÿ NTLM 인증: 암호를 전송하지 않고 negotiate/challenge/response 절차로 인증 수행
Ÿ Password 인증: 관리자 및 Telnet Clients 그룹에 포함된 ID/PW로 인증 수행
※ Windows 2016 이상 버전에서는 보안상 이슈로 인해 Telnet 서버 설치 제공하지 않음","Windows NT, 2000, 2003, 2008, 2012",Telnet 서비스가 구동되어 있지 않거나 인증 방법이 NTLM인 경우,Telnet 서비스가 구동되어 있으며 인증 방법이 NTLM이 아닌 경우,"불필요 시 서비스 중지/사용 안 함 설정, 사용 시 인증 방법으로 NTLM만 사용",일반적인 경우 영향 없음,,,228,228,2026
W-35,W-35,불필요한 ODBC/OLE-DB 데이터 소스와 드라이브 제거,Windows 서버,Windows 서버 > 2. 서비스 관리,중,불필요한 ODBC/OLE-DB 데이터 소스와 드라이브 제거 여부 점검,"불필요한 데이터 소스 및 드라이버를 ODBC 데이터 소스 관리자 도구를 이용해 제거하여 비인가자에
의한 데이터베이스 접속 및 자료 유출을 차단하기 위함","불필요한 ODBC/OLE-DB 데이터 소스를 통한 비인가자에 의한 데이터베이스 접속 및 자료 유출 이
존재함","※ 특정 샘플 응용프로그램은 샘플 데이터베이스를 위해 ODBC 데이터 소스를 설치하거나 불필요한
ODBC/OLE-DB 데이터베이스 드라이버를 설치하므로 불필요한 데이터 소스나 드라이버는
ODBC 데이터 소스 관리자 도구를 이용해서 제거하는 것이 바람직함","Windows NT, 2000, 2003, 2008, 2012, 2016, 2019, 2022",시스템 DSN 부분의 데이터 소스를 현재 사용하고 있는 경우,시스템 DSN 부분의 데이터 소스를 현재 사용하고 있지 않은 경우,사용하지 않는 불필요한 ODBC 데이터 소스 제거,응용프로그램에서 사용할 경우 양호,,,229,229,2026
W-36,W-36,원격터미널 접속 타임아웃 설정,Windows 서버,Windows 서버 > 2. 서비스 관리,중,원격터미널 접속 Timeout 설정 여부 점검,"조직에서 부득이 원격터미널 접속을 허용해야 할 경우, 원격터미널 접속 후 일정 시간 동안 이벤트가
발생하지 않은 호스트의 접속을 차단하여 비인가자의 불필요한 접근을 차단하고 정보의 노출을
방지하기 위함","접속 Timeout 값이 설정되지 않으면 유휴 시간 내 비인가자의 시스템 접근으로 인해 불필요한 내부
정보의 노출 위험이 존재함","※ 기반시설 시스템에서 원격터미널 서비스의 이용은 원칙적으로 금지하나, 부득이하게 해당 기능을
활용해야 하는 경우 접속 Timeout 설정 등의 보안 설정을 적용해야 함","Windows 2000, 2003, 2008, 2012, 2016, 2019, 2022",원격 제어 시 Timeout 제어 설정을 30분 이하로 설정한 경우,원격 제어 시 Timeout 제어 설정을 적용하지 않거나 30분 초과로 설정한 경우,Timeout 제어 설정 적용,일반적인 경우 영향 없음,,,230,231,2026
W-37,W-37,예약된 작업에 의심스러운 명령이 등록되어 있는지 점검,Windows 서버,Windows 서버 > 2. 서비스 관리,중,예약된 작업에 의심스러운 명령의 등록 여부 점검,외부 무단 침입 시 설정될 수 있는 불필요한 예약 작업의 등록 여부를 확인하기 위함,"일정 시간마다 미리 설정해둔 프로그램을 실행할 수 있는 예약된 작업은 시작 프로그램과 더불어서
해킹과 트로이목마, 백도어를 설치하여 공격하기 좋은 경로로 사용될 위험이 존재함",-,"Windows 2000, 2003, 2008, 2012, 2016, 2019, 2022",불필요한 명령어나 파일 등 주기적인 예약 작업의 존재 여부를 주기적으로 점검하고 제거한 경우,"불필요한 명령어나 파일 등 주기적인 예약 작업의 존재 여부를 주기적으로 점검하지 않거나, 불필 요한 작업을 제거하지 않은 경우",예약 작업에 대한 주기적인 확인,예약 작업을 잘못 삭제하는 경우 관련된 작업이 실행되지 않을 수 있음,,,232,232,2026
W-38,W-38,주기적 보안 패치 및 벤더 권고사항 적용,Windows 서버,Windows 서버 > 3. 패치 관리,상,최신 보안 패치 적용 여부 점검,최신 보안 패치를 설치하여 시스템 및 응용프로그램의 취약성을 제거하기 위함,최신 보안 패치가 즉시 적용되지 않으면 알려진 취약성으로 인한 시스템 공격 위험이 존재함,"※ 보안 패치보다 취약성을 이용한 공격 도구가 먼저 출현할 수 있으므로 보안 패치는 발표 후 가능한
한 빨리 설치할 것을 권장함","Windows NT, 2000, 2003, 2008, 2012, 2016, 2019, 2022",패치 절차를 수립하여 주기적으로 패치를 확인 및 설치하는 경우,패치 절차가 수립되어 있지 않거나 주기적으로 패치를 설치하지 않는 경우,주기적인 보안 패치 확인 및 설치 적용,설치 후 시스템 재시작이 필요한 경우가 존재하며 설치에 따른 영향도 검사가 필요함,,,233,233,2026
W-39,W-39,백신 프로그램 업데이트,Windows 서버,Windows 서버 > 3. 패치 관리,상,사용 백신 프로그램의 최신 업데이트 여부 점검,백신 프로그램의 최신 업데이트 상태를 유지하기 위함,"백신 프로그램이 지속적, 주기적으로 업데이트되지 않으면 계속되는 신종 바이러스의 출현으로 인한
시스템 공격 위험이 존재함","※ 네트워크망이 격리된 기반 보호 시설의 경우, 시스템에 설치된 백신 프로그램의 최신 업데이트 상태
유지를 위해 적절한 업데이트 절차 및 적용 방법 수립이 필요함
※ 관련 점검항목 : W-45(상)","Windows NT, 2000, 2003, 2008, 2012, 2016, 2019, 2022","바이러스 백신 프로그램의 최신 엔진 업데이트가 설치되어 있거나, 망 격리 환경의 경우 백신 업데이트를 위한 절차 및 적용 방법이 수립된 경우","바이러스 백신 프로그램의 최신 엔진 업데이트가 설치되어 있지 않거나, 망 격리 환경의 경우 백신 업데이트를 위한 절차 및 적용 방법이 수립되지 않은 경우",백신 프로그램 환경설정 메뉴를 통해 DB 및 엔진의 최신 업데이트를 하도록 설정,일반적인 경우 영향 없음,,,234,234,2026
W-40,W-40,정책에 따른 시스템 로깅 설정,Windows 서버,Windows 서버 > 4. 로그 관리,중,시스템 로깅 설정 여부 및 적절성 점검,적절한 로깅 설정으로 유사시 책임 추적을 위한 로그를 확보하기 위함,"감사 설정이 구성되어 있지 않거나 감사 설정 수준이 너무 낮은 경우 보안 관련 문제 발생 시 원인을
파악하기 어려우며 법적 대응을 위한 충분한 증거 확보가 어려운 위험이 존재함","※ 감사 정책을 과도하게 설정할 경우, 보안 로그에 불필요한 항목이 많이 기록되므로 중요한 감사 항
목 식별이 어려울 수 있으며, 시스템 성능에도 심각한 영향을 줄 수 있으므로 법적 요구 사항과 조직
의 정책에 따라 꼭 필요한 로그를 남기도록 설정해야 함
※ Windows 시스템은 보안 로그가 가득 차게 되는 경우 가장 오래된 감사 항목이 덮어 씌워짐","Windows NT, 2000, 2003, 2008, 2012, 2016, 2019, 2022",감사 정책 권고 기준에 따라 감사 설정이 되어 있는 경우,감사 정책 권고 기준에 따라 감사 설정이 되어 있지 않은 경우,이벤트에 대한 감사 설정,일반적인 경우 영향 없음,,,235,236,2026
W-41,W-41,NTP 및 시각 동기화 설정,Windows 서버,Windows 서버 > 4. 로그 관리,중,NTP 및 시각 동기화 설정 여부 점검,"안전하고 승인된 Windows 시간 서비스 또는 자체 구축한 NTP 서버와 동기화하여 인증 및 감사하기
위함",시스템 간 시각 동기화 미흡으로 보안 사고 및 장애 발생 시 초기 대응이 불가한 위험이 존재함,-,"Windows NT, 2000, 2003, 2008, 2012, 2016, 2019, 2022",NTP 및 시각 동기화를 설정한 경우,NTP 및 시각 동기화를 설정하지 않은 경우,NTP 및 시각 동기화 설정,일반적인 경우 영향 없음,,,237,238,2026
W-42,W-42,이벤트 로그 관리 설정,Windows 서버,Windows 서버 > 4. 로그 관리,하,이벤트 로그 파일 용량 및 보관 기간 설정 점검,"유사시 책임추적을 위해 주요 이벤트가 누락 되지 않도록 이벤트 로그 파일의 크기 및 보관 기간을
적절하게 유지하기 위함","이벤트 로그 파일의 크기가 충분하지 않으면 중요 로그가 저장되지 않을 위험이 있으며, 최대 보존
크기를 초과하는 경우 자동으로 덮어씀으로써 중요 로그의 손실 위험이 존재함",-,"Windows NT, 2000, 2003, 2008, 2012, 2016, 2019, 2022","최대 로그 크기 “10,240KB 이상”으로 설정, “90일 이후 이벤트 덮어씀”을 설정한 경우","최대 로그 크기 “10,240KB 미만”으로 설정, 이벤트 덮어씀 기간이 “90일 이하로 설정된 경우","최대 로그 크기 “10,204KB”, “90일 이후 이벤트 덮어씀” 설정",일반적인 경우 영향 없음,,,239,239,2026
W-43,W-43,이벤트 로그 파일 접근 통제 설정,Windows 서버,Windows 서버 > 4. 로그 관리,중,원격에서 로그 파일의 접근을 차단하기 위한 권한 적절성 점검,원격에서 로그 파일에 접근하는 것을 차단하여 로그 파일의 훼손 및 변조를 차단하기 위함,"원격 익명 사용자의 시스템 로그 파일에 접근이 가능한 경우 ‘중요 시스템 로그’ 파일 및 ‘응용프로그램
로그’ 등 중요 보안 감사 정보의 변조·삭제·유출의 위험이 존재함","※ 로그 디렉터리 기본 위치
Ÿ 시스템 로그 디렉터리: %systemroot%\system32\config
Ÿ IIS 로그 디렉터리: %systemroot%\system32\LogFiles","Windows NT, 2000, 2003, 2008, 2012, 2016, 2019, 2022",로그 디렉터리의 접근 권한에 Everyone 권한이 없는 경우,로그 디렉터리의 접근 권한에 Everyone 권한이 있는 경우,로그 디렉터리의 접근 권한에 Everyone 제거,일반적인 경우 영향 없음,,,240,240,2026
W-44,W-44,원격으로 액세스할 수 있는 레지스트리 경로,Windows 서버,Windows 서버 > 5. 보안 관리,상,원격 레지스트리 서비스 사용 여부 점검,원격 레지스트리 서비스를 비활성화하여 레지스트리에 대한 원격 접근을 차단하기 위함,"Ÿ 원격 레지스트리 서비스는 액세스에 대한 인증이 취약하여 관리자 계정 외 다른 계정들에도 원격
레지스트리 액세스를 허용할 우려가 있으며, 레지스트리에 대한 권한 설정이 잘못되어 있는 경우
원격에서 레지스트리를 통해 임의의 파일을 실행할 위험이 존재함
Ÿ 레지스트리 서비스의 장애는 전체 시스템에 영향을 줄 수 있어 서비스 거부 공격(DoS) 공격에 이용될
위험이 존재함","※ 레지스트리: Windows를 실행하는데 필요한 모든 환경설정 데이터를 모아 두는 중앙 저장소
※ 원격 레지스트리 서비스: 원격지에 있는 컴퓨터를 한곳에서 집중적으로 관리하기 위한 목적으로
원격 컴퓨터의 레지스트리에 접근할 수 있도록 하는 서비스","Windows NT, 2000, 2003, 2008, 2012, 2016, 2019, 2022",Remote Registry Service가 중지된 경우,Remote Registry Service가 사용 중인 경우,불필요 시 서비스 중지 및 사용 안 함으로 설정,"Remote Registry Service를 사용하는지 확인 필요
(서비스 > Remote Registry Service > 등록 정보 > 종속성 참고)",,,241,241,2026
W-45,W-45,백신 프로그램 설치,Windows 서버,Windows 서버 > 5. 보안 관리,상,시스템 내 백신 프로그램 설치 여부 점검,"적절한 백신 프로그램을 설치하여 바이러스 감염 여부 진단, 치료 및 파일 보호를 통해 보안 사고를
예방하기 위함","백신 프로그램이 설치되지 않으면 웜, 트로이목마 등의 악성 바이러스로 인한 시스템 피해 위험이
존재함","※ 웜: 악의적인 목적을 가지고 자기 자신을 복제해 전파하며 주로 네트워크 공유 폴더나 메일로 전파됨
※ 트로이목마: 고의로 악의적 목적이 있는 파일, 주로 다른 악성 코드나 위장된 프로그램으로 전파되
거나 인터넷을 통해 다운로드 됨
※ 관련 점검항목 : W-39(상)","Windows NT, 2000, 2003, 2008, 2012, 2016, 2019, 2022",바이러스 백신 프로그램이 설치된 경우,바이러스 백신 프로그램이 설치되어 있지 않은 경우,백신 프로그램 설치,일반적인 경우 영향 없음,,,242,242,2026
W-46,W-46,SAM 파일 접근 통제 설정,Windows 서버,Windows 서버 > 5. 보안 관리,상,SAM 파일 접근 통제 설정 여부 점검,"Administrator 및 System 그룹만 SAM 파일에 접근할 수 있도록 제한하여 악의적인 계정 정보
유출을 차단하기 위함","SAM 파일이 노출될 경우 비밀번호 공격 시도로 인해 계정 및 비밀번호 데이터베이스 정보가 탈취될
위험이 존재함","※ SAM(Security Account Manager): 사용자와 그룹 계정의 비밀번호를 관리하고, LSA(Lo cal
Security Authority)를 통한 인증을 제공함","Windows NT, 2000, 2003, 2008, 2012, 2016, 2019, 2022","SAM 파일 접근 권한에 Administrator, System 그룹만 모든 권한으로 설정된 경우","SAM 파일 접근 권한에 Administrator, System 그룹 외 다른 그룹에 권한이 설정된 경우","SAM 파일 권한 확인 후 Administrator, System 그룹 외 다른 그룹에 설정된 권한 제거",일반적인 경우 영향 없음,,,243,243,2026
W-47,W-47,화면 보호기 설정,Windows 서버,Windows 서버 > 5. 보안 관리,하,시스템 화면보호기 설정 여부 점검,"사용자가 일정 시간 동안 아무런 작업을 수행하지 않으면 자동으로 로그오프 되거나 워크스테이션이
잠기도록 설정하여, 유휴 시간 내 불법적인 시스템 접근을 차단하기 위함","화면보호기 설정을 하지 않으면 사용자가 자리를 비운 사이에 임의의 사용자가 해당 시스템에 접근하여
중요 정보를 유출하거나, 악의적인 행위를 통해 시스템 운영에 악영향을 미칠 위험이 존재함",-,"Windows NT, 2000, 2003, 2008, 2012, 2016, 2019, 2022","화면 보호기를 설정하고 대기 시간이 10분 이하의 값으로 설정되어 있으며, 화면 보호기 해제를 위한 암호를 사용하는 경우","화면 보호기가 설정되지 않았거나 암호를 사용하지 않거나, 화면 보호기 대기 시간이 10분을 초과한 값으로 설정된 경우","화면 보호기 사용, 대기 시간 10분 이하, 해제를 위한 암호 사용",일반적인 경우 영향 없음,,,244,245,2026
W-48,W-48,로그온하지 않고 시스템 종료 허용,Windows 서버,Windows 서버 > 5. 보안 관리,상,비 로그온 사용자의 시스템 종료 허용 여부 점검,"시스템 로그온 화면의 종료 버튼을 비활성화함으로써 허가되지 않은 사용자를 통한 불법적인 시스템
종료를 방지하고자 함","로그온 화면에 “시스템 종료” 버튼이 활성화되어 있으면 로그인을 하지 않고도 불법적인 시스템 종료가
가능하여 정상적인 서비스 운영에 영향을 줌",-,"Windows NT, 2000, 2003, 2008, 2012, 2016, 2019, 2022",“로그온하지 않고 시스템 종료 허용”이 “사용 안 함”으로 설정된 경우,“로그온하지 않고 시스템 종료 허용”이 “사용”으로 설정된 경우,“시스템 종료: 로그온하지 않고 시스템 종료” 정책을 “사용 안 함” 설정,일반적인 경우 영향 없음,,,246,247,2026
W-49,W-49,원격 시스템에서 강제로 시스템 종료,Windows 서버,Windows 서버 > 5. 보안 관리,상,원격 시스템 종료 정책 적절성 점검,"원격에서 네트워크를 통하여 운영체제를 종료할 수 있는 사용자나 그룹을 설정하여 특정 사용자만
시스템 종료를 허용하기 위함",원격 시스템 강제 종료 설정이 부적절한 경우 서비스 거부 공격 등에 악용될 위험이 존재함,-,"Windows NT, 2000, 2003, 2008, 2012, 2016, 2019, 2022",“원격 시스템에서 강제로 시스템 종료” 정책에 “Administrators”만 존재하는 경우,“원격 시스템에서 강제로 시스템 종료” 정책에 “Administrators” 외 다른 계정 및 그룹이 존재하 는 경우,“원격 시스템에서 강제로 시스템 종료” 정책에 “Administrators” 외 다른 계정 및 그룹 제거,일반적인 경우 영향 없음,,,248,248,2026
W-50,W-50,보안 감사를 로그 할 수 없는 경우 즉시 시스템 종료,Windows 서버,Windows 서버 > 5. 보안 관리,상,‘보안 감사를 로그 할 수 없는 경우 즉시 시스템 종료’ 정책 설정 여부 점검,"해당 정책을 비활성화함으로써 로그 용량 초과 등의 이유로 이벤트를 기록할 수 없는 경우, 해당
정책으로 인해 시스템이 비정상적으로 종료되는 것을 방지하기 위함","해당 정책이 활성화되어 있는 경우 악의적인 목적으로 시스템 종료를 유발하여 서비스 거부 공격에
악용될 수 있으며, 비정상적인 시스템 종료로 인해 시스템 및 데이터에 손상을 입힐 위험이 존재함","※ 일반적으로 보안 감사 로그가 꽉 찼을 때 보안 로그에 대한 보존 방법이 [이벤트를 덮어쓰지 않음]
또는 [매일 이벤트 덮어쓰기]인 경우 이벤트가 로그 되지 않음. 보안 로그가 꽉 차고 기존 항목을 덮
어쓸 수 없을 때 해당 정책을 사용하는 경우 다음과 같은 중지 오류가 출력됨
중지: C0000244 {감사 실패}
보안 감사를 만들려고 했으나 만들지 못했습니다.
복구하려면 관리자가 로그온하여 로그를 보관한 다음 로그를 지우고 이 옵션을 원하는 대로 다시 설
정해야 합니다. 이 보안 설정을 다시 설정할 때까지는 보안 로그가 꽉 차지 않았더라도
Administrators 그룹의 구성원이 아니면 어떤 사용자도 시스템에 로그온할 수 없습니다.","Windows NT, 2000, 2003, 2008, 2012, 2016, 2019, 2022",“보안 감사를 로그 할 수 없는 경우 즉시 시스템 종료” 정책이 “사용 안 함”으로 되어있는 경우,“보안 감사를 로그 할 수 없는 경우 즉시 시스템 종료” 정책이 “사용”으로 되어있는 경우,“보안 감사를 로그 할 수 없는 경우 즉시 시스템 종료” 정책을 “사용 안 함”으로 설정,일반적인 경우 영향 없음,,,249,250,2026
W-51,W-51,SAM 계정과 공유의 익명 열거 허용 안 함,Windows 서버,Windows 서버 > 5. 보안 관리,상,“SAM 계정과 공유의 익명 열거 허용 안 함” 정책 설정 여부 점검,익명 사용자에 의한 악의적인 계정 정보 탈취를 방지하기 위함,"Windows에서는 익명의 사용자가 도메인 계정(사용자, 컴퓨터 및 그룹)과 네트워크 공유 이름의 열거
작업을 수행할 수 있으므로 SAM(보안 계정 관리자) 계정과 공유의 익명 열거가 허용될 경우 악의적인
사용자가 계정 이름 목록을 확인하고 이 정보를 사용하여 암호를 추측하거나 사회 공학적 공격기법을
수행할 위험이 존재함","※ 방화벽과 라우터에서 135~139(TCP, UDP) Port 차단을 통해 외부로부터의 위협을 차단함
※ 네트워크 및 전화 접속 연결 > 로컬 영역 > 등록 정보 > 고급 > 고급 설정 > Microsoft 네트워크 파일
및 프린트 공유를 해제해야 함","Windows NT, 2000, 2003, 2008, 2012, 2016, 2019, 2022",“SAM 계정과 공유의 익명 열거 허용 안 함”이 “사용”으로 설정된 경우,“SAM 계정과 공유의 익명 열거 허용 안 함”이 “사용 안 함”으로 설정된 경우,"레지스트리 값 또는, 로컬 보안 정책 설정","Active Directory, Clustered system에서는 적용 시 영향 있음",,,251,252,2026
W-52,W-52,Autologon 기능 제어,Windows 서버,Windows 서버 > 5. 보안 관리,상,Autologon 기능 제어 설정 여부 점검,Autologon 기능을 사용하지 않도록 설정하여 시스템 계정 정보 노출을 차단하기 위함,"Autologon 기능을 사용하면 침입자가 해킹 도구를 이용하여 레지스트리에 저장된 로그인 계정 및
비밀번호 정보 유출 위험이 존재함","※ Autologon: 레지스트리에 암호화되어 저장된 대체 증명을 사용하여 자동으로 로그인하는 기능
※ AutoAdminLogon 키가 없는 경우 기본값 비활성화","Windows NT, 2000, 2003, 2008, 2012, 2016, 2019, 2022",AutoAdminLogon 값이 없거나 0으로 설정된 경우,AutoAdminLogon 값이 1로 설정된 경우,해당 레지스트리 값이 존재하는 경우 0으로 설정,반드시 자동 로그인을 사용하여야 할 경우를 제외하고는 일반적으로 영향 없음,,,253,253,2026
W-53,W-53,이동식 미디어 포맷 및 꺼내기 허용,Windows 서버,Windows 서버 > 5. 보안 관리,상,관리자 이외 NTFS 미디어 포맷 및 꺼내기 허용 여부 점검,"이동식 미디어의 NTFS 포맷 및 꺼내기가 허용되는 사용자를 관리 권한자로 제한함으로써 관리 권한이
없는 사용자 및 비인가자에 의한 불법적인 이동식 미디어의 포맷 및 이동을 차단하기 위함","관리자 이외 사용자에게 해당 정책이 설정된 경우 비인가자에 의한 불법적인 매체 처리를 허용할 위험이
존재함","※ 해당 보안 설정은 이동식 NTFS 미디어를 포맷하거나 꺼낼 수 있는 사용자를 결정하는 옵션으로
Administrators, Administrators 및 Power Users, Administrators 및 Interactive Users 그
룹에 이 기능을 허용할 수 있음","Windows NT, 2000, 2003, 2008, 2012, 2016, 2019, 2022",“이동식 미디어 포맷 및 꺼내기 허용” 정책이 “Administrators”로 되어있는 경우,“이동식 미디어 포맷 및 꺼내기 허용” 정책이 “Administrators”로 되어있지 않은 경우,“이동식 NTFS 미디어 꺼내기 허용” 정책을 “Administrators”로 설정,일반적인 경우 영향 없음,,,254,254,2026
W-54,W-54,Dos 공격 방어 레지스트리 설정,Windows 서버,Windows 서버 > 5. 보안 관리,중,DoS 공격 방어 레지스트리 설정 여부 점검,TCP/IP 스택(Stack)을 강화하는 레지스트리 값 변경을 통하여 DoS 공격을 방어하기 위함,"DoS 방어 레지스트리를 설정하지 않은 경우, DoS 공격에 의한 시스템 다운으로 서비스 제공이 중단될
위험이 존재함","※ DoS(서비스 거부 공격): 네트워크 사용자가 컴퓨터나 컴퓨터의 특정 서비스를 사용할 수 없도록 만
들기 위한 네트워크 공격","Windows NT, 2000, 2003, 2008, 2012, 2016, 2019, 2022","아래 4가지 DoS 방어 레지스트리를 설정한 경우 Ÿ SynAttackProtect → 1이상 Ÿ EnableDeadGWDetect → 0 Ÿ KeepAliveTime → 300,000 Ÿ NoNameReleaseOnDemand → 1",DoS 방어 레지스트리 값이 설정되어 있지 않은 경우,레지스트리 값을 추가 또는 수정,잘못된 값으로 설정할 경우 운영체제 재설치를 요구할 수 있음,,,255,255,2026
W-55,W-55,사용자가 프린터 드라이버를 설치할 수 없게 함,Windows 서버,Windows 서버 > 5. 보안 관리,중,사용자의 프린터 드라이버 설치 차단 여부 점검,일반 사용자를 통한 프린터 드라이버 설치를 차단하여 의도하지 않은 시스템 손상을 방지하기 위함,"서버에 프린터 드라이버를 설치하는 경우 악의적인 사용자가 고의로 잘못된 프린터 드라이버를
설치하여 컴퓨터를 손상할 수 있으며, 프린터 드라이버로 위장한 악성코드를 설치할 위험이 존재함",-,"Windows NT, 2000, 2003, 2008, 2012, 2016, 2019, 2022",“사용자가 프린터 드라이버를 설치할 수 없게 함” 정책이 “사용”인 경우,“사용자가 프린터 드라이버를 설치할 수 없게 함” 정책이 “사용 안 함”인 경우,“사용자가 프린터 드라이버를 설치할 수 없게 함” 정책을 “사용”으로 설정,일반적인 경우 영향 없음,,,256,256,2026
W-56,W-56,SMB 세션 중단 관리 설정,Windows 서버,Windows 서버 > 5. 보안 관리,중,Session 연결 중단 시 유휴 시간 설정 여부 점검,"Session이 중단되기 전에 SMB(서버 메시지 블록) Session에서 보내야 하는 연속 유휴 시간을
결정하여 서비스 거부 공격 등에 악용되지 않도록 하기 위함","SMB Session에서는 서버 리소스를 사용하며, NULL Session 수가 많으면 서버 속도가 느려지거나
서버에 오류를 발생시킬 수 있으므로 공격자는 이를 악용하여 SMB Session을 반복 설정하여 서버의
SMB 서비스가 느려지거나 응답하지 않게 하여 서비스 거부 공격을 실행할 위험이 존재함","※ Administrator는 해당 정책을 활성화하여 컴퓨터가 비활성 SMB Session을 중단하는 시점을 제
어할 수 있으며, 클라이언트를 다시 시작하면 해당 Session은 자동으로 다시 연결됨. 해당 정책의
값을 0으로 설정하면 가능한 한 빨리 유휴 Session 연결은 끊어지며, 최댓값은 99999(208일)로
사실상 정책 설정 해제를 의미함
※ SMB(서버 메시지 블록): LAN이나 컴퓨터 간의 통신에서 데이터 송수신을 하기 위한 프로토콜","Windows NT, 2000, 2003, 2008, 2012, 2016, 2019, 2022","“로그온 시간이 만료되면 클라이언트 연결 끊기” 정책을 “사용”으로, “세션 연결을 중단하기 전에 필요한 유휴 시간” 정책을 “15분” 이하로 설정한 경우",“로그온 시간이 만료되면 클라이언트 연결 끊기” 정책이 “사용 안 함” 또는 “세션 연결을 중단하기 전에 필요한 유휴 시간” 정책이 “15분” 초과로 설정한 경우,"Ÿ “로그인 시간이 만료되면 클라이언트 연결 끊기” 정책 “사용” 설정
Ÿ “세션 연결을 중단하기 전에 필요한 유휴 시간” 정책 “15분” 이하로 설정",일반적인 경우 영향 없음,,,257,258,2026
W-57,W-57,로그온 시 경고 메시지 설정,Windows 서버,Windows 서버 > 5. 보안 관리,하,로그온 시 경고 메시지 출력 여부 점검,"로그온 시 경고 메시지를 설정하여 시스템에 로그온을 시도하는 사용자들에게 관리자는 시스템의
불법적인 사용에 대하여 경고 창을 띄움으로써 경각심을 주기 위함","로그온 경고 메시지가 없는 경우 악의적인 사용자에게 관리자가 적절한 보안 수준으로 시스템을
보호하고 있으며, 공격자의 활동을 주시하고 있다는 생각을 상기시킬 수 없어 간접적인 공격 기회를
제공할 위험이 존재함",-,"Windows NT, 2000, 2003, 2008, 2012, 2016, 2019, 2022",로그인 경고 메시지 제목 및 내용이 설정된 경우,로그인 경고 메시지 제목 및 내용이 설정되어 있지 않은 경우,로그인 메시지 제목 및 메시지 내용에 경고 문구 삽입,일반적인 경우 영향 없음,,,259,260,2026
W-58,W-58,사용자별 홈 디렉터리 권한 설정,Windows 서버,Windows 서버 > 5. 보안 관리,중,사용자 홈 디렉터리 권한 적절성 점검,"사용자 홈 디렉터리에 적절한 권한을 부여하여 비인가 사용자에 의한 불필요한 정보 노출을 방지하기
위함","사용자 계정별 홈 디렉터리의 권한이 제한되어 있지 않으면 임의의 사용자나 다른 사용자의 홈
디렉터리에 악의적인 목적으로 접근할 수 있으며, 접근 후 의도 또는, 의도하지 않은 행위로 시스템에
악영향을 미칠 위험이 존재함",-,"Windows NT, 2000, 2003, 2008, 2012, 2016, 2019, 2022","홈 디렉터리에 Everyone 권한이 없는 경우 (All Users, Default User 디렉터리 제외)",홈 디렉터리에 Everyone 권한이 있는 경우,Everyone 권한 제거,일반적인 경우 영향 없음,,,261,262,2026
W-59,W-59,LAN Manager 인증 수준,Windows 서버,Windows 서버 > 5. 보안 관리,중,LAN Manager 인증 수준 적절성 점검,"LAN Manager 인증 수준 설정을 통해 네트워크 로그온에 사용할 Challenge/ Response 인증
프로토콜을 결정하며, 안전한 인증 절차를 적용하기 위함","안전하지 않은 LAN Manager 인증 수준을 사용하는 경우 인증 트래픽을 가로채기를 통해 악의적인
계정 정보 노출 위험이 존재함","※ LAN Manager는 네트워크를 통한 파일 및 프린터 공유 등과 같은 작업 시 인증을 담당. NTLMv2
는 Windows 2000, 2003, XP 이상에서 지원되며, Windows 98, NT 버전과 통신하면 패치를
설치해야 함","Windows NT, 2000, 2003, 2008, 2012, 2016, 2019, 2022","""LAN Manager 인증 수준"" 정책에 ""NTLMv2 응답만 보냄""이 설정되어 있는 경우","""LAN Manager 인증 수준"" 정책에 ""LM"" 및 ""NTLM""인증이 설정되어 있는 경우","- Windows 2000
: LAN Manager 인증 7수준 - > NTLMv2 응답만 보내기
- Windows 2003, 2008, 2012, 2016, 2019
: 네트워크 보안: LAN Manager 인증 수준 - > NTMLv2 응답만 보내기",일반적인 경우 영향 없음,,,263,264,2026
W-60,W-60,보안 채널 데이터 디지털 암호화 또는 서명,Windows 서버,Windows 서버 > 5. 보안 관리,중,‘보안 채널 데이터 디지털 암호화 또는 서명’ 정책 적절성 점검,"해당 정책을 활성화하여 보안 채널의 서명 또는 암호화를 협상하지 않는 한 보안 채널을 확립하지 않기
위함","보안 채널이 암호화되지 않으면 인증 트래픽 끼어들기 공격, 반복 공격 및 기타 유형의 네트워크 공격
등의 위험이 존재함",-,"Windows NT, 2000, 2003, 2008, 2012, 2016, 2019, 2022","아래 3가지 정책 모두 “사용""으로 되어있는 경우 Ÿ 도메인 구성원: 보안 채널 데이터를 디지털 암호화 또는 서명(항상) Ÿ 도메인 구성원: 보안 채널 데이터를 디지털 암호화(가능한 경우) Ÿ 도메인 구성원: 보안 채널 데이터 디지털 서명(가능한 경우)","아래 3가지 정책 중 일부가 ""사용 안 함""으로 되어있는 경우 Ÿ 도메인 구성원: 보안 채널 데이터를 디지털 암호화 또는 서명(항상) Ÿ 도메인 구성원: 보안 채널 데이터를 디지털 암호화(가능한 경우) Ÿ 도메인 구성원: 보안 채널 데이터 디지털 서명(가능한 경우)",보안 채널 데이터를 디지털 암호화·서명 관련 3개 정책 → 사용,"도메인 구성원만 해당하며, Windows 98/NT와 파일 및 프린터 공유 등의 작업하지 않는 경우
일반적으로 영향 없음",,,265,266,2026
W-61,W-61,파일 및 디렉토리 보호,Windows 서버,Windows 서버 > 5. 보안 관리,중,NTFS 파일 시스템 사용 여부 점검,"FAT 파일 시스템에 비해 더 강화된 보안 기능을 제공하는 파일 시스템을 사용하기 위함 (파일과
디렉터리에 소유권과 사용 권한 설정이 가능하고 ACL(접근통제 목록)을 제공)","FAT 파일 시스템 사용 시 사용자별 접근통제를 적용할 수 없어 중요 정보에 대한 책임 추적성 확보가
어려운 위험이 존재함","※ 기존에 FAT 파일 시스템을 사용하다가 NTFS로 변환하기 위해서는 convert.exe 명령을 사용할 수
있지만, FAT 파일 시스템으로 운영 중 변환해야 하는 경우 Default ACL이 적용되지 않으므로 가능
한 초기 설치 시 NTFS 파일 시스템을 선택하는 것을 권장함
※ 최근 운영체제 버전에서는 FAT32 파일 시스템을 지원하지 않으나 기존 FAT32에서 NTFS 변환
가능
※ NTFS, FAT 파일 시스템 비교: FAT32에는 NTFS가 제공하는 보안 기능이 없으므로 컴퓨터에
FAT32 파티션 또는, 볼륨이 있는 경우 컴퓨터에 액세스 가능한 모든 사용자가 파일을 읽을 수
있으며 FAT32에는 크기 제한이 있음.","Windows NT, 2000, 2003, 2008, 2012, 2016, 2019, 2022",NTFS 파일 시스템을 사용하는 경우,FAT 파일 시스템을 사용하는 경우,FAT 파일 시스템을 사용 시 가능한 NTFS 파일 시스템 변환 설정,파일 시스템을 변환할 경우 기존 파일 시스템에 영향을 줄 수 있음,,,267,267,2026
W-62,W-62,시작 프로그램 목록 분석,Windows 서버,Windows 서버 > 5. 보안 관리,중,시작 프로그램 목록 내 불필요한 항목 존재 여부 점검,불필요한 시작 프로그램을 삭제하거나 비활성화하여 악의적인 공격을 차단하기 위함,"Windows 시작 시 너무 많은 시작 프로그램이 동시에 실행되면 속도가 저하되는 문제가 발생하며,
공격자가 심어놓은 악성 프로그램이나 해킹 도구가 실행되어 시스템에 피해를 줄 위험이 존재함",-,"Windows 2000, 2003, 2008, 2012, 2016, 2019, 2022",시작 프로그램 목록을 정기적으로 검사하고 불필요한 서비스를 비활성화한 경우,"시작 프로그램 목록을 정기적으로 검사하지 않고, 부팅 시 불필요한 서비스도 실행되고 있는 경우",시작 프로그램 목록의 정기적인 검사 실시 및 불필요한 서비스 비활성화 설정,일반적인 경우 영향 없음,,,268,268,2026
W-63,W-63,도메인 컨트롤러-사용자의 시간 동기화,Windows 서버,Windows 서버 > 5. 보안 관리,중,도메인 컨트롤러와 사용자의 시간 동기화 여부 점검,"이 설정은 Kerberos가 클라이언트 시계의 시간과 서버 시계의 시간 사이에서 허용되는 최대 시간
차이(분)를 결정하는 동시에 두 시계의 동기를 고려하여, 재전송 공격을 방지하기 위함","Replay Attack 이란 프로토콜 상 메시지를 복사한 후 재전송함으로써 승인된 사용자로 오인하게
만들어 내부 침입 및 정보 유출 위험이 존재함",-,"Windows 2012, 2016, 2019, 2022",컴퓨터 시계 동기화 최대 허용 오차값이 5분 이하인 경우,컴퓨터 시계 동기화 최대 허용 오차값이 5분 초과인 경우,Kerberos 사용 시 컴퓨터 시계 동기화 최대 허용 오차값 5분 이하로 설정,일반적인 경우 영향 없음,,,269,269,2026
W-64,W-64,윈도우 방화벽 설정,Windows 서버,Windows 서버 > 5. 보안 관리,중,시스템의 방화벽 기능이 활성화되어 있는지 점검,"방화벽 기능 활성화 여부를 점검하여 시스템에서 외부망의 비인가 접근 및 외부망으로 통신을 시도하는
프로그램에 대해 통제하고 있는지 확인하기 위함","방화벽 기능이 비활성화되어 있으면, 외부 및 내부의 접근통제가 되지 않아 유해 정보가 유입되거나
시스템 사용자의 파일이나 폴더가 외부로 유출될 위험이 존재함","※ 방화벽: 인터넷 또는 외부 네트워크에서 유입되는 트래픽을 통제하는 솔루션으로써 외부의 불법 침
입으로부터 내부의 정보 자산을 보호하고 외부로부터 유해 정보 유입을 차단하기 위한 정책과 이를
지원하는 하드웨어와 소프트웨어를 총칭함","Windows 2000, 2003, 2008, 2012, 2016, 2019, 2022",Windows 방화벽 “사용”으로 설정된 경우,Windows 방화벽 “사용 안 함”으로 설정된 경우,Windows 방화벽 “사용”으로 설정,일반적인 경우 영향 없음,,,270,273,2026
WEB-01,WEB-01,Default 관리자 계정명 변경,웹 서비스,웹 서비스 > 1. 계정 관리,상,웹 서비스 설치 시 기본적으로 설정된 관리자 계정의 변경 후 사용 여부 점검,"기본 관리자 계정명과 같은 알려진 계정명을 유추하기 어려운 계정명으로 변경 후 사용하여 공격자에
의한 추측 공격 및 무단 접근 등을 방지하고 보안을 강화하기 위함","기본 관리자 계정명을 변경하지 않고 사용할 경우, 공격자에 의한 계정 및 비밀번호 추측 공격이 가능하고,
이를 통해 불법적인 접근, 데이터 유출, 시스템 장애 등의 보안 사고가 발생할 수 있는 위험이 존재함","※ 기본 계정: 웹 서비스 설치 시 기본적으로 생성되는 관리자 콘솔 계정
※ 서비스별 기본 계정: IIS(Administrator), Tomcat(tomcat, admin), JEUS(administrator)","Tomcat, JEUS","관리자 페이지를 사용하지 않거나, 계정명이 기본 계정명으로 설정되어 있지 않은 경우","계정명이 기본 계정명으로 설정되어 있거나, 추측하기 쉬운 문자 조합으로 이루어진 계정명을 사용하는 경우",기본 관리자 계정명을 추측하기 어려운 계정명으로 설정,일반적인 경우 영향 없음,,,274,275,2026
WEB-02,WEB-02,취약한 비밀번호 사용 제한,웹 서비스,웹 서비스 > 1. 계정 관리,상,관리자 계정의 취약한 비밀번호 설정 여부 점검,"관리자 계정의 비밀번호가 복잡도 기준에 맞게 적용되어 있는지 점검하여, 비인가자에 의한 비밀번호
유추 공격 및 관리자 권한 탈취 등을 방지하기 위함","관리자 계정의 비밀번호를 취약하게 설정하여 사용하는 경우, 비인가자의 비밀번호 유추 공격으로
관리자 권한 탈취 및 시스템 침입 등의 위험이 존재함",-,"Tomcat, IIS, JEUS","관리자 비밀번호가 암호화되어 있거나, 유추하기 어려운 비밀번호로 설정된 경우","관리자 비밀번호가 암호화되어 있지 않거나, 유추하기 쉬운 비밀번호로 설정된 경우",복잡도 기준에 맞는 추측하기 어려운 비밀번호 설정,일반적인 경우 영향 없음,,,276,277,2026
WEB-03,WEB-03,비밀번호 파일 권한 관리,웹 서비스,웹 서비스 > 1. 계정 관리,상,비밀번호 파일에 대해 적절한 접근 권한 설정 여부 점검,"비밀번호 파일의 접근 권한을 적절하게 설정하여 비인가자가 비밀번호 파일에 무단 접근 및 유출 등을
방지하기 위함","비밀번호 파일의 권한을 적절하게 설정하지 않은 경우, 비인가자에게 비밀번호 정보가 노출될 수 있고 웹
서버에 접속하는 등의 침해사고가 발생할 위험이 존재함",-,"Tomcat, IIS, JEUS",비밀번호 파일에 권한이 600 이하로 설정된 경우,비밀번호 파일에 권한이 600 초과로 설정된 경우,비밀번호 파일 권한 600 이하로 설정,일반적인 경우 영향 없음,,,278,279,2026
WEB-04,WEB-04,웹 서비스 디렉터리 리스팅 방지 설정,웹 서비스,웹 서비스 > 2. 서비스 관리,상,디렉터리 리스팅 기능 차단 여부 점검,"웹 서버에 대한 디렉터리 리스팅 기능을 차단하여 디렉터리 내의 모든 파일에 대한 접근 및 정보 노출을
차단하기 위함","디렉터리 리스팅 기능이 차단되지 않은 경우, 비인가자가 해당 디렉터리 내의 모든 파일의 리스트 확인
및 접근이 가능하고, 웹 서버의 구조 및 백업 파일이나 소스 파일 등 공개되면 안 되는 중요 파일들이
노출될 위험이 존재함","※ 디렉터리 리스팅(Directory Listing): 웹 서버의 취약한 설정으로 인해 웹 서버의 파일 시스템
목록을 보여주는 것","Apache, Tomcat, Nginx, IIS, JEUS, WebtoB",디렉터리 리스팅이 설정되지 않은 경우,디렉터리 리스팅이 설정된 경우,디렉터리 리스팅 기능 차단 설정,일반적인 경우 영향 없음,,,280,282,2026
WEB-05,WEB-05,지정하지 않은 CGI/ISAPI 실행 제한,웹 서비스,웹 서비스 > 2. 서비스 관리,상,웹 서비스 CGI 실행 제한 설정 여부 점검,CGI 스크립트를 정해진 디렉터리에서만 실행되도록 하여 악의적인 파일의 업로드 및 실행을 방지하기 위함,"게시판이나 자료실과 같이 업로드되는 파일이 저장되는 디렉터리에 CGI 스크립트가 실행 가능한 경우
악의적인 파일을 업로드하고 이를 실행하여 시스템의 중요 정보가 노출될 수 있으며 침해사고의 경로로
이용될 위험이 존재함","※ CGI(Common Gateway Interface): 사용자가 서버로 보낸 데이터를 서버에서 작동 중인 데이터
처리프로그램에 전달하고, 여기에서 처리된 데이터를 다시 서버로 되돌려 보내는 등의 일을 하는
표준 인터페이스 규격","Apache, Tomcat, Nginx, IIS, WebtoB",CGI 스크립트를 사용하지 않거나 CGI 스크립트가 실행 가능한 디렉터리를 제한한 경우,CGI 스크립트를 사용하고 CGI 스크립트가 실행 가능한 디렉터리를 제한하지 않은 경우,CGI 스크립트를 정해진 디렉터리 내에서만 실행할 수 있도록 설정,해당 디렉터리 확인 후 추가적인 파일이 없다면 영향 없음,,,283,285,2026
WEB-06,WEB-06,웹 서비스 상위 디렉터리 접근 제한 설정,웹 서비스,웹 서비스 > 2. 서비스 관리,상,“..” 와 같은 문자사용 등을 통한 상위 디렉터리 접근 제한 여부 점검,"상위 디렉터리 접근 제한 설정을 통해 비인가자의 특정 디렉터리에 대한 접근 및 열람을 제한하여 중요
파일 및 데이터를 보호하고, Unicode 버그 및 서비스 거부 공격 등을 방지하기 위함","Ÿ 상위 디렉터리로 이동하는 것이 가능할 경우 접근하고자 하는 디렉터리의 하위 경로에서 상위로
이동하며 정보 탐색이 가능하여 중요 정보가 노출될 위험이 존재함
Ÿ 악의적인 목적을 가진 사용자가 중요 파일 및 디렉터리의 접근이 가능하여 데이터가 유출될 위험이
존재함","※ “..” 는 Unicode 버그, 서비스 거부와 같은 공격에 쉽게 이용되므로 허용하지 않는 것을 권장함","Apache, Tomcat, Nginx, IIS, WebtoB",상위 디렉터리 접근 기능을 제거한 경우,상위 디렉터리 접근 기능을 제거하지 않은 경우,상위 디렉터리 접근 기능 제거 설정,웹 서버 및 웹 서비스의 특성에 따라 영향을 줄 수 있음,,,286,289,2026
WEB-07,WEB-07,웹 서비스 경로 내 불필요한 파일 제거,웹 서비스,웹 서비스 > 2. 서비스 관리,중,웹 서비스 설치 시 기본으로 생성되는 불필요한 파일 및 디렉터리 제거 여부 점검,"웹 서비스 설치 시 기본으로 생성되는 샘플, 매뉴얼 파일 등 서비스에 불필요한 파일을 제거하여
불필요한 공격 대상으로 이용되는 것을 방지하기 위함","웹 서비스 설치 시 기본으로 생성되는 파일 및 디렉터리나 백업, 테스트 파일 등을 제거하지 않은 경우,
비인가자에게 시스템 관련 정보 및 웹 서버 정보가 노출되거나 해킹에 악용될 수 있음","※ 불필요한 파일: 샘플 파일, 매뉴얼 파일, 임시 파일, 테스트 파일, 백업 파일 등","Apache, Tomcat, Nginx, IIS, JEUS, WebtoB",기본으로 생성되는 불필요한 파일 및 디렉터리가 존재하지 않을 경우,기본으로 생성되는 불필요한 파일 및 디렉터리가 존재하는 경우,불필요한 파일 및 디렉터리를 제거하도록 설정,일반적인 경우 영향 없음,,,290,291,2026
WEB-08,WEB-08,웹 서비스 파일 업로드 및 다운로드 용량 제한,웹 서비스,웹 서비스 > 2. 서비스 관리,하,파일 업로드 및 다운로드의 용량 제한 설정 여부 점검,"기반시설 시스템은 원칙적으로 파일 업로드 및 다운로드를 금지하지만 불가피하게 파일의 업로드 및
다운로드 기능이 필요한 경우, 파일의 용량 제한을 설정하여 불필요한 업로드 및 다운로드를 방지해
서버의 과부하를 예방하고, 웹 서버 자원을 효율적으로 관리하기 위함","웹 서비스의 파일 업로드 및 다운로드의 용량을 제한하지 않은 경우, 악의적인 목적을 가진 사용자가
반복 업로드 및 웹 쉘 공격 등으로 시스템 권한을 탈취하거나 대용량 파일의 업로드 및 다운로드로 서버
자원을 고갈시켜 서비스 장애를 발생시킬 위험이 존재함",※ 불필요한 업로드 및 다운로드: 내부 정책에 맞지 않는 업로드와 다운로드,"Apache, Tomcat, Nginx, IIS, JEUS, WebtoB",파일 업로드 및 다운로드 용량을 제한한 경우,파일 업로드 및 다운로드 용량을 제한하지 않은 경우,파일 업로드 및 다운로드 용량을 허용 가능한 최소 범위로 제한하여 설정,일반적인 경우 영향 없음,,,292,294,2026
WEB-09,WEB-09,웹 서비스 프로세스 권한 제한,웹 서비스,웹 서비스 > 2. 서비스 관리,상,웹 서비스 프로세스의 관리자 권한 구동 여부 점검,"웹 프로세스가 웹 서비스 운영에 필요한 최소한의 권한만을 갖도록 제한함으로써 웹 사이트 방문자가 웹
서비스의 취약점을 이용해 시스템에 대한 어떤 권한도 획득할 수 없도록 하여 침해사고 발생 시 피해
범위 확산을 방지하기 위함","웹 프로세스 권한을 제한하지 않은 경우, 웹 사이트 방문자가 웹 서비스의 취약점을 이용하여 시스템
권한을 획득할 수 있으며, 웹 취약점을 통해 접속 권한을 획득한 경우에는 관리자 권한을 획득하여
서버에 접속 후 정보의 변경, 훼손 및 유출될 위험이 존재함",-,"Apache, Tomcat, Nginx, IIS, JEUS, WebtoB",웹 프로세스(웹 서비스)가 관리자 권한이 부여된 계정이 아닌 운영에 필요한 최소한의 권한을 가진 별도의 계정으로 구동되고 있는 경우,웹 프로세스(웹 서비스)가 관리자 권한이 부여된 계정으로 구동되고 있는 경우,웹 서비스 프로세스 구동 시 관리자 권한이 아닌 운영에 필요한 최소한의 권한을 가진 계정으로 구동 설정,일반적인 경우 영향 없음,,,295,299,2026
WEB-10,WEB-10,불필요한 프록시 설정 제한,웹 서비스,웹 서비스 > 2. 서비스 관리,상,웹 서비스 불필요한 Proxy 설정제한 여부 점검,"불필요한 Proxy 설정을 제한하여 자원 낭비 예방 및 관리의 복잡성을 감소시키며, 중간자 공격 등의
해킹 공격으로부터 시스템 관련 정보가 노출되거나 악용되는 것을 방지하기 위함","불필요한 Proxy 설정을 제한하지 않는 경우 공격자가 Proxy 서버를 이용하여 원래 의도되지 않은
방식으로 시스템에 접근하거나 시스템 관련 정보가 유출될 위험이 존재함",-,"Apache, Tomcat, Nginx, IIS, JEUS, WebtoB",불필요한 Proxy 설정을 제한한 경우,불필요한 Proxy 설정을 제한하지 않은 경우,불필요한 Proxy 설정 존재 여부 점검 및 제한 설정,일반적인 경우 영향 없음,,,300,302,2026
WEB-11,WEB-11,웹 서비스 경로 설정,웹 서비스,웹 서비스 > 2. 서비스 관리,중,웹 서버에 설정한 DocumentRoot 경로가 기본 경로와 분리되었는지 여부 점검,웹 서비스 영역 내 불필요한 경로를 분리해 웹 서비스의 침해가 시스템 영역으로 확장될 가능성을 최소화하기 위함,"웹 서비스 경로를 기타 업무와 영역이 분리되지 않은 경로로 설정하거나, 불필요한 경로가 존재할 경우
외부에서 시스템 중요 파일이나 기능에 비인가 접근이 발생할 위험이 존재함",-,"Apache, Tomcat, Nginx, IIS, JEUS, WebtoB",웹 서버 경로를 기타 업무와 영역이 분리된 경로로 설정 및 불필요한 경로가 존재하지 않는 경우,웹 서버 경로를 기타 업무와 영역이 분리되지 않은 경로로 설정하거나 불필요한 경로가 있는 경우,웹 서버의 경로를 별도의 경로로 변경 및 불필요한 경로 제거 설정,일반적인 경우 영향 없음,,,303,304,2026
WEB-12,WEB-12,웹 서비스 링크 사용 금지,웹 서비스,웹 서비스 > 2. 서비스 관리,중,"웹 서비스 링크(심볼릭 링크, aliases 등) 사용 제한 여부 점검","무분별한 심볼릭 링크, 별칭(aliases) 등을 제거하여 허용하지 않은 경로에서의 접근을 차단해 경로
검증을 우회한 시스템 파일 접근을 방지하기 위함","Ÿ 보안상 민감한 내용이 포함되어 있는 파일이 악의적인 사용자에게 노출될 경우 침해사고로 이어질
위험이 존재함
Ÿ 접근을 허용한 웹 디렉터리 내에 서버의 다른 디렉터리나 파일들에 접근할 수 있는 심볼릭 링크,
aliases, 바로가기 등이 존재하는 경우 해당 링크를 통해 허용하지 않은 다른 디렉터리에 액세스할 수
있는 위험이 존재함","※ 심볼릭 링크(Symbolic link, 소프트 링크): 사용자가 심볼릭 링크 파일을 요청하면, 시스템이 해당
링크에 저장된 대상 경로를 따라가서 실제 원본 데이터를 가져와 전달","Apache, Tomcat, Nginx, IIS, JEUS, WebtoB","심볼릭 링크, aliases, 바로가기 등의 링크 사용을 허용하지 않는 경우","심볼릭 링크, aliases, 바로가기 등의 링크 사용을 허용하는 경우",웹 서비스 링크 사용 제한 설정,심볼릭 링크를 이용하여 웹페이지가 구성된 경우 해당 서비스가 실행되지 않을 수 있음,,,305,307,2026
WEB-13,WEB-13,웹 서비스 설정 파일 노출 제한,웹 서비스,웹 서비스 > 2. 서비스 관리,상,"DB 연결 파일에 대한 접근 권한, 스크립트 매핑 등 웹 서비스에서의 DB 연결 취약점 존재 여부 점검","웹 서비스에서 DB 연결 파일에 대한 접근 권한 제한 및 불필요한 스크립트 매핑을 제거하여, DB 연결
정보(사용자 이름, 비밀번호 등)가 외부에 노출되거나 공격자의 DB 접근 및 관리자 권한 획득 등의
다양한 공격을 방지하기 위함","웹 서비스에서 DB 연결 파일에 대한 접근 권한 제한 및 불필요한 스크립트 매핑을 제거하지 않을 경우,
DB 연결 파일에 존재하는 데이터베이스 관련 정보(IP주소, DB명, 비밀번호), 서버 내부 IP주소, 웹
서비스 환경설정 정보 등 보안상 민감한 내용이 악의적인 사용자에게 노출될 위험이 존재함",-,"Tomcat, IIS, JEUS","일반 사용자의 DB 연결 파일에 대한 접근을 제한하고, 불필요한 스크립트 매핑이 제거된 경우","일반 사용자의 DB 연결 파일에 대한 접근을 제한하지 않거나, 불필요한 스크립트 매핑이 제거되지 않은 경우","DB 연결 파일에 대한 접근 권한 제한 또는 불필요한 스크립트 매핑 제거 등을 통한 웹 서비스 내 DB
연결 취약점 제거 설정",일반적인 경우 영향 없음,,,308,310,2026
WEB-14,WEB-14,웹 서비스 경로 내 파일의 접근 통제,웹 서비스,웹 서비스 > 2. 서비스 관리,상,웹 서비스 경로의 파일들에 대해 관리자를 제외한 일반 사용자의 파일 접근 권한 제거 여부 점검,"웹 서비스 경로의 파일들에 관리자를 제외한 일반 사용자의 파일 접근 권한을 제거함으로써 인가되지
않은 사용자가 허용되지 않는 파일에 접근하는 것을 차단하기 위함","웹 서비스 경로 파일에 비인가자가 접근 가능한 경우, 해당 파일의 수정 및 삭제로 인해 웹 서비스 운영
장애 및 계정 비밀번호 정보 등의 중요한 정보가 노출될 위험이 존재함","※ 웹 서비스 경로 내 파일/디렉터리에 접근 권한을 허용할 때는 필요한 때에만 설정하고, 필요한 특정
위치의 특정 사용자에게만 허용하도록 조치","Apache, Tomcat, Nginx, IIS, JEUS, WebtoB",주요 설정 파일 및 디렉터리에 불필요한 접근 권한이 부여되지 않은 경우,주요 설정 파일 및 디렉터리에 불필요한 접근 권한이 부여된 경우,주요 설정 파일 및 디렉터리에 불필요한 접근 권한 제거 설정,일반적인 경우 영향 없음,,,311,312,2026
WEB-15,WEB-15,웹 서비스의 불필요한 스크립트 매핑 제거,웹 서비스,웹 서비스 > 2. 서비스 관리,상,웹 서비스 내 불필요 스크립트 매핑 제거 여부 점검,웹 서비스에서 사용하지 않는 불필요 스크립트 매핑이 존재하는지 점검하여 잠재적 보안 위협을 방지하기 위함,"웹 서비스에서 불필요한 스크립트 매핑을 제거하지 않은 경우, 버퍼 오버플로우(Buffer Overflow), 서비스
거부 공격(Denial of Service), 크로스 사이트 스크립팅(Cross Site Scripting) 등의 공격 위험이 존재함","※ .asp나 .shtm과 같은 확장자들은 특정 DLL 파일과 매핑되어 있어, 이러한 파일들에 대한 요청이
들어오면 해당 DLL에 의해 처리됨
※ 스크립트 매핑: 웹 서버에서 특정 파일 확장자나 URL 경로를 특정 스크립트 처리프로그램에
연결하는 설정","Tomcat, IIS, JEUS",불필요한 스크립트 매핑이 존재하지 않는 경우,불필요한 스크립트 매핑이 존재하는 경우,불필요한 스크립트 매핑 존재 여부 점검 및 제거 설정,일반적인 경우 영향 없음,,,313,315,2026
WEB-16,WEB-16,웹 서비스 헤더 정보 노출 제한,웹 서비스,웹 서비스 > 2. 서비스 관리,중,"웹페이지 응답 헤더에서 버전 정보, 사용 중인 OS 등의 서버 정보 노출 여부 점검","HTTP 응답 헤더에서 웹 서버 버전 및 종류, OS 정보 등 웹 서버와 관련된 정보가 불필요하게 노출되는
것을 최소화하기 위함","웹 서버 및 OS 정보가 노출될 경우 공격자에 의해 해당 버전의 알려진 취약점을 이용하여 시스템 구조와
특성 노출 및 해당 취약점을 통한 공격의 위험이 존재함",-,"Apache, Tomcat, Nginx, IIS, JEUS, Webtob",HTTP 응답 헤더에서 웹 서버 정보가 노출되지 않는 경우,HTTP 응답 헤더에서 웹 서버 정보가 노출되는 경우,응답 헤더에 표시되는 정보를 최소한으로 제한하여 설정,일반적인 경우 영향 없음,,,316,319,2026
WEB-17,WEB-17,웹 서비스 가상 디렉로리 삭제,웹 서비스,웹 서비스 > 2. 서비스 관리,중,불필요한 가상 디렉터리 삭제 여부 점검,"불필요한 가상 디렉터리를 삭제하여 공격이 가능한 영역을 최소화하고 정보 노출 방지 및 권한 상승 공격
등의 위험을 제거하기 위함","불필요한 가상 디렉터리를 삭제하지 않은 경우, 취약한 가상 디렉터리를 통해 시스템 권한 탈취 및
시스템 구조 등의 중요 정보가 노출될 위험이 존재함","※ 가상 디렉터리: 물리적으로 홈 디렉터리와 다른 위치에 있거나 홈 디렉터리에 종속된 디렉터리가
아니어도 웹 브라우저를 통해 사용자가 접속할 때 웹사이트의 하위 디렉터리로 인식되도록 하는 기법","Apache, Tomcat, Nginx, WebtoB",불필요한 가상 디렉터리가 존재하지 않는 경우,불필요한 가상 디렉터리가 존재하는 경우,불필요한 가상 디렉터리 존재 여부 점검 및 삭제하도록 설정,일반적인 경우 영향 없음,,,320,321,2026
WEB-18,WEB-18,웹 서비스 WebDAV 비활성화,웹 서비스,웹 서비스 > 2. 서비스 관리,상,웹 서비스 WebDAV 비활성화 여부 점검,"WebDAV 서비스를 비활성화하여, WebDAV에서 발견되는 다수의 인증 우회 취약점을 제거하고자 함","WebDAV가 활성화되어 있는 경우 웹 서비스에 악의적으로 작성된 요청을 이용하여 인증을
우회함으로써 비밀번호로 보호된 WebDAV의 자원에 접근 (디렉터리 열람, 파일 다운로드 등)이
가능하며, WebDAV에 의해 호출된 일부 구성요소에 매개 변수를 정확하게 점검하지 않는 결함이
존재하여, 이로 인해 버퍼 오버런이 발생할 위험이 존재함","※ WebDAV(Web Distributed Authoring and Versioning): 사용자가 원격 World Wide Web
서버를 이용하여 파일을 수정하거나 처리할 수 있도록 하는 HTTP의 확장 서비스. 웹상의
공동개발을 지원하기 위한 IETF 표준안(RFC 2518)으로써, 원격지 사용자 간에 인터넷상에서
파일을 공동 편집하고 관리할 수 있도록 함","Apache, Nginx, IIS, WebtoB",WebDAV 서비스를 비활성화하고 있는 경우,WebDAV 서비스를 활성화하고 있는 경우,WebDAV 서비스 비활성화 설정,일반적인 경우 영향 없음,,,322,324,2026
WEB-19,WEB-19,웹 서비스 SSI(Server Side Includes) 사용 제한,웹 서비스,웹 서비스 > 3. 보안 설정,중,웹 서비스 SSI 사용 제한 설정 여부 점검,웹 서비스 내 SSI 사용을 제한하여 불법적인 데이터 접근을 차단하여 웹 서버의 보안을 강화하기 위함,"Ÿ 웹 서비스 내 SSI 사용을 제한하지 않을 경우, 공격자가 SSI 기능을 이용하여 시스템 명령 실행 및 중요
파일 탈취 등 공격이 가능하며, 이를 통해 서버 시스템 침해, 데이터 유출 등이 발생할 위험이 존재함
Ÿ SSI 공격 시 HTML 페이지에 스크립트를 삽입하거나 원격으로 코드를 실행하여 웹 서비스를 악용할
위험이 존재함","※ SSI(Server-Side Includes): CGI 프로그램을 작성하거나 혹은 서버 사이드 스크립트를 사용하는
언어로, 웹 서버가 사용자에게 페이지를 제공하기 전에 구문을 해석하도록 지시하는 역할을 함
※ SSI(Server-Side Includes) Injection: HTML 문서 내 입력받은 변수값을 서버 측에서 처리할 때
부적절한 명령문이 포함 및 실행되어 서버의 데이터가 유출되는 취약점","Apache, Tomcat, Nginx, IIS, WebtoB",웹 서비스 SSI 사용 설정이 비활성화되어 있는 경우,웹 서비스 SSI 사용 설정이 활성화되어 있는 경우,웹 서비스 내 불필요한 SSI 사용 제한 설정,일반적인 경우 영향 없음,,,325,328,2026
WEB-20,WEB-20,SSL/TLS 활성화,웹 서비스,웹 서비스 > 3. 보안 설정,상,서버와 클라이언트 간 통신 시 데이터 암호화 전송 여부 점검,"서버와 클라이언트 간 통신 시 데이터의 평문 전송을 사용하지 않고 데이터가 암호화되는 SSL/TLS
인증 암호화 접속을 통해 스니핑을 통한 정보 유출의 위험을 방지하기 위함","Ÿ 웹상의 데이터 통신 시 서버와 클라이언트 간에 데이터를 평문 전송하는 경우, 간단한 도청(스니핑)을
통해 정보가 탈취 및 도용될 위험이 존재함
Ÿ SSL/TLS가 활성화되어 있지 않을 경우, 데이터는 암호화되지 않아 공격자가 중간에서 데이터를
가로채거나 도청할 수 있으며, 더 나아가 평문으로 전송되어 중간에서 변경될 우려가 있어 데이터의
정확성이 훼손될 위험이 존재함","※ 스니핑(임의 지정): 스니퍼(Sniffer)는 ""컴퓨터 네트워크상에 흘러 다니는 트래픽을 엿듣는
도청장치""라고 말할 수 있으며 ""스니핑""이란 이러한 스니퍼를 이용하여 네트워크상의 데이터를 도청하는
행위를 말함
※ SSL(Secure Socket Layer): 인터넷상에서 정보를 암호화하여 송/수신하는 프로토콜. 현재
인터넷에서 널리 쓰이고 있는 www, FTP 등의 데이터를 암호화하여, 프라이버시에 관한 정보나
신용카드 번호, 기업 비밀 등을 안전하게 송/수신할 수 있음","Apache, Nginx, IIS, WebtoB",SSL/TLS 설정이 활성화되어 있는 경우,SSL/TLS 설정이 비활성화되어 있는 경우,웹 서비스 내 SSL/TLS 활성화 설정,일반적인 경우 영향 없음,,,329,333,2026
WEB-21,WEB-21,HTTP 리디렉션,웹 서비스,웹 서비스 > 3. 보안 설정,중,웹 서비스 접근 시 HTTP Redirection 활성화 여부 점검,"HTTP 차단 및 HTTPS로 Redirection 활성화를 통해 평문으로 전송되는 데이터를 암호화하여
공격자의 데이터 스니핑에 대비하기 위함","HTTP 통신은 암호화 전송이 아닌 평문 전송을 하므로 공격자가 스니핑을 시도할 경우 관리자의 ID,
비밀번호가 노출되어 악의적 사용자가 관리자 계정을 탈취할 수 있는 위험이 존재함",-,"Apache, Nginx, IIS, WebtoB",HTTP 접근 시 HTTPS Redirection이 활성화된 경우,HTTP 접근 시 HTTPS Redirection이 비활성화된 경우,HTTP Redirection 활성화 설정,일반적인 경우 영향 없음,,,334,337,2026
WEB-22,WEB-22,에러 페이지 관리,웹 서비스,웹 서비스 > 3. 보안 설정,하,에러 페이지 내 불필요 정보 노출 여부 및 필수 에러 코드에 대해 일원화된 에러 페이지 관리 여부 점검,"에러 페이지에서 웹 서버 버전 및 종류, OS 정보 등 웹 서버와 관련된 불필요한 정보 및 에러 코드를
통한 기술적 취약점이 노출되는 것을 최소화하기 위함","Ÿ 에러 페이지에서 불필요한 정보가 노출될 경우 공격자에 의해 해당 버전의 알려진 취약점 등을
이용하여 시스템 구조와 특성 노출 및 해당 취약점을 통한 공격의 위험이 존재함
Ÿ 필수 에러 코드에 대해 일원화된 에러 페이지로 관리하지 않는 경우 에러 코드를 통해 각종 정보
유추의 위험이 존재함",-,"Apache, Tomcat, Nginx, IIS, JEUS, WebtoB",웹 서비스 에러 페이지가 별도로 지정된 경우,웹 서비스 에러 페이지가 별도로 지정되지 않거나 에러 발생 시 중요 정보가 노출되는 경우,필수 에러 코드에 대해 일원화된 에러 페이지 사용 및 에러 페이지 내 불필요 정보 노출 제한 설정,일반적인 경우 영향 없음,,,338,341,2026
WEB-23,WEB-23,LDAP 알고리즘 적절하게 구성,웹 서비스,웹 서비스 > 3. 보안 설정,중,LDAP 연결 시 취약한 알고리즘 사용 제한 설정 여부 점검,"LDAP 연결 시 안전한 비밀번호 다이제스트 알고리즘을 사용하여 비밀번호 평문 전송 시 발생할 수 있는
스니핑 등의 공격에 대비하기 위함","취약한 다이제스트 알고리즘을 사용하는 경우 공격자의 스니핑, 무차별 공격 등을 통해 인증 정보가
노출될 위험이 존재함","※ LDAP(Lightweight Directory Access Protocol): 네트워크상에서 조직이나 개인정보 혹은
파일이나 디바이스 정보 등을 조회·관리하는 표준 프로토콜",Tomcat,LDAP 연결 인증 시 안전한 비밀번호 다이제스트 알고리즘을 사용하는 경우,LDAP 연결 인증 시 안전한 비밀번호 다이제스트 알고리즘을 사용하지 않는 경우,LDAP 연결 인증 시 SHA-256 이상의 알고리즘을 사용하도록 설정,일반적인 경우 영향 없음,,,342,342,2026
WEB-24,WEB-24,별도의 업로드 경로 사용 및 권한 설정,웹 서비스,웹 서비스 > 3. 보안 설정,중,웹 서비스 제공 시 이용되는 파일 전송의 업로드 경로를 별도의 디렉터리 사용 및 적절한 권한 설정 여부 점검,"웹 서버 루트 디렉터리 내 업로드 경로가 아닌 별도의 디렉터리에서 파일을 업로드할 수 있도록 하여
루트 디렉터리 내 악의적인 파일 업로드 및 실행을 방지하기 위함","웹 서버 내 별도의 파일 업로드 경로 사용 및 적절한 권한 설정을 하지 않을 경우, 악의적인 목적을 가진
파일을 업로드하여 시스템 침투, 중요 정보 유출 및 변조 등의 침해사고의 가능성이 있음",-,"Apache, Tomcat, Nginx, IIS, JEUS, WebtoB",별도의 업로드 경로를 사용하고 일반 사용자의 접근 권한이 부여되지 않은 경우,"별도의 업로드 경로를 사용하지 않거나, 일반 사용자의 접근 권한이 부여된 경우","기본 경로가 아닌 별도의 업로드 경로를 지정하고, 해당 경로에 대한 일반 사용자의 접근 권한을
제한하도록 설정",일반적인 경우 영향 없음,,,343,346,2026
WEB-25,WEB-25,주기적 보안 패치 및 벤더 권고사항 적용,웹 서비스,웹 서비스 > 4. 패치 및 로그 관리,상,최신 보안 패치 적용 여부 점검,주기적인 최신 보안 패치를 통해 보안성 및 시스템 안정성을 확보하기 위함,"주기적으로 최신 보안 패치를 적용하지 않을 경우, 알려진 취약점을 이용한 공격 또는 새로운 공격에
대한 침해사고 발생 위험이 존재함","※ 최신 버전을 사용하도록 권고하고 있으나 시스템 운영상 적용이 어려운 경우 최신이 아닌 취약점이
존재하지 않는 버전도 허용하고 있음","Apache, Tomcat, Nginx, IIS, JEUS, WebtoB","최신 보안 패치가 적용되어 있으며, 패치 적용 정책을 수립하여 주기적인 패치 관리를 하는 경우",최신 보안 패치가 적용되어 있지 않거나 패치 적용 정책을 수립 및 주기적인 패치 관리를 하지 않는 경우,패치 적용에 따른 서비스 영향 정도를 정확히 파악하여 주기적인 패치 적용 정책 수립 및 적용하도록 설정,시스템 영향도를 파악하여 충분한 테스트 후 적용 권고,,,347,349,2026
WEB-26,WEB-26,로그 디렉터리 및 파일 권한 설정,웹 서비스,웹 서비스 > 4. 패치 및 로그 관리,중,비인가자의 로그 디렉터리 및 파일의 접근을 차단하기 위한 권한 적절성 여부 점검,"로그 파일에 공격자에게 유용한 정보가 들어있을 수 있으므로 권한 관리를 통해 비인가자에 의한
정보유출, 로그 파일의 훼손 및 변조를 방지하기 위함","로그 디렉터리 및 파일에 적절한 권한이 설정되어 있지 않은 경우, 비인가자가 로그 파일에 접근할 수
있으므로 사용자 및 시스템 정보유출, 로그 파일 조작 등의 공격 위험이 존재함",-,"Apache, Tomcat, Nginx, IIS, JEUS, WebtoB",로그 디렉터리 및 파일에 일반 사용자의 접근 권한이 없는 경우,로그 디렉터리 및 파일에 일반 사용자의 접근 권한이 있는 경우,로그 디렉터리 및 파일에 일반 사용자 접근 권한 제거 설정,일반적인 경우 영향 없음,,,350,355,2026
S-01,S-01,보안장비 Default 계정 변경,보안 장비,보안 장비 > 1. 계정 관리,상,보안 장비에 기본적으로 설정된 관리자 계정의 변경 여부 점검,"보안 장비의 기본 관리자 계정정보는 인터넷이나 매뉴얼 등에 공개되어 있으므로 보안 장비의 기본
관리자 계정을 변경하여 비인가자가 기본 관리자 계정을 통한 보안 장비 접근을 방지하기 위함","보안 장비의 기본 관리자 계정을 변경하지 않을 경우, 비인가자가 공개된 기본 관리자 계정정보를
통하여 보안 장비에 불법적인 접근 및 보안 장비 설정값을 변경함으로써 시스템 침입 경로 제공 및 보안
장비를 무력화할 수 있는 위험이 존재함",※ 기본 계정: 장비 제조업체에서 출고 시 설정되어 나오는 기본 관리자 계정정보,"방화벽, VPN, IDS, IPS, Anti-DDoS, 웹 방화벽 등",장비에서 제공하고 있는 기본 계정을 변경하여 사용하는 경우 (기본 계정 변경이 불가능할 경우 기본 비밀번호 변경으로 보완 필요),장비에서 제공하고 있는 기본 계정을 변경할 수 있으나 변경하지 않고 사용하는 경우,기본 계정 변경,일반적인 경우 영향 없음,,,356,357,2026
S-02,S-02,비밀번호 관리정책 설정,보안 장비,보안 장비 > 1. 계정 관리,상,보안 장비의 계정 비밀번호가 기관 정책에서 정의된 비밀번호 관리 정책 적용 여부 점검,"비밀번호 관리 정책 적용 여부를 점검하여 비인가자의 비밀번호 추측 공격(무차별 대입 공격, 사전 대입
공격 등)에 대비가 되어있는지 확인하기 위함","비밀번호 관리 정책에 맞지 않는 비밀번호를 사용할 경우, 비인가자의 비밀번호 추측 공격(무차별 대입
공격, 사전 대입 공격 등)에 계정 비밀번호가 유출되어 비인가자가 보안 장비에 접근할 위험이 존재함","※ 비밀번호 관리 정책: 기관 정책에서 정의된 비밀번호 복잡성, 비밀번호 최소 길이, 비밀번호 최소
사용기간, 비밀번호 최대 사용기간
※ 무차별 대입 공격(Brute Force Attack): 컴퓨터로 암호를 해독하기 위해 가능한 모든 키를
하나하나 추론해 보는 시도
※ 사전 대입 공격(Dictionary Attack): 사전에 있는 단어를 입력하여 비밀번호를 알아내거나 암호를
해독하는 데 사용되는 컴퓨터 공격 방법","방화벽, VPN, IDS, IPS, Anti-DDoS, 웹 방화벽 등",비밀번호 관리 정책에 맞는 비밀번호가 사용된 경우,비밀번호 관리 정책에 맞지 않는 비밀번호가 사용된 경우,해당 기관의 비밀번호 관리 정책에 따라 적합하게 설정,일반적인 경우 영향 없음,,,358,359,2026
S-03,S-03,보안장비 계정별 권한 설정,보안 장비,보안 장비 > 1. 계정 관리,상,보안 장비에 등록한 계정들에 대해 업무에 불필요한 권한 여부 점검,"보안 장비에 등록한 계정의 용도별 권한을 부여함으로써 권한 없는 사용자의 설정 변경으로 인한 시스템
침입 경로 유출 위험을 줄이고 관리자 계정이 아닌 일반 계정이 비인가자에게 탈취되었을 때 보안 장비를
장악하지 못하게 하기 위함","사용자별 계정의 용도 파악 및 적절한 권한을 부여하지 않을 경우, 권한 없는 사용자의 의도하지 않은
보안 정책 수정이나 보안 장비 설정값 변경을 통하여 비인가자에게 시스템 침입 경로를 제공할 위험이
존재함",※ 관리자 권한은 최소한의 계정에만 부여,"방화벽, VPN, IDS, IPS, Anti-DDoS, 웹 방화벽 등",사용자별 계정의 용도 파악 및 적절한 권한이 부여된 경우,사용자별 계정의 용도 파악 및 적절한 권한이 부여되지 않은 경우,사용자별 계정의 용도 파악 및 적절한 권한 부여,일반적인 경우 영향 없음,,,360,360,2026
S-04,S-04,보안장비 계정 관리,보안 장비,보안 장비 > 1. 계정 관리,상,보안 장비에 등록된 계정 중 사용하지 않는 계정을 제거 또는 관리 여부 점검,사용하지 않는 불필요한 계정을 관리함으로써 관리되지 않은 계정을 통한 공격을 차단하기 위함,"불필요한 계정을 제거하지 않거나 관리하지 않을 경우, 비인가자의 공격을 통해 불필요한 계정 탈취의
위험이 존재함",※ 공용 계정 및 휴면계정의 계정 탈취 시 침해사고 발생 후 사후 추적이 어려움,"방화벽, VPN, IDS, IPS, Anti-DDoS, 웹 방화벽 등",불필요한 계정을 제거하거나 관리된 경우,불필요한 계정을 제거하지 않거나 관리되지 않은 경우,불필요한 공용 계정 및 휴면계정 제거,일반적인 경우 영향 없음,,,361,361,2026
S-05,S-05,계정 잠금 임계값 설정,보안 장비,보안 장비 > 1. 계정 관리,상,보안 장비에서 제공하고 있는 로그인 실패 임계값 설정 적용 여부 점검,"보안 장비에서 제공하는 로그인 실패 임계값 설정을 통해 비인가자의 자동화된 방법을 이용한 비밀번호
추측 공격을 막기 위함","로그인 실패 임계값 설정을 적용하지 않을 경우, 비인가자는 자동화된 방법을 통하여 모든 계정에 대해
비밀번호 추측 공격을 자유롭게 시도하여 비밀번호 정보가 유출될 위험이 존재함","※ 기종에 따라 Limited/Lockout로 표시됨
※ 보안 장비에 계정 잠금 시간 기능을 지원할 시 함께 설정하면 보안성이 향상됨","방화벽, VPN, IDS, IPS, Anti-DDoS, 웹 방화벽 등",로그인 실패 임계값을 5회 이하로 설정된 경우,로그인 실패 임계값을 5회 이하로 설정되지 않은 경우,로그인 실패 임계값을 5회 이하로 제한,일반적인 경우 영향 없음,,,362,362,2026
S-06,S-06,보안 장비 원격 관리 접근 통제,보안 장비,보안 장비 > 2. 접근 관리,상,보안 장비 원격 관리 시 관리자 IP 또는 특정 IP만 접근할 수 있도록 설정하였는지 점검,"보안 장비에 원격으로 접근할 수 있는 특정 IP를 등록함으로써 비인가자의 보안 장비 접근을 차단하기
위함","보안 장비 원격 관리 시 특정 IP만 접근할 수 있도록 설정하지 않을 경우, 외부에 있는 비인가자가
탈취한 계정을 통해 보안 장비에 접근할 수 있게 되어 보안 장비 설정값을 변경하여 보안 장비를
무력화시킬 위험이 존재함","※ 보안 장비에서 제공하는 관리자 접근제한 기능을 통해 관리자 단말기 또는 콘솔 장비의 허용된
IP만을 등록하고 접근을 제한할 수 있음
※ 보안 장비 원격 관리를 원칙적으로 금지하나, 부득이 사용해야 하는 경우 원격 접속을 허용할 IP나
계정을 제한하는 등 보안대책을 세워 관리해야 함","방화벽, VPN, IDS, IPS, Anti-DDoS, 웹 방화벽 등",원격 관리 시 관리자 IP 또는 특정 IP만 접근할 수 있도록 설정된 경우,원격 관리 시 관리자 IP 또는 특정 IP만 접근할 수 있도록 설정되지 않은 경우,원격 관리 시 관리자 및 특정 IP만 접근 허용,일반적인 경우 영향 없음,,,363,363,2026
S-07,S-07,보안장비 보안 접속,보안 장비,보안 장비 > 2. 접근 관리,상,보안 장비 접속 시 암호화 프로토콜을 이용한 접속 여부 점검,"보안 장비 접속 시 평문을 전송하는 Telnet, HTTP 접속을 사용하지 않고 데이터가 암호화되는 SSH,
SSL 인증 등의 암호화 접속을 통하여 비인가자의 데이터 스니핑에 대비하기 위함","보안 장비 접속 시 암호화 통신을 하지 않을 경우, 데이터가 평문으로 전송되어 비인가자가 관리자
계정을 탈취할 위험이 존재함","※ 스니핑(임의 지정): 컴퓨터 네트워크상에 흘러 다니는 트래픽을 도청하는 행위
※ SSL(Secure Socket Layer): 웹사이트와 브라우저 사이에 전송되는 데이터를 암호화하여 인터넷
연결을 보호하기 위한 표준 기술
※ 보안 장비에 대한 원격 접속을 원칙적으로 금지하나, 부득이 원격 접속을 해야 하는 경우 암호화
통신 프로토콜 사용 등 보안대책을 세워 접속해야 함","방화벽, VPN, IDS, IPS, Anti-DDoS, 웹 방화벽 등",보안 장비 접속 시 암호화 통신을 하는 경우,보안 장비 접속 시 암호화 통신을 하지 않는 경우,"보안 장비 접속 시, 가능하다면 SSL 등의 암호화 접속 활용",일반적인 경우 영향 없음,,,364,364,2026
S-08,S-08,세션 종료 시간 설정,보안 장비,보안 장비 > 2. 접근 관리,상,보안 장비의 정책에 Session Timeout 설정을 적용하였는지 점검,"보안 장비 관리 작업 완료 후 사용자의 부주의로 계정이 접속한 상태로 방치되는 경우를 방지하며
사용하지 않는 세션을 종료하여 가용성을 높이기 위함","Session Timeout 설정을 하지 않을 경우, 보안 장비에 접속한 사용자가 자리 이탈 또는 불완전한 세션
종료로 인해 권한이 없는 사용자가 해당 세션을 재사용하여 인증 없이 보안 장비에 접근함으로써 보안
정책 변경 및 삭제 등 악의적인 행위를 할 위험이 존재함","※ Session Timeout: 로컬 또는 원격에서 보안 장비에 접속한 사용자가 일정 시간 동안 통신이 없을
시 해당 세션을 종료시키는 설정
※ 보안 장비에 접속하여 이행하는 업무 특성을 고려하여 시간을 설정하도록 함","방화벽, VPN, IDS, IPS, Anti-DDoS, 웹 방화벽 등",Session Timeout을 설정한 경우,Session Timeout을 설정하지 않은 경우,Session Timeout 시간을 설정,일반적인 경우 영향 없음,,,365,366,2026
S-09,S-09,주기적 보안 패치 및 벤더 권고사항 적용,보안 장비,보안 장비 > 3. 패치 관리,상,"보안 장비 OS 및 보안 기능(IPS, 안티바이러스 등)을 주기적으로 보안 패치 여부 점검","주기적인 보안 패치를 통해 보안 장비 OS 취약점으로 발생하는 공격이나 보안 장비로 유입되는 최신
유해 트래픽에 대한 탐지 및 차단을 하기 위함","주기적 보안 패치 및 벤더 권고사항을 적용하지 않을 경우, 보안 장비 OS의 취약점을 이용한 공격이나
최신 유해 트래픽에 대한 탐지 및 차단이 제대로 이루어지지 않아 비인가자의 내부 정보시스템 침해
위험이 존재함",-,"방화벽, VPN, IDS, IPS, Anti-DDoS, 웹 방화벽 등",주기적 보안 패치 및 벤더 권고사항이 적용된 경우,주기적 보안 패치 및 벤더 권고사항이 적용되지 않은 경우,벤더사에서 주기적으로 제공하는 장비별 최신 취약점 정보를 파악 후 최신 패치 및 업그레이드를 수행,최신 업데이트 적용 시 시스템 재시작 등의 서비스 영향도 검토 필요,,,367,367,2026
S-10,S-10,보안장비 로그 설정,보안 장비,보안 장비 > 4. 로그 관리,중,"보안 장비에 로그 설정이 적용되어 있는지 확인하고 로그 정책이 기관 정책에 맞게 적용되어 있는지
점검","로그 설정을 점검하여 보안 장비의 이상 유무와 보안 장비 및 보안 장비를 통해 보호받고 있는
정보시스템에 대한 비인가자의 침입 및 공격을 식별하고 있는지 확인하기 위함","로그 설정이 적용되어 있지 않을 경우, 보안 장비에 장애가 발생하거나 침해사고가 발생했을 경우 원인
분석이 어려운 위험이 존재함","※ 로그 정책 설정: 로그 정책 설정 시 보안 장비에 대한 접근 이력(날짜, 시간, IP, ID, 명령어 이력 등),
보안 장비 성능 이상 유무(CPU, RAM 사용량 등), 보안 장비를 통해 유입되거나 외부로 나가는
트래픽에 대해 로그가 남도록 설정하는 것을 권장","방화벽, VPN, IDS, IPS, Anti-DDoS, 웹 방화벽 등",기관 정책에 따른 로그 설정된 경우,기관 정책에 따른 로그 설정이 되지 않은 경우,기관 정책에 따른 로깅 설정,세부적인 로깅 설정은 보안 장비 성능에 영향을 미칠 수 있음,,,368,368,2026
S-11,S-11,보안장비 로그 보관,보안 장비,보안 장비 > 4. 로그 관리,중,로그 보관 정책에 따라 적절하게 로그를 보관하는지 점검,"로그 보관 설정을 점검하여 로그 검토나 보안 장비 침해사고 원인 분석에 필요한(3개월 이상) 로그를
안전(삭제, 변경 불가)하게 보관하는지 확인하기 위함","로그 보관 기간이 적용되어 있지 않을 경우, 보안 장비에서 로그를 자동으로 삭제하여 로그 검토나 보안
장비 침해사고 원인 분석 시 필요한 로그가 남아 있지 않아 로그 검토나 사고 원인 분석이 어려워질
위험이 존재함","※ 로그 보관 기간: 「정보통신망 이용촉진 및 정보보호 등에 관한 법률」 제45조 제2항에 따른
과학기술정보통신부 고시 「정보보호조치에 관한 지침 [별표1] 보호조치의 구체적인 내용 2.2.10
로그관리」에 따라 최소 1개월 이상 로그 기록 유지·관리(정보보호시스템은 3개월)하도록 정함","방화벽, VPN, IDS, IPS, Anti-DDoS, 웹 방화벽 등",정책에 따라 로그 보관 설정된 경우,로그 보관 정책이 없고 관리되지 않은 경우,보안 장비 로그를 정기적으로 분석 및 검토,일반적인 경우 영향 없음,,,369,369,2026
S-12,S-12,보안장비 정책 백업 설정,보안 장비,보안 장비 > 4. 로그 관리,중,보안 장비 설정 정보가 저장된 파일을 백업하는지 점검,"보안 장비 설정 파일의 백업 유무를 점검하여 보안 장비 또는 보안 장비와 연결된 정보시스템에
문제(장비 이상으로 인해 장비를 교체할 경우, 보안 장비 설정을 실수로 잘못 변경하여 문제가 생긴
경우, 비인가자의 공격 및 침입에 의한 설정 변경 및 삭제 등의 침해사고가 발생했을 경우 등) 발생 시
백업된 설정 파일을 통해 즉시 복구할 수 있도록 대비하고 있는지 확인하기 위함","설정 파일을 백업해놓지 않으면 보안 장비에 문제 발생 시 즉시 설정 복구가 되지 않아 보안 장비에
연결된 정보시스템의 가용성(예: 웹 서버 서비스 불가)에 영향을 미칠 수 있는 위험이 존재함","※ 보안 장비 설정 파일: 보안 장비의 각종 설정 및 정책(룰셋)이 저장된 파일. 보안 장비가 문제가
발생했을 경우 복구하는 용도로 활용","방화벽, VPN, IDS, IPS, Anti-DDoS, 웹 방화벽 등",보안 장비에 적용된 정책을 별도의 파일로 보관하고 있는 경우,보안 장비에 적용된 정책을 별도의 파일로 보관하고 있지 않은 경우,보안 장비에 적용된 정책을 별도의 파일로 보관,일반적인 경우 영향 없음,,,370,370,2026
S-13,S-13,원격 로그 서버 사용,보안 장비,보안 장비 > 4. 로그 관리,중,"보안 장비 원격 로그 설정((r)syslog)이 기관 정책에 맞게 설정되어 있으며 보안 장비 로그를 원격 로그
서버에 별도로 보관하도록 설정되어 있는지 점검","보안 장비 로그를 별도로 구축된 원격 로그 서버에 기관의 정책에 맞는 로그를 보관하도록 설정되어
있는지를 점검하여 로그 삭제 및 변조에 대비하고 있는지 확인하기 위함","별도의 원격 로그 서버가 구축되어 있지 않거나, 원격 로그 서버에 저장될 로그가 기관 정책에 맞게
설정되어 있지 않을 경우, 비인가자의 공격 및 침입 사고 또는 보안 장비 문제 발생 시 로그가
삭제되거나 변조되어 사고 원인 분석이 어려운 위험이 존재함","※ 원격 로그 서버: 정보시스템(서버, 네트워크, 보안 장비 등)의 로그를 통합적으로 보관하는 서버","방화벽, VPN, IDS, IPS, Anti-DDoS, 웹 방화벽 등","별도의 원격 로그 서버가 구축되어 있고, 원격 로그 서버에 저장될 로그가 기관 정책에 맞게 설정된 경우","별도의 원격 로그 서버가 구축되어 있지 않거나, 원격 로그 서버에 저장될 로그가 기관 정책에 맞게 설정되지 않은 경우","기관 정책에 맞게 원격 로그 서버에 저장될 로그 설정 후 보안 장비 로그 설정 메뉴에서 (r)syslog 설정
또는 주기적으로 별도 저장 매체에 백업((r)syslog 미지원일 경우)",일반적인 경우 영향 없음,,,371,371,2026
S-14,S-14,NTP 및 시각 동기화 설정,보안 장비,보안 장비 > 4. 로그 관리,중,보안 장비의 NTP 및 시간 동기화 설정 적용 여부 점검,"시스템 운영 또는 보안 사고 발생으로 인한 로그 분석 과정에서 이벤트 간의 인과 관계 파악에 도움을
주고 로그 자체의 신뢰성을 갖기 위함","NTP 및 시간 동기화 설정이 되어있지 않을 경우, 시스템 간 시간 동기화 미흡으로 보안 사고 및 장애
발생 시 로그에 대한 신뢰도가 떨어질 위험이 존재함","※ NTP(Network Time Protocol): 네트워크를 통해 컴퓨터 시스템 간의 시간을 정확하게 유지하기
위한 네트워크 프로토콜. NTP는 1985년 RFC958로 제안된 표준으로 현재 RFC5905 NTP
version 4로 대체됨
※ https://tools.ietf.org/html/rfc5905 NTP 관련 정보 참고 사이트","방화벽, VPN, IDS, IPS, Anti-DDoS, 웹 방화벽 등",NTP 및 시간 동기화 설정이 되어 있는 경우,NTP 및 시간 동기화 설정이 되어 있지 않은 경우,보안 장비 시간 설정에서 NTP 및 시간 동기화 설정 확인,일반적인 경우 영향 없음,,,372,372,2026
S-15,S-15,정책 관리,보안 장비,보안 장비 > 5. 기능 관리,상,보안 장비 정책에 미사용 및 중복된 정책이 존재하는지 점검,"주기적인 정책 검토를 통해 미사용 및 중복된 정책을 제거하여 향후 발생할 수 있는 보안 위협을
제거하고 보안 장비의 고가용성을 유지하기 위함","미사용 및 중복된 정책을 제거하지 않을 경우, 보안 장비 관리자의 업무 편의성 및 효율성이 저하되며
설정되어있는 정책 중 관리자가 인지하지 못한 정책으로 인해 네트워크 보안 체계가 약화 될 위험이
존재함","※ 발생할 수 있는 보안 위협: 비인가자의 네트워크 접근 및 내부 정보 유출, 악성코드 삽입 등","방화벽, VPN, IDS, IPS, Anti-DDoS, 웹 방화벽 등",정책에 대한 주기적인 검사로 미사용 및 중복된 정책을 확인하고 제거된 경우,정책에 대한 주기적인 검사를 하지 않고 미사용 및 중복된 정책을 확인 및 제거되지 않은 경우,정책에 대한 주기적인 검사로 미사용 및 중복된 정책을 확인하여 제거,일반적인 경우 영향 없음,,,373,373,2026
S-16,S-16,NAT 설정,보안 장비,보안 장비 > 5. 기능 관리,상,외부 공개 필요성이 없는 정보시스템에 NAT 설정 여부를 점검,"비인가자가 내부 시스템을 공격하기 위해서는 내부 사설 IP를 알아야 하므로 NAT 설정을 통해 내부
네트워크를 보호할 수 있음","NAT 설정을 하지 않을 경우, 공인 IP를 통해 시스템에 접근이 가능하여 정보 유출, 시스템 파괴,
악성코드 전파 등의 불법적 행위가 발생할 위험이 존재함","※ NAT 사용 목적
1) 인터넷의 공인 IP주소 절약
2) 공공망과 연결되는 사용자들의 고유한 사설망을 침입자들로부터 보호","방화벽, VPN 등","외부 공개 필요성이 없는 서버, 단말기 등 정보시스템에 대해 NAT 설정을 적용한 경우","외부 공개 필요성이 없는 서버, 단말기 등 정보시스템에 대해 NAT 설정을 적용하지 않은 경우","외부 공개 필요성이 없는 정보시스템에 대해 공인 IP 지정 여부를 확인하여 사설 IP로 변경한 후 보안
장비에서 NAT 설정을 적용",일반적인 경우 영향 없음,,,374,375,2026
S-17,S-17,DMZ 설정,보안 장비,보안 장비 > 5. 기능 관리,상,내부 네트워크와 외부 서비스 네트워크(DMZ)를 구분하고 있는지 점검,"외부 네트워크로 서비스를 제공하는 호스트에서 내부 네트워크로의 접근이 통제되고 있는지 확인하기
위함","DMZ 설정을 통해 내부 네트워크와 외부 서비스 네트워크를 구분하도록 설정되어 있지 않을 경우, 외부
네트워크를 통해서 서비스를 제공받는 악의적인 사용자가 DMZ 내 호스트를 통해 내부 네트워크로
불법적 연결을 시도할 위험이 존재함","※ DMZ: 조직의 내부 네트워크와 외부 네트워크 사이에 위치하는 네트워크 망으로 DMZ 내 컴퓨터는
외부 네트워크에만 연결할 수 있도록 하고, 내부 네트워크로는 연결할 수 없도록 구성함","방화벽, VPN 등",DMZ를 구성하여 내부 네트워크를 보호하는 경우,DMZ를 구성하지 않고 사설망에서 외부 공개 서비스를 제공하는 경우,"Ÿ DMZ를 구성하여 내부 네트워크와 외부 서비스 네트워크 분리
Ÿ 물리적(망 분리)으로 내부 네트워크와 외부 서비스 네트워크가 분리되어 있으면 해당 없음",일반적인 경우 영향 없음,,,376,377,2026
S-18,S-18,최소한의 서비스만 제공,보안 장비,보안 장비 > 5. 기능 관리,상,보안 장비에서 필요한 서비스만 제공하고 있는지 점검,"보안 장비 정책을 검토하여 사용하지 않는 IP와 포트를 제거하여 네트워크 및 시스템 운영의 보안성을
유지하기 위함","최소한의 서비스만 제공하지 않을 경우, 비인가자의 침입 또는 악성 소프트웨어 전달 등의 보안 위험이
발생할 위험이 존재함","※ 방화벽 기본 정책: 방화벽은 기본적으로 All Deny 설정을 적용하며 허용할 IP와 포트만
추가함으로써 관리 포인트를 최소화함","방화벽, VPN, 웹 방화벽 등",All Deny 설정 및 보안 장비에 최소 서비스만 허용하는 경우,All Deny 미설정 또는 보안 장비에 불필요한 서비스를 허용하는 경우,보안 장비에 최소 서비스만 허용하도록 설정함,허용되지 않은 접속은 모두 차단됨,,,378,378,2026
S-19,S-19,이상징후 탐지 모니터링 수행,보안 장비,보안 장비 > 5. 기능 관리,상,보안 장비에 이상징후 탐지 모니터링을 수행하고 있는지 점검,이상징후가 탐지되는 경우 사고 예방 및 신속한 조치를 이행하기 위함,"이상징후 탐지 모니터링을 수행하지 않을 경우, 보안 사고를 미리 방지할 수 없는 위험이 존재함","※ 보안 사고 미연 방지 및 IT 컴플라이언스 준수
예시 1) 휴일 또는 업무 시간 이외에 비정상적인 패턴으로 중요 문서 또는 고객 정보 DB에
접근한다면 정보 유출 징후가 있다고 판단 가능
예시 2) 퇴사 징후가 의심되는 직원이 휴일이나 업무 시간 외에 비정상적으로 중요 문서나 고객
DB에 접근하는 경우 정보 유출 가능성이 커 이를 사전에 탐지하고 예방할 수 있음","방화벽, VPN, IDS, IPS, Anti-DDoS, 웹 방화벽 등",이상징후 탐지 모니터링을 수행하고 있는 경우,이상징후 탐지 모니터링을 수행하고 있지 않은 경우,이상징후 탐지 시 담당자/관리자가 즉시 확인할 수 있도록 모니터링 수행,일반적인 경우 영향 없음,,,379,380,2026
S-20,S-20,장비 사용량 검토,보안 장비,보안 장비 > 5. 기능 관리,상,보안 장비에서 제공하는 Dashboard를 통해 보안 장비의 가용성에 대한 실시간 검토 여부 점검,"보안 장비의 가용성에 대한 검토로 인해 네트워크 트래픽의 수준을 파악하게 되고, 그에 따른 가용성
향상을 고려할 수 있음","보안 장비 가용성을 정기적으로 검토를 하지 않을 경우, 성능 및 회선 상태를 파악할 수 없어 보안
장비의 가용성 하락이 발생할 위험이 존재함","※ 내부 정책에 맞게 일, 주, 월 등의 주기를 정하여 정기적으로 이행하도록 하며 일반적으로 월 1회
검토를 권고함","방화벽, VPN, IDS, IPS, Anti-DDoS, 웹 방화벽 등",보안 장비 가용성을 정기적으로 모니터링 및 검토할 경우,보안 장비 가용성을 정기적으로 모니터링 및 검토하지 않을 경우,장비 사용량을 정기적으로 모니터링,일반적인 경우 영향 없음,,,381,382,2026
S-21,S-21,SNMP 서비스 확인,보안 장비,보안 장비 > 5. 기능 관리,상,SNMP 서비스 사용 여부 점검,"보안 장비 관리를 위해 NMS 솔루션과의 연동으로 SNMP 서비스 사용이 필요한 경우가 아니라면
서비스를 중지하도록 함","불필요한 SNMP 서비스를 사용할 경우, DoS 공격, 보안 장비 성능 저하, 크래쉬, 리로드 등의 공격
위험이 존재함","※ SNMP 서비스: 네트워크 관리를 위한 프로토콜로 네트워크상의 서버, 프린터, 허브, 스위치,
라우터와 같은 네트워크 장치를 구성하고 정보를 수집하는 데 사용됨
※ SNMP 서비스를 이용해야 하는 경우 Community String을 유추할 수 없게 설정","방화벽, VPN, IDS, IPS, Anti-DDoS, 웹 방화벽 등",불필요한 SNMP 서비스를 사용하지 않을 경우,불필요한 SNMP 서비스를 사용할 경우,불필요한 경우 SNMP 서비스 중지,일반적인 경우 영향 없음,,,383,383,2026
S-22,S-22,SNMP Community String 복잡성 설정,보안 장비,보안 장비 > 5. 기능 관리,상,SNMP Community String이 유추하기 어렵게 설정되어 있는지 점검,"SNMP Community String을 유추하기 어렵게 설정하여 네트워크상에서 시스템 정보가 비인가자에게
노출되지 않도록 함","SNMP의 Community String을 기본값 또는 유추하기 쉬운 값으로 설정할 경우, 악의적인 사용자가
장비 설정을 쉽게 변경(RW)하여 중요 시스템 정보가 노출될 수 있는 위험이 존재함","※ SNMP 버전: v1, v2 ,v3 이 존재. v1, v2는 Community String을 평문 전송하지만, v3는
암호화가 설정되어 해시값으로 전송함","방화벽, VPN, IDS, IPS, Anti-DDoS, 웹 방화벽 등","SNMP 서비스를 사용하지 않거나, 유추하기 어려운 Community String을 설정한 경우","Community String을 기본값으로 사용하고 있거나, 유추하기 쉬운 Community String을 설정한 경우",유추하기 어려운 Community String을 설정,일반적인 경우 영향 없음,,,384,384,2026
S-23,S-23,유해 트래픽 탐지/차단 정책 설정,보안 장비,보안 장비 > 5. 기능 관리,중,유해 트래픽 탐지/차단 정책 적용 여부 점검,"유해 트래픽(Flooding 공격, Scan 공격, 해킹 툴 공격 등)을 탐지/차단 정책을 적용하여 네트워크 운영
및 서비스의 장애 발생 가능성을 차단하기 위함","유해 트래픽 탐지/차단 정책이 설정되지 않을 경우, 악성코드가 네트워크를 통해 전파될 우려가 있음","※ Flooding 공격: 악의적으로 한꺼번에 많은 양의 데이터를 보내 상대방의 서비스를 운용할 수 없게
만드는 서비스 거부 공격
※ Scan 공격: 네트워크, 시스템의 활성화된 포트·서비스·취약점을 식별하기 위한 행위
※ 해킹툴 공격: 공격자가 상용 해킹툴이나, 자제 제작한 해킹툴을 이용해 시스템을 침투·장악하거나
권한을 획득하는 행위","방화벽, VPN, IDS, IPS, Anti-DDoS, 웹 방화벽 등",유해 트래픽 탐지/차단 패턴이 적용된 경우,유해 트래픽 탐지/차단 패턴이 적용되지 않은 경우,유해 트래팍 탐지/차단 정책 설정,오탐으로 인한 차단 정책 설정 시 서비스 영향 발생,,,385,390,2026
N-01,N-01,비밀번호 설정,네트워크 장비,네트워크 장비 > 1. 계정 관리,상,"관리 터미널(콘솔, SSH, https 등)을 통해 네트워크 장비 접근 시 기본 비밀번호(기본 관리자 계정도
함께 변경하도록 권고)를 사용하는지 점검","기본 비밀번호를 변경하지 않고 사용함으로써 발생할 수 있는 비인가자의 네트워크 장비 접근에 대한
통제가 이루어지는지 확인하기 위함","Ÿ 장비 출고 시 설정된 기본 비밀번호를 변경하지 않고 그대로 사용할 경우 비인가자가 인터넷을 통해
벤더사 별 네트워크 장비 기본 비밀번호를 쉽게 획득할 수 있음
Ÿ 획득한 비밀번호를 사용하여 기본 비밀번호를 변경하지 않고 관리 운용 중인 네트워크 장비에
접근하여 장비의 내부 설정(ACL)을 변경함으로써 해당 네트워크 장비를 통해 전송되는 데이터들이
비인가자에게 유출되거나 네트워크 장비를 통해 통신하는 정보시스템(서버, 보안 장비, 네트워크
장비) 간의 통신에 영향(데이터 전송 불가)을 미칠 수 있음","※ 기본(Default) 비밀번호: 장비 제조업체에서 출고 시 설정되어 나오는 기본 관리자 계정의 비밀번호
정보
※ 기본(Default) 관리자 계정: 장비 제조업체에서 출고 시 설정되어 나오는 네트워크 장비의 관리용
계정(예: admin, manager 등)","Cisco, Alteon, Passport, Juniper, Piolink 등",기본 비밀번호를 변경한 경우,기본 비밀번호를 변경하지 않거나 비밀번호를 설정하지 않은 경우,기본 비밀번호를 관리기관의 비밀번호 작성규칙을 준용하여 변경,일반적인 경우 영향 없음,,,391,394,2026
N-02,N-02,비밀번호 복잡성 설정,네트워크 장비,네트워크 장비 > 1. 계정 관리,상,"네트워크 장비에 기관 정책에 맞는 계정 비밀번호 복잡성 정책이 적용되어 있는지 점검
비밀번호 복잡성 정책 설정 기능이 장비에 존재하지 않는 경우 기관 정책에 맞게 계정 비밀번호를
설정하여 사용하는지 점검","비인가자의 네트워크 장비 터미널(콘솔, SSH, https 등) 접근 시도 공격(무차별 대입 공격, 사전 대입
공격 등)에 대한 대비 여부를 확인하기 위함","Ÿ 비밀번호 복잡성 정책이 적용되어 있지 않을 경우 계정 생성 후 초기 비밀번호 설정 및 기존 비밀번호
변경 시 비밀번호 복잡성 제약 규칙을 적용받지 않아 취약한 비밀번호(예 qwerty, 12345,
pass1234 등)를 설정할 수 있도록 허용되므로, 해당 취약점으로 인해 비인가자의 공격(무차별 대입
공격, 사전 대입 공격 등)에 계정 비밀번호가 유출되는 원인을 제공하여 유출된 비밀번호를 사용하여
비인가자가 네트워크 장비 터미널에 접근할 위험이 존재함","※ 비밀번호 복잡성: 계정 비밀번호 설정 시 영문(대문자, 소문자), 숫자, 특수문자가 혼합된 비밀번호로
설정하는 것
※ 무차별 대입 공격(Brute Force Attack): 컴퓨터로 암호를 해독하기 위해 가능한 모든 키를
하나하나 추론해 보는 시도를 말함.
※ 사전 대입 공격(Dictionary Attack): 사전에 있는 단어를 입력하여 비밀번호를 알아내거나 암호를
해독하는 데 사용되는 컴퓨터 공격 방법",공통,"기관 정책에 맞는 비밀번호 복잡성 정책을 설정하거나, 비밀번호 복잡성 설정 기능이 없는 장비는 기관 정책에 맞게 비밀번호를 사용하는 경우",기관 정책에 맞지 않는 비밀번호를 설정하여 사용하는 경우,관리기관의 비밀번호 작성규칙에 맞게 비밀번호 복잡성 정책 및 비밀번호 설정,일반적인 경우 영향 없음,,,395,396,2026
N-03,N-03,암호화된 비밀번호 사용,네트워크 장비,네트워크 장비 > 1. 계정 관리,상,계정 비밀번호 암호화 설정이 적용되어 있는지 점검,"비인가자의 네트워크 장비 터미널 접근으로 인해 발생할 수 있는 장비 내 계정 비밀번호 유출에 대비가
되어있는지 확인하기 위함","계정 비밀번호 암호화 기능이 설정되어 있지 않을 경우, 비인가자가 네트워크 터미널에 접근하여 장비
내에 존재하는 모든 계정의 비밀번호를 획득할 수 있는 위험이 존재함",-,"Cisco, Juniper 등",비밀번호 암호화 설정을 적용한 경우,비밀번호 암호화 설정을 적용하지 않은 경우,비밀번호 암호화 설정 적용,일반적인 경우 영향 없음,,,397,398,2026
N-04,N-04,계정 잠금 임계값 설정,네트워크 장비,네트워크 장비 > 1. 계정 관리,상,사용자 계정에 대해 로그인 실패 임계값이 설정되어 있는지 점검,"로그인 실패 임계값 초과 시 일정 시간 동안 계정 잠금을 실시하여 공격자의 자유로운 암호 추측 시도 및
리소스 낭비를 차단하고 무차별 대입 공격 등 비밀번호 탈취 공격을 무력화하기 위함","로그인 실패 시 일정 시간 동안 계정 잠금을 하지 않은 경우, 공격자의 자동화된 암호 추측 공격이
가능하고 비밀번호 탈취 공격(무차별 대입 공격, 사전 대입 공격 등)의 인증 요청에 대해 설정된
비밀번호와 일치할 때까지 지속적으로 응답하여 해당 계정의 비밀번호가 유출될 위험이 존재함","※ 로그인 실패 임계값: 시스템에 로그인 시 몇 번의 로그인 실패 이후 로그인을 차단할 것인지
결정하는 값","Cisco, Alteon, Passport, Juniper, Piolink 등",로그인 실패 임계값이 5회 이하의 값으로 설정된 경우,"로그인 실패 임계값이 설정되어 있지 않거나, 5회 초과의 값으로 설정된 경우",로그인 실패 임계값을 5회 이하로 설정,일반적인 경우 영향 없음,,,399,400,2026
N-05,N-05,사용자·명령어별 권한 설정,네트워크 장비,네트워크 장비 > 1. 계정 관리,중,"네트워크 장비 사용자의 업무에 따라 계정별로 장비 관리 권한을 차등(관리자 권한은 최소한의 계정만
허용) 부여하고 있는지 점검",계정별 권한에 따라 장비의 사용 및 설정 가능한 기능을 제한하는지 확인하기 위함,"계정별 권한이 차등 부여되어 있지 않은 경우, 일반 계정으로 장비의 모든 기능을 제어할 수 있어 일반
계정이 비인가자에 노출되었을 때 비인가자가 획득한 계정 정보를 통해 네트워크 장비에 접근하여
장비의 설정(ACL) 변경, 삭제 등의 행위를 하여 장비의 가용성(해당 장비를 통해 통신하는 정보시스템
간 데이터 전송 불가) 저하 문제가 발생할 위험이 존재함","※ 관리자 계정: 장비의 모든 기능(계정 생성 및 권한 부여, 장비 정책 설정, 모든 명령어 사용 가능
등)을 제한 없이 사용하거나 설정할 수 있는 계정
※ 일반 계정: 장비의 일부 기능(모니터링, 룰셋 적용, 일부 명령어만 사용 등) 만 사용하거나 설정할 수
있는 계정","Cisco, Alteon, Juniper, Piolink 등",업무에 맞게 계정의 권한이 차등 부여된 경우,업무에 맞게 계정의 권한이 차등 부여되지 않은 경우,"업무에 맞게 계정별 권한 차등(관리자 권한 최소화) 부여
※ 한 명의 관리자가 네트워크 장비를 관리할 경우는 해당하지 않음",해당 명령어 실행 시 권한 부족으로 실행되지 않을 수 있음,,,401,405,2026
N-06,N-06,VTY 접근(ACL) 설정,네트워크 장비,네트워크 장비 > 2. 접근 관리,상,"원격 터미널(VTY)을 통해 네트워크 장비 접근 시 지정된 IP에서만 접근할 수 있도록 설정되어 있는지
점검",지정된 IP만 네트워크 장비에 접근하여 비인가자의 터미널 접근을 원천적으로 차단하기 위함,"지정된 IP만 네트워크 장비에 접근하도록 설정되어 있지 않을 경우, 비인가자가 터미널 접근 시도
공격(무차별 대입 공격, 사전 대입 공격 등)을 시도하여 관리자 계정 비밀번호 획득 후 네트워크 장비에
접근하여 장비 설정(기능, ACL정책) 변경 및 삭제 등의 행위를 통해 네트워크 장비를 경유하는
데이터의 유출 및 가용성 저하 등을 발생시킬 수 있는 위험이 존재함","※ VTY(Virtual Type Terminal): 가상 유형 터미널의 약어. 가상 터미널 라인(virtual terminal
line)이라는 용어가 더 흔하게 사용되며 네트워크 장비를 원격 프로토콜(ssh)에서 관리하기 위한
터미널 서비스
※ 기반시설 시스템은 VTY를 통한 접근을 원칙적으로 금지하나, 부득이 VTY를 사용하여 접근해야
하는 경우 허용한 시스템만 접근할 수 있게 하여 사용해야 함","Cisco, Alteon, Passport, Juniper, Piolink 등",가상 터미널(VTY) 접근을 제한하는 ACL을 설정한 경우,가상 터미널(VTY) 접근을 제한하는 ACL을 설정하지 않은 경우,가상 터미널(VTY)에 특정 IP주소만 접근할 수 있도록 설정,access-List를 생성하면 기본 Deny가 되므로 네트워크 담당자를 통해 설정함,,,406,409,2026
N-07,N-07,Session Timeout 설정,네트워크 장비,네트워크 장비 > 2. 접근 관리,상,기관 정책에 맞게 Session Timeout 설정이 적용되어 있는지 점검,"Session Timeout 설정 유무를 점검하여 터미널 접속 후 일정 시간(Session Timeout 지정 시간)이
지난 뒤 터미널 세션이 자동으로 종료되어 관리자의 부재(터미널 작업 중 자리 비움, 작업 완료 후
터미널 접속을 종료하지 않음) 시 발생 가능한 비인가자의 터미널 접근 통제가 되는지 확인하기 위함","Session Timeout 정책이 적용되지 않았을 경우, 관리자 부재 시 비인가자가 네트워크 장비 터미널에
접속된 컴퓨터를 통해 네트워크 장비의 정책 변경 및 삭제 등의 행위를 할 수 있는 위험이 존재함",※ Session Timeout: 터미널 접속 후 유휴 상태일 때 자동으로 터미널 접속을 종료하는 시간 설정,"Cisco, Alteon, Juniper, Piolink 등",Session Timeout 시간을 10분 이하로 설정한 경우,Session Timeout 시간을 설정하지 않거나 10분 초과로 설정한 경우,Session Timeout 설정 (10분 이하 권고),일반적인 경우 영향 없음,,,410,411,2026
N-08,N-08,VTY 접속 시 안전한 프로토콜 사용,네트워크 장비,네트워크 장비 > 2. 접근 관리,중,네트워크 장비 정책에 암호화 프로토콜(ssh)을 이용한 터미널 접근만 허용하도록 설정되어 있는지 점검,"암호화 프로토콜을 이용한 터미널 접근만 허용하여 네트워크 터미널 접근 시 전송되는 데이터의 스니핑
공격에 대한 대비가 되어 있는지 확인하기 위함","암호화 프로토콜이 아닌 평문 프로토콜(telnet)을 이용하여 네트워크 장비에 접근할 경우, 네트워크
스니핑 공격으로 관리자 계정 정보(계정, 비밀번호)가 비인가자에게 유출될 위험이 존재함","※ 스니핑(임의 지정) 공격: 스니퍼(Sniffer)는 ""컴퓨터 네트워크상에 흘러 다니는 트래픽을 엿듣는
도청장치""라고 말할 수 있으며 ""스니핑""이란 이러한 스니퍼를 이용하여 네트워크상의 데이터를
도청하는 행위를 말함","Cisco, Alteon, Juniper, Piolink 등",장비 정책에 VTY 접근 시 암호화 프로토콜(ssh) 이용한 접근만 허용하고 있는 경우,장비 정책에 VTY 접근 시 평문 프로토콜(telnet) 이용한 접근을 허용하고 있는 경우,암호화 프로토콜만 VTY에 접근할 수 있도록 설정,일반적인 경우 영향 없음,,,412,414,2026
N-09,N-09,불필요한 보조 입출력 포트 사용 금지,네트워크 장비,네트워크 장비 > 2. 접근 관리,중,"사용하지 않는 보조(AUX) 포트 및 콘솔 점검
장비 관리나 운용에 쓰이지 않는 포트 및 인터페이스가 비활성화되어 있는지 점검","사용하지 않는 보조(Auxiliary) 포트의 사용을 제한하여 불필요한 포트 및 인터페이스를 통한
비인가자의 접근을 원천적으로 차단하는지 확인하기 위함","불필요한 포트 및 인터페이스가 활성화되어 있는 경우, 비인가자가 활성화된 포트 및 인터페이스를 통해
네트워크 장비에 접근할 수 있는 위험이 존재함","※ 보조(AUX) 포트: 모뎀과 연결하여 원격에서 전화를 걸어 접속하거나 다른 네트워크 장비와 null
modem 케이블을 연결하여 접속","Cisco, Juniper 등",불필요한 포트 및 인터페이스 사용을 제한한 경우,불필요한 포트 및 인터페이스 사용을 제한하지 않은 경우,불필요한 포트 및 인터페이스 사용 제한 또는 비활성화,차단된 포트나 인터페이스를 사용해야 할 경우 별도의 활성화 설정 필요,,,415,416,2026
N-10,N-10,로그인 시 경고 메시지 설정,네트워크 장비,네트워크 장비 > 2. 접근 관리,중,터미널 접속 화면에 비인가자의 불법 접근에 대한 경고 메시지를 표시하도록 설정되어 있는지 점검,"경고 메시지 표시 설정 적용 유무를 점검하여 비인가자에게 불법적으로 터미널 접근 시 법적인 처벌에
대해 경각심을 가질 수 있게 하는지 확인하기 위함","터미널 접근 시 경고 메시지가 표시되도록 설정되지 않을 경우, 비인가자가 법 위반에 대한 경각심을
느끼지 않게 되어 더 많은 공격을 시도할 수 있는 원인이 됨",-,"Cisco, Alteon, Juniper 등",로그온 시 접근에 대한 경고 메시지를 설정한 경우,로그온 시 접근에 대한 경고 메시지를 설정하지 않거나 시스템 관련 정보가 노출되는 경우,네트워크 장비 접속 시 경고 메시지 설정,일반적인 경우 영향 없음,,,417,418,2026
N-11,N-11,원격로그 서버 사용,네트워크 장비,네트워크 장비 > 2. 접근 관리,중,네트워크 장비의 로그를 별도의 원격 로그 서버에 보관하도록 설정하였는지를 점검,"네트워크 장비의 로그를 별도의 원격 로그 서버에 보관하도록 설정하여 네트워크 장비에 이상이
발생하거나 로그 저장 공간 부족, 공격자의 로그 삭제나 변조 위험에 대비하기 위함","별도의 로그 서버를 통해 로그를 관리하지 않을 경우, 네트워크 장비에 이상이 발생하거나 공격자의
로그 삭제 및 변조가 일어났을 시 사고 원인 분석에 어려움이 발생함","※ 원격 로그 서버: 정보시스템(서버, 네트워크, 보안 장비 등)의 로그를 통합적으로 보관하는 서버","Cisco, Alteon, Juniper, Piolink 등",별도의 로그 서버를 통해 로그를 관리하는 경우,별도의 로그 서버가 없는 경우,Syslog 등을 이용하여 로그 저장 설정,상세한 로깅 설정은 라우터의 성능에 영향을 미칠 수 있음,,,419,421,2026
N-12,N-12,주기적 보안 패치 및 벤더 권고사항 적용,네트워크 장비,네트워크 장비 > 3. 패치 관리,상,패치 적용 정책에 따라 주기적인 패치를 하고 있는지 점검,네트워크 장비의 보안 수준을 높이고 성능 및 기능 향상하기 위함,"알려진 네트워크 장비의 버그나 취약점을 통한 관리자 권한 획득이나 서비스 거부 공격 등을 발생시킬
위험이 존재함",-,공통,주기적으로 보안 패치 및 벤더 권고사항을 적용하는 경우,주기적으로 보안 패치 및 벤더 권고사항을 적용하지 않는 경우,장비별 제공하는 최신 취약점 정보를 파악 후 최신 패치 및 업그레이드를 수행,서비스 영향을 고려하여 벤더사와 협의 후 적용,,,422,423,2026
N-13,N-13,로깅 버퍼 크기 설정,네트워크 장비,네트워크 장비 > 4. 로그 관리,중,버퍼 메모리의 크기를 어느 정도로 설정하고 있는지 점검,장비 성능을 고려하여 최대 용량에 가깝도록 버퍼 크기를 설정하도록 함,"버퍼 메모리의 용량을 초과하는 로그가 저장될 경우 로그 정보를 잃게 되어 침해사고 발생 시 침입
흔적을 알 수 없는 상황이 발생함","※ 버퍼 메모리: 일반적으로 주기억 장치와 중앙 처리 장치 사이의 명령이나 데이터를 일시 유지하는데
사용되는 고속의 기억 장치. 버퍼 메모리는 주기억 장치보다 메모리 용량은 적지만 고속의 기억
소자를 사용함으로써 주기억 장치와 중앙 처리 사이의 정보의 흐름을 원활하게 함. 버퍼 메모리를
달리 로컬 메모리 혹은 캐시(cache)라고도 함
※ 기본적으로 로그는 파일이 아닌 버퍼 메모리에 저장됨
※ 최대 버퍼 크기는 65,500byte이며 버퍼 용량을 높게 설정하면 패킷 전달이 안 되는 경우가 발생함.
일반적으로 16Kbyte에서 32Kbyte의 크기가 적당하며, 최대 용량이 16Kbyte에 못 미치는 장비의
경우 장비 성능을 고려하여 최대 용량에 가깝게 설정하는 것을 권고함","Cisco, Piolink 등",저장되는 로그 데이터보다 버퍼 용량이 큰 경우,저장되는 로그 데이터보다 버퍼 용량이 작은 경우,로그에 대한 정보를 확인하여 장비 성능을 고려한 최대 버퍼 크기를 설정,버퍼 크기가 장비 성능에 비해 큰 경우 라우터의 성능에 영향을 줌,,,424,425,2026
N-14,N-14,정책에 따른 로깅 설정,네트워크 장비,네트워크 장비 > 4. 로그 관리,중,정책에 따른 로깅 설정이 이루어지고 있는지 점검,"로그 정보를 통해 장비 상태, 서비스 정상 여부 파악 및 보안사고 발생 시 원인 파악 및 각종 침해 사실에
관한 확인을 하기 위함","로깅 설정이 되어있지 않을 경우, 원인 규명이 어려우며, 법적 대응을 위한 충분한 증거로 사용할 수
없음",※ 컴퓨터 관리 > 로컬 사용자 및 그룹 > Remote Desktop Users 그룹에서 추가 가능,"Cisco, Juniper 등",로그 기록 정책에 따라 로깅 설정이 되어 있는 경우,로그 기록 정책 미수립 또는 로깅 설정이 미흡한 경우,로그 기록 정책을 수립하고 정책에 따른 로깅 설정,일반적인 경우 영향 없음,,,426,427,2026
N-15,N-15,NTP 및 시각 동기화 설정,네트워크 장비,네트워크 장비 > 4. 로그 관리,중,네트워크 장비의 NTP 서버 연동 및 시간 동기화 설정 적용 여부 점검,"시스템 운영 또는 보안 사고 발생으로 인한 로그 분석 과정에서 이벤트 간의 인과 관계 파악에 도움을
주고 로그 자체의 신뢰성을 갖도록 하기 위함",시스템 간 시간 동기화 미흡으로 보안 사고 및 장애 발생 시 로그에 대한 신뢰도 확보가 미흡해짐,※ IOS 12.2 이전 버전을 사용하는 장비에는 접근 통제(ACL) 설정이 되어 있어야 양호,"Cisco, Alteon, Juniper 등",NTP 서버를 통한 시스템 간 실시간 시간 동기화가 설정된 경우,NTP 서버와 연동되어 있지 않아 시스템 간 실시간 시간 동기화 설정이 되어있지 않은 경우,NTP 사용 시 신뢰할 수 있는 서버로 설정,일반적인 경우 영향 없음,,,428,429,2026
N-16,N-16,Timestamp 로그 설정,네트워크 장비,네트워크 장비 > 4. 로그 관리,하,네트워크 장비 설정 중 timestamp를 설정하여 로그 시간을 기록할 수 있게 하였는지 점검,"네트워크 장비 로그에 시간을 기록하게 설정하여 공격자의 악의적인 행위를 파악하기 위한 로그의
신뢰성을 확보하기 위함","네트워크 장비에 timestamp를 설정하지 않을 경우, 로그에 시간이 기록되지 않아 공격 및 침입시도에
관한 정보를 정확히 분석할 수 없고 로그 기록에 대한 신뢰성을 잃게 됨","※ timestamp: 네트워크 장비 로그 메시지에 관리자가 지정한 형식으로 시간 정보를 남기도록 하는
설정",Cisco 등,timestamp 로그 설정이 되어 있는 경우,timestamp 로그 설정이 되어 있지 않은 경우,로그에 시간 정보가 기록될 수 있도록 timestamp 로그 설정,일반적인 경우 영향 없음,,,430,430,2026
N-17,N-17,SNMP 서비스 확인,네트워크 장비,네트워크 장비 > 5. 기능 관리,상,네트워크 장비의 SNMP 서비스를 사용하지 않는 경우 비활성화 상태인지 점검,"불필요한 SNMP 서비스 차단하여 SNMP 서비스의 취약점(조작된 MIB 정보를 통한 네트워크 설정
변경, 전송데이터 평문 전송 등)을 이용한 공격을 차단하기 위함","불필요한 SNMP 서비스를 비활성화하지 않은 경우, 비인가자가 SNMP에 무단 접근하여 설정 파일
열람 및 수정이나 정보 수집 및 관리자 권한 획득, DoS 등 다양한 형태의 공격 위험이 존재함","※ SNMP(Simple Network Management Protocol): TCP/IP 기반 네트워크상의 각 호스트에서
정기적으로 여러 정보를 자동으로 수집하여 네트워크 관리를 하기 위한 프로토콜을 의미하며 v1,
v2, v3 세 가지 버전이 존재하는데 v2까지도 요청, 응답 패킷이 평문으로 전송되기 때문에
스니핑이 가능하지만, v3 이상부터는 HMAC-MD5 또는 HMAC-SHA 알고리즘 기반의 인증을
제공함
※ UDP(User Datagram Protocol): 인터넷상에서 서로 정보를 주고받을 때 정보를 보낸다는 신호나
받는다는 신호 절차를 거치지 않고, 보내는 쪽에서 일방적으로 데이터를 전달하는 통신 프로토콜
※ Community String: SNMP는 MIB라는 정보를 주고받기 위해 인증 과정에서 일종의 비밀번호인
'Community String'을 사용함
※ DoS(Denial of Service): 시스템을 악의적으로 공격해 해당 시스템의 자원을 부족하게 하여 원래
의도된 용도로 사용하지 못하게 하는 공격을 말하며 특정 서버에게 수많은 접속 시도를 만들어 다른
이용자가 정상적으로 서비스 이용을 하지 못하게 하거나, 서버의 TCP 연결을 바닥내는 등의 공격이
이 범위에 포함됨","Cisco, Alteon, Passport, Juniper, Piolink 등",사용하지 않는 SNMP 서비스를 비활성화한 경우,사용하지 않는 SNMP 서비스를 비활성화하지 않은 경우,장비별 제공하는 최신 취약점 정보를 파악 후 최신 패치 및 업그레이드를 수행,"SNMP 서비스를 사용하지 않는 경우 비활성화하고, SNMP 서비스를 사용하는 경우 이전 버전보다
보안 수준이 높은 SNMPv3 사용을 권고",,,431,432,2026
N-18,N-18,SNMP Community String 복잡성 설정,네트워크 장비,네트워크 장비 > 5. 기능 관리,상,"SNMP 서비스 사용 시 Community String을 기본 설정(public, private)으로 사용하고 있는지 점검","SNMP Community String을 공격자가 쉽게 유추하지 못하도록 설정하여 Community String
탈취에 대한 위험을 줄이기 위함","시스템에 기본적으로 설치되는 불필요한 취약 서비스들이 제거되지 않은 경우, 해당 서비스의
취약점으로 인한 공격이 가능하며, 네트워크 서비스의 경우 열린 포트를 통한 외부 침입의 위험이
존재함",※ OS 버전에 따라 ‘일반적으로 불필요한 서비스’ 목록에 나열된 서비스가 제공되지 않을 수 있음,"Cisco, Alteon, Passport, Juniper, Piolink 등","SNMP 서비스를 비활성화하거나 SNMP Community String을 복잡성 기준(영어 대·소문자, 숫자, 특수문자 중 3종류 이상을 조합하여 8자리 이상)에 맞게 설정한 경우","SNMP Community String을 기본 설정(public, private)으로 사용하고 있거나, 복잡성 기준에 맞지 않게 설정한 경우","public, private 외 복잡성 기준에 맞는 Community String을 설정
※ SNMP Community String 복잡성 기준 : 영어 대·소문자, 숫자, 특수문자 중 3종류 이상을
조합하여 8자리 이상으로 구성",일반적인 경우 영향 없음,,,433,434,2026
N-19,N-19,SNMP ACL 설정,네트워크 장비,네트워크 장비 > 5. 기능 관리,상,"SNMP 서비스 사용 시 네트워크 장비 ACL(Access List)을 설정하여 SNMP 접속 대상 호스트를
지정하여 접근이 가능한 IP를 제한하였는지 점검","SNMP ACL 설정을 함으로써 임의의 호스트에서 SNMP 접근을 차단하여 네트워크 정보의 노출을
제한하기 위함","비인가자의 SNMP 접근을 차단하지 않을 경우, 공격자가 Community String 추측 공격 후 MIB
정보를 수정하여 라우팅 정보를 변경하거나 터널링 설정을 하여 내부망에 침투할 수 있는 위험이 존재함",-,"Cisco, Alteon, Passport, Juniper, Piolink 등",SNMP 서비스를 비활성화하거나 SNMP 접근을 제한하는 ACL을 설정한 경우,SNMP 접근을 제한하는 ACL을 설정하지 않은 경우,SNMP 접근에 대한 ACL(Access List) 설정,일반적인 경우 영향 없음,,,435,437,2026
N-20,N-20,SNMP Community 권한 설정,네트워크 장비,네트워크 장비 > 5. 기능 관리,상,SNMP Community에 필요하지 않은 쓰기 권한을 허용하는지 점검,"불필요한 SNMP Community의 쓰기 권한을 제거함으로써 공격자의 SNMP를 통한 라우터 정보
수정을 막기 위함","SNMP Community 권한이 불필요하게 RW로 설정된 경우, 공격자가 Community String 추측
공격을 통해 Community String을 탈취했을 시 SNMP를 이용하여 네트워크 설정 정보를 변경하여
내부망에 침투할 위험이 존재함","※ SNMP Community String 권한에는 RO(Read Only)와 RW(Read Write) 모드가 있으며 RO
모드의 경우 네트워크 설정값에 대한 열람만 가능하고 RW 모드는 열람 및 수정을 할 수 있음","Cisco, Alteon, Passport, Juniper, Piolink 등",SNMP 커뮤니티 권한이 읽기 전용(RO)인 경우,SNMP 커뮤니티 권한이 불필요하게 읽기 쓰기(RW)인 경우,SNMP Community String 권한 설정 (RW 권한 삭제 권고),일반적인 경우 영향 없음,,,438,439,2026
N-21,N-21,TFTP 서비스 차단,네트워크 장비,네트워크 장비 > 5. 기능 관리,상,"네트워크 장비 서비스 중 불필요한 TFTP 서비스가 구동되어 있거나 TFTP 서비스 사용 시 ACL을
적용하여 허용된 시스템에서만 TFTP 서비스를 사용하도록 설정되어 있는지 점검","인증기능이 없는 TFTP 단점을 보완하기 위해 사용이 허용된 시스템만 TFTP 서비스를 사용하게 하여
TFTP를 이용한 비인가자의 내부 정보 유출을 막고 중요 정보(예: 장비 설정 파일) 등의 정보 유출을
막기 위함","TFTP 서비스는 인증 절차 없이 누구나 사용이 가능한 서비스로 공격자가 TFTP를 통해 악성코드가
삽입된 파일을 올려 사용자에게 배포할 수 있고, 네트워크 설정 파일이나 중요한 내부 정보를 유출할 수
있음","※ TFTP(Trivial File Transfer Protocol): 임의의 시스템이 원격 시스템으로부터 부팅(Booting)코드
를 다운로드하는데 사용하는 프로토콜로 UDP 기반으로 포트는 69번을 사용함. FTP와 같은 기능을
하지만 FTP보다 구현하기 쉽고 사용하기 편하지만, 인증 절차 없이 사용할 수 있어 보안에 취약하고
데이터 전송 과정에서 데이터가 손실될 수 있는 등 불안정한 단점이 있음",Cisco 등,TFTP 서비스를 차단한 경우,네트워크 장비의 TFTP 서비스를 차단하지 않은 경우,네트워크 장비의 불필요한 TFTP 서비스를 비활성화 설정,일반적인 경우 영향 없음,,,440,440,2026
N-22,N-22,Spoofing 방지 필터링 적용,네트워크 장비,네트워크 장비 > 5. 기능 관리,상,"사설 네트워크, 루프백 등 특수 용도로 배정하여 라우팅이 불가능한 IP주소를 스푸핑 방지
필터링(Anti-Spoofing Filtering)을 적용하여 차단하는지 점검","네트워크 경계에서 소스 IP주소가 명백히 위조된 트래픽을 차단하여 IP 스푸핑 기반 DoS 공격으로부터
인프라를 보호함",IP 스푸핑 기반 DoS 공격 트래픽이 네트워크 장비의 한계용량을 초과하는 경우 정상적인 서비스 불가,※ IP Spoofing: 호스트의 원본 주소가 아닌 다른 소스 주소로 IP 데이터그램을 조작,"Cisco, Juniper 등",경계 라우터 또는 보안 장비에 스푸핑 방지 필터링을 적용한 경우,경계 라우터 또는 보안 장비에 스푸핑 방지 필터링을 적용하지 않은 경우,경계 라우터 또는 보안 장비에서 스푸핑 방지 필터링 적용,"ACL 로그가 과도하게 발생할 경우, 네트워크 장비의 CPU 사용률 증가에 영향을 주므로 로그 설정을
비활성화",,,441,443,2026
N-23,N-23,DDoS 공격 방어 설정 또는 DDoS 장비 사용,네트워크 장비,네트워크 장비 > 5. 기능 관리,상,DDoS 공격 방어 설정을 적용하거나 DDoS 대응 장비를 사용하는지 점검,"네트워크 장비 또는 DDoS 대응 장비에 DDoS 공격 방어 설정을 적용하여 DDoS 공격 발생 시 피해를
최소화","DDoS 공격으로 인해 사용 가능한 네트워크 및 시스템 리소스 속도가 느려지거나 서버가 손상될 수
있음","※ DDoS(Distributed Denial of Service): 해커에 의해 감염된 다수의 좀비 PC로부터 다량의
트래픽이 특정 서버로 유입되어 시스템, 네트워크에 가용성을 저해시켜 서비스를 방해하는 공격","Cisco, Juniper 등",경계 라우터에서 DDoS 공격 방어 설정을 하거나 DDoS 대응 장비를 사용하는 경우,경계 라우터에서 DDoS 공격 방어 설정을 하지 않거나 DDoS 대응 장비를 사용하지 않는 경우,DDoS 공격 방어 설정 점검,필터링 적용 시 사용하는 ACL은 라우터 성능에 많은 영향을 미침,,,444,445,2026
N-24,N-24,사용하지 않는 인터페이스 비활성화,네트워크 장비,네트워크 장비 > 5. 기능 관리,상,사용하지 않는 인터페이스가 비활성화 상태인지 점검,"필요한 인터페이스만 활성화하여 비인가자가 사용하지 않는 인터페이스를 통하여 네트워크에 접근하는
것을 차단하기 위함","사용하지 않는 포트에 연결된 인터페이스를 Shutdown 하지 않을 경우, 물리적인 내부 접근을 통해
비인가자의 불법적인 네트워크 접근이 가능하게 되며 이로 인하여 네트워크 정보 유출 및 네트워크
손상이 발생할 수 있음",-,"Cisco, Alteon, Juniper, Piolink 등",사용하지 않는 인터페이스가 비활성화된 경우,사용하지 않는 인터페이스가 비활성화되지 않은 경우,네트워크 장비에서 사용하지 않는 모든 인터페이스 비활성화 설정,사용 중인 포트를 비활성화하지 않도록 주의가 필요,,,446,447,2026
N-25,N-25,TCP Keepalive 서비스 설정,네트워크 장비,네트워크 장비 > 5. 기능 관리,중,TCP Keepalive 서비스를 사용하는지 점검,"네트워크 장비의 Telnet 등 TCP 연결이 원격 호스트 측에 예상치 못한 장애로 비정상 종료된 경우
네트워크 장비가 해당 연결을 지속하지 않고 해제하도록 TCP Keepalive 서비스를 설정",유휴 TCP 세션은 무단 접근 및 하이재킹 공격에 취약,"※ TCP Keepalive: TCP 연결이 유효한지 확인하기 위해 유휴 연결에 주기적으로 응답을 요구하는 패
킷을 전송하고 원격 호스트가 일정 시간 동안 응답이 없으면 연결을 끊음",Cisco 등,TCP Keepalive 서비스를 설정한 경우,TCP Keepalive 서비스를 설정하지 않은 경우,네트워크 장비에서 TCP Keepalive 서비스를 사용하도록 설정,일반적인 경우 영향 없음,,,448,448,2026
N-26,N-26,Finger 서비스 차단,네트워크 장비,네트워크 장비 > 5. 기능 관리,중,네트워크 장비 서비스 중 Finger 서비스를 비활성화하고 있는지 점검,"Finger(사용자 정보 확인 서비스)를 통해 네트워크 외부에서 해당 시스템에 등록된 사용자 정보를
확인할 수 있어 비인가자에게 사용자 정보가 조회되는 것을 차단하고자 함","Ÿ Finger 서비스로 사용하여 네트워크 장비에 로그인한 계정 ID, 접속 IP 등 중요 정보 노출의 위험이
존재함
Ÿ Finger 서비스가 활성화되어 있는 경우, 장비의 접속 상태가 노출될 수 있고 VTY(Virtual Type
terminal)의 사용 현황을 원격에서 파악하여 무단 접근을 시도할 위험이 존재함","※ Finger(사용자 정보 확인 서비스): finger 서비스는 접속된 시스템에 등록된 사용자뿐만 아니라
네트워크를 통하여 연결된 다른 시스템에 등록된 사용자들에 대한 자세한 정보를 보여줌","Cisco, Juniper 등",Finger 서비스를 차단하는 경우,Finger 서비스를 차단하지 않는 경우,장비별 Finger 서비스 제한 설정,일반적인 경우 영향 없음,,,449,450,2026
N-27,N-27,웹 서비스 차단,네트워크 장비,네트워크 장비 > 5. 기능 관리,중,"웹 서비스를 이용하여 네트워크 장비를 관리할 경우, 웹 서비스를 비활성화하거나 허용된 IP에서만
접속할 수 있게 ACL을 적용하였는지 점검","허용된 IP만 웹 관리자 페이지에 접속할 수 있도록 설정하는지 점검하여 비인가자가 웹 관리자 페이지를
공격하여 네트워크 장비를 장악하지 못하도록 하기 위함","허용된 IP에서만 웹 관리자 페이지 접속을 가능하게 ACL 적용하지 않을 경우, 공격자가 알려진 웹
취약점(SQL injection, Command injection 등)이나 자동화된 비밀번호 대입 공격을 통하여
네트워크 장비의 관리자 권한을 획득하여 시스템 무단 변경, 서비스 중단, 데이터 유출 등이 발생할
위험이 존재함","※ IOS 상의 HTTP 서버를 사용해야만 한다면, HTTP WEB_EXEC 서비스를 비활성화함으로써
위험을 감소시킬 수 있음",Cisco 등,불필요한 웹 서비스를 차단하거나 허용된 IP에서만 웹서비스 관리 페이지에 접속이 가능한 경우,불필요한 웹 서비스를 차단하지 않은 경우,HTTP 서비스 차단 또는 HTTP 서버를 관리하는 관리자 접속 IP 설정,일반적인 경우 영향 없음,,,451,452,2026
N-28,N-28,TCP/UDP small 서비스 차단,네트워크 장비,네트워크 장비 > 5. 기능 관리,중,TCP/UDP Small 서비스가 제한되어 있는지 점검,TCP/UDP Small 서비스를 차단하여 보안성을 높이고자 함,"TCP/UDP Small 서비스를 차단하지 않을 경우, DoS 공격의 대상이 될 수 있음","※ DoS 공격 대상: Cisco 제품의 경우 DoS 공격 대상이 될 수 있는 서비스인 echo, discard,
daytime, chargen 을 기본적으로 제공하며 일반적으로 거의 사용하지 않음
※ TCP/UDP Small 서비스는 IOS 11.3 이상에서는 기본적으로 서비스가 제거된 상태이므로 Small
서버들이 Default로 Disable 되어있지만 낮은 버전의 경우는 직접 설정해 주어야 함",Cisco 등,TCP/UDP Small 서비스가 제한된 경우,TCP/UDP Small 서비스가 제한되지 않은 경우,TCP/UDP Small Service 제한 설정,일반적인 경우 영향 없음,,,453,453,2026
N-29,N-29,Bootp 서비스 차단,네트워크 장비,네트워크 장비 > 5. 기능 관리,중,BOOTP 서비스의 차단 여부 점검,BOOTP 서비스를 차단하여 비인가자에게 OS 정보가 노출되는 것을 방지하기 위함,"BOOTP 서비스를 차단하지 않을 경우, 다른 라우터 상의 OS 사본에 접속, OS 소프트웨어 복사본을
다운로드하여 시스템 취약점을 악용하거나 악성 코드 삽입의 위험이 존재함","※ BOOTP 서비스: 네트워크를 이용하여 사용자가 OS를 로드할 수 있게 하며, 자동으로 IP주소를
받게 하고, 부팅 파일 정보를 서버로부터 요청하여 부팅하는 데 사용하는 프로토콜","Cisco, Alteon, Juniper 등",BOOTP 서비스가 제한된 경우,BOOTP 서비스가 제한되지 않은 경우,장비별 BOOTP 서비스 제한 설정,일반적인 경우 영향 없음,,,454,455,2026
N-30,N-30,CDP 서비스 차단,네트워크 장비,네트워크 장비 > 5. 기능 관리,중,CDP 서비스를 차단하는지 점검,동일 네트워크에 있는 다른 Cisco 장비들의 정보 유출 방지 및 DoS 공격을 차단하기 위함,"보안이 검증되지 않은 서비스로 비인가자가 다른 Cisco 장비의 정보를 획득할 수 있으며, Routing
Protocol Attack을 통해 네트워크 장비의 DoS(서비스거부 공격)의 위험이 존재함","※ CDP(Cisco Discovery Protocol): Cisco 제품의 관리를 목적으로 만든 프로토콜로 같은
네트워크에 있는 장비들과 정보를 공유하고, 같은 세그먼트에 있는 다른 라우터에 IOS version,
Model, device 등의 정보를 제공함",Cisco 등,CDP 서비스를 차단하는 경우,CDP 서비스를 차단하지 않는 경우,"Ÿ 장비별 CDP 서비스 제한 설정
Ÿ CDP는 Cisco 전용 프로토콜이지만 일부 다른 벤더도 지원하며, CDP와 유사한 IEEE 표준인
LLDP(Link Layer Discovery Protocol, IEEE 802.1AB)도 불필요할 경우 비활성화",인터넷 전화(VoIP) 구성방식에 따라 IP 전화기와 스위치가 CDP 또는 LLCP를 사용,,,456,456,2026
N-31,N-31,Directed-broadcast 차단,네트워크 장비,네트워크 장비 > 5. 기능 관리,중,Directed-broadcast를 차단하는지 점검,Directed-broadcast 서비스 차단을 통해 DoS 공격을 방지하기 위함,"IP Directed-Broadcast는 Unicast IP 패킷이 특정 서브넷에 도착했을 때 Link-Layer Broadcast로
전환되는 것을 허용함. 이것은 보통 악의적으로 이용되며, 특히 SMURF 공격에 이용됨","※ SMULF 공격: IP Broadcast나 기타 인터넷 운용 측면을 이용하여 인터넷망을 공격하는 행위로
Broadcast에 대한 응답받을 IP주소를 변조하여 해당 IP주소 호스트에 DoS 공격을 감행하는 공격
기법","Cisco, Alteon, Passport 등",Directed Broadcasts를 차단하는 경우,Directed Broadcasts를 차단하지 않는 경우,장치별로 Directed Broadcasts 제한 설정,일반적인 경우 영향 없음,,,457,458,2026
N-32,N-32,Source Routing 차단,네트워크 장비,네트워크 장비 > 5. 기능 관리,중,Source Routing을 차단하는지 점검,인터페이스마다 no ip source-route를 적용하여 ip spoofing을 차단함,"공격자가 Source Routing 된 패킷을 네트워크 내부에 발송할 수 있는 경우, 수신된 패킷에 반응하는
메시지를 가로채어 사용자 호스트를 마치 신뢰 관계에 있는 호스트와 통신하는 것처럼 만들 수 있음","※ Source Routing: 송신 측에서 routing 경로 정보를 송신 데이터에 포함해 Routing 시키는
방법으로 패킷이 전송되는 경로를 각각의 시스템이나 네트워크에 설정된 라우팅 경로를 통하지
않고 패킷 발송자가 설정할 수 있는 기능임","Cisco, Juniper 등",ip-source-route를 차단하는 경우,ip-source-route를 차단하지 않는 경우,각 인터페이스에서 ip-source-route 차단 설정,일반적인 경우 영향 없음,,,459,459,2026
N-33,N-33,Proxy ARP 차단,네트워크 장비,네트워크 장비 > 5. 기능 관리,중,Proxy ARP를 차단하는지 점검,Proxy ARP 차단으로 IP와 MAC이 관련된 호스트에 대해 정상적인 통신을 유지함,"Proxy ARP를 차단하지 않을 경우, 악의적인 사용자가 보낸 거짓 IP와 MAC 정보를 보관하게 되며
이로 인해 호스트와 호스트 사이에서 정상적인 통신이 이루어지지 않을 수 있음",※ Proxy ARP: 동일 서브넷에서 다른 호스트를 대신하여 ARP Request에 응답하는 기술,"Cisco, Juniper 등",Proxy ARP를 차단하는 경우,Proxy ARP를 차단하지 않는 경우,각 인터페이스에서 Proxy ARP 비활성화 설정,"게이트웨이 또는 서브넷마스크를 잘못 설정한 호스트가 네트워크 장비의 Proxy ARP에 의해 통신한
상태인 경우, 가능한 경우를 고려하여 사전조사 등 필요",,,460,460,2026
N-34,N-34,"ICMP unreachable, redirect 차단",네트워크 장비,네트워크 장비 > 5. 기능 관리,중,"ICMP unreachable, ICMP redirect를 차단하는지 점검","Ÿ ICMP unreachable 차단으로 DoS 공격을 차단하고 공격자가 네트워크 스캔 시 소요되는 시간을
길어지게 하여 스캔 공격을 지연 및 차단함
Ÿ ICMP redirect 차단으로 라우팅 테이블이 변경되는 것을 차단하기 위함","Ÿ ICMP unreachable을 차단하지 않을 경우, 공격자의 스캔 공격을 통해 시스템의 현재 운영되고
있는 상태 정보가 노출될 수 있음
Ÿ ICMP redirect을 차단하지 않을 경우, 호스트 패킷 경로를 다시 지정하는 과정에서 특정 목적지로
가기 위해 고의로 패킷 경로를 변경하여 가로챌 수 있음
Ÿ 연속적으로 ICMP의 port-unreachable frame을 보내서 시스템의 성능을 저하 또는 마비시킬 수
있음","※ ICMP unreachable: ICMP unreachable 메시지에는 특정 호스트 및 게이트웨이에 패킷을
보냈을 때 어떠한 이유로 전달될 수 없는지 나타내는 코드들을 포함하고 있음
※ ICMP redirect: ICMP redirect는 라우터가 송신 측 호스트에 적합하지 않은 경로로 설정되어
있으면 해당 호스트에 대한 최적 경로를 다시 지정해주는 용도로 사용됨","Cisco, Juniper 등","ICMP unreachable, ICMP redirect를 차단하는 경우","ICMP unreachable, ICMP redirect를 차단하지 않는 경우","각 인터페이스에서 ICMP unreachables, ICMP redirects 비활성화",특정 경로를 찾아갈 때 많은 시간이 경과 될 수 있음,,,461,462,2026
N-35,N-35,identd 서비스 차단,네트워크 장비,네트워크 장비 > 5. 기능 관리,중,identd 서비스를 차단하는지 점검,불필요한 identd 서비스를 차단하여 잠재적인 취약점 및 공격에 노출 방지,identd 서비스는 TCP 세션의 사용자 식별이 가능하여 비인가자에게 사용자 정보가 노출될 수 있음,"※ identd 서비스: 특정 TCP 연결을 시작한 사용자의 신원을 확인하는 서비스(113/TCP)
※ 사용자가 서버로 TCP 연결을 시작한 경우 서버는 클라이언트의 identd 서비스에 TCP 세션의 포트
번호를 보내 클라이언트 운영체제와 사용자 ID를 조회 가능
※ 클라이언트의 정보에 의존하기 때문에 인증 또는 접근제어 용도로 사용할 수 없음
※ IOS 12.2 이상 Default로 차단되어 있음",Cisco 등,identd 서비스를 차단하는 경우,identd 서비스를 차단하지 않는 경우,idnetd 서비스 비활성화,일반적인 경우 영향 없음,,,463,463,2026
N-36,N-36,Domain Lookup 차단,네트워크 장비,네트워크 장비 > 5. 기능 관리,중,Domain Lookup을 차단하는지 점검,명령어를 잘못 입력할 때 발생하는 불필요한 Domain Lookup을 차단,불필요한 DNS broadcast traffic과 사용자 대기시간 발생,"※ Domain Lookup: Cisco 장비는 Privileged Exec 모드에서 명령어가 아닌 문자열을 입력하면
호스트 이름으로 간주하고 Domain Lookup을 시도하며, DNS를 설정하지 않은 경우, DNS
Broadcast Query를 수행하는 1분여간 사용자 입력을 받지 않음",Cisco 등,Domain Lookup을 차단하는 경우,Domain Lookup을 차단하지 않은 경우,Domain Lookup 비활성화,일반적인 경우 영향 없음,,,464,464,2026
N-37,N-37,pad 차단,네트워크 장비,네트워크 장비 > 5. 기능 관리,중,PAD 서비스를 차단하는지 점검,X.25 프로토콜을 사용하지 않는 경우 PAD 서비스를 중지,"PAD와 같이 불필요한 서비스를 차단하지 않을 경우, 잠재적인 취약점 및 공격에 노출될 수 있음","※ PAD(Packet Assembler/Disassembler): X.25 패킷 교환망에 패킷 처리 기능이 없는 비 동기형
단말기의 연결을 제공하는 서비스, 비 동기형 단말기로부터 수신한 문자 스트림을 X.25 패킷으로
분해하고 반대로 X.25 패킷을 문자 스트림으로 재조합하여 상호 전송
※ X.25: 패킷교환 데이터 전송 서비스를 위한 ITU-T 표준 프로토콜(1976년 개발), 패킷 교환설비와
패킷형 단말기의 통신절차는 X.25, 패킷 교환설비와 비동기형 단말기의 통신절차는 X.3, X.28,
X.29를 사용",Cisco 등,PAD 서비스를 차단하는 경우,PAD 서비스를 차단하지 않은 경우,PAD 서비스 비활성화,일반적인 경우 영향 없음,,,465,465,2026
N-38,N-38,mask-reply 차단,네트워크 장비,네트워크 장비 > 5. 기능 관리,중,mask-reply를 차단하는지 점검,"내부 네트워크의 서브넷마스크 정보를 요청하는 ICMP 메시지에 네트워크 장비가 응답하지 않도록
mask-reply를 차단 설정","mask-reply를 차단하지 않는 경우 비인가자에게 내부 서브 네트워크의 서브넷마스크 정보가 노출될
수 있음","※ mask-reply: 네트워크 장비는 ICMP Address Mask Request 메시지에 대한 응답으로
인터페이스의 서브넷마스크 정보를 제공",Cisco 등,mask-reply를 차단하는 경우,mask-reply를 차단하지 않은 경우,각 인터페이스에서 mask-reply 비활성화,일반적인 경우 영향 없음,,,466,471,2026
C-01,C-01,계정 기능이 있는 제어시스템 구성요소에 대해 계정을 안전하게 설정하여 사용,제어시스템,제어시스템 > 1. 계정 관리,상,"제어시스템의 계정 기능이 존재하는 모든 설비에 대해 계정을 안전하게 설정하여 인가되지 않은
사용자의 접근 차단 여부 점검","제어시스템 구성요소의 계정 기능을 활성화하고 안전하게 설정하여 제어시스템이 인가되지 않은
접근으로부터 보호할 수 있도록 함","제어시스템 구성요소에 계정을 안전하게 설정하지 않는 경우 비인가자가 구성요소에 접근하여 이를
장악하여 구성요소 내 정보 획득 및 악의적으로 조작할 수 있음","※ 제어시스템의 기본 구성도 및 각 구성요소
제어시스템의 구성요소로는 크게 제어 H/W, 제어 S/W, 네트워크 장비, 정보시스템, 보안 장비로
이루어져 있으며, 이러한 구성요소에 대한 예시 및 일반적인 구성도는 다음 그림과 같음
[ 제어시스템의 기본 구성도 및 각 구성요소 예시 ]
※ HMI 및 PLC 예시
[ PLC 기기 예시 ]
[ HMI 화면 예시 ]",제어시스템 구성요소 전체,계정 기능을 활성화하고 안전하게 설정하여 인가된 사용자만 접근이 가능한 경우,계정 기능을 비활성화하거나 안전하지 않게 설정하여 비인가 된 사용자가 접근이 가능한 경우,제어시스템 구성요소의 계정 기능을 활성화하고 안전하게 설정,일부 제어시스템 설정에 따라 접속 오류 발생 가능,,,472,474,2026
C-02,C-02,"제어시스템 계정의 로그인/로그아웃, 사용 명령 등 사용기록을 저장",제어시스템,제어시스템 > 1. 계정 관리,상,"운영자, 관리자 등의 계정 접근을 허용하는 제어시스템의 계정 접속 로그인 및 사용 기록(Log) 저장 여부 점검","제어시스템(운영체제, HMI 등)의 계정 접속 로그인 및 사용 기록(Log)이 저장되도록 하여 계정 사용에
대한 책임 추적성(Accountability)을 높일 수 있도록 함","계정 접속 로그인 및 사용내역 등의 접속기록(Log)이 생성되지 않거나 접속기록의 내용이 미흡(예시:
사용내역 누락)하여 책임 추적이 어려울 수 있음","※ 접속기록(Log): 시스템(운영체제) 또는 응용 프로그램의 접속기록은 접속자(예시: ID), 접속일시,
접속자의 위치(예시: IP주소), 사용내역(예시: 운영체제의 명령 실행 또는 제어설비에 밸브 조작 명령
실행) 등 4가지 유형의 정보를 포함하는 데이터",대상 시스템에 접속하기 위해 계정(ID) 접근이 요구되는 제어시스템 구성요소,"대상 기기에 로그인/로그아웃, 사용 명령 등의 사용기록을 저장하고 있는 경우","대상 기기에 로그인/로그아웃, 사용 명령 등의 사용기록이 저장되지 않아 확인할 수 없는 경우","대상 구성요소에 사용기록이 저장되도록 설정을 적용하거나, 다른 기기를 이용하여 대상 구성요소의
사용기록이 저장되도록 설정",일반적인 경우 영향 없음,,,475,476,2026
C-03,C-03,"제어시스템 계정입력 시 비밀번호 마스킹 처리, 입력값 에러 발생 시 제공 정보 제한 수행",제어시스템,제어시스템 > 1. 계정 관리,상,"인증과정에서 사용자가 입력하는 비밀번호의 노출을 방지하도록 마스킹 처리를 하고, 그 외 HMI 등의
제어시스템 입력창 중 문자열 입력이 가능한 경우 허용된 범위(예시: 문자 유형, 길이 등)의 값만
입력되도록 하고, 허용된 범위를 초과하는 비정상적인 값이 입력 시 오류 화면 등 발생 여부 점검","제어시스템 운영 중에 의도치 않은 실수로 비밀번호가 노출될 수 있으며 이를 방지하기 위해서 사용자가
입력하는 비밀번호가 노출되지 않도록 하고, 사용자의 입력에 대한 응답으로 제공되는 오류 메시지로
인해 공격자에게 제어시스템의 정보가 노출될 수 있어 이를 차단하기 위함","Ÿ 내부자가 자신보다 많은 권한을 가진 사용자가 입력하는 비밀번호를 획득하여 이를 이용하여
악의적인 목적으로 제어시스템 전체를 장악할 위험이 존재함
Ÿ 내부자가 HMI 등의 제어시스템 입력창에 비정상적인 값을 입력하여 그 결과 화면에 노출된 민감한
정보를 수집하여 악의적인 목적으로 사용할 위험이 존재함
Ÿ 해당 취약점이 알려져 있는 경우 이를 악용한 악성코드 감염을 통해 HMI 등의 제어시스템 권한을
이용한 제어설비 오동작 등의 피해가 발생할 위험이 존재함","※ 본 취약점은 제어시스템을 개발, 납품하는 업체가 개발단계에서부터 보안 취약점이 최소화되도록
해야 하고, 운영단계에서 확인된 취약점이 있다면 제품을 이용하는 회사, 기관 등에 해당 취약점이
조치된 업데이트 및 보안패치를 배포되도록 하는 것이 바람직함",제어시스템 구성요소 전체,"비밀번호 입력 시 마스킹 처리를 하고 있으며, 허용된 범위를 초과하는 값을 입력해도 불필요한 민감 정보 등이 노출되지 않는 경우","비밀번호 입력 시 비밀번호가 노출되고 있거나, 허용된 범위를 초과하는 값을 입력하는 경우 불필요한 정보가 노출되는 오류 화면이 나타나는 경우","비밀번호 입력 시 반드시 마스킹 처리를 하도록 하고, 모든 사용자 입력과정에서 허용된 범위의 값만이
입력되도록 하고 비정상적인 값이 입력되더라도 불필요한 정보가 노출되는 오류 화면 등이 나타나지
않도록 설정",일반적인 경우 영향 없음,,,477,478,2026
C-04,C-04,"제어시스템 계정을 관리, 운영, 유지보수 등 용도에 따라 분리하고 운용",제어시스템,제어시스템 > 1. 계정 관리,중,"제어시스템(HMI, DCS 등)에서 사용하고 있는 계정의 업무에 따른(관리, 운영, 유지보수 등) 분리 운용
여부 점검","제어시스템(HMI, DCS 등)에서 사용하고 있는 계정을 용도 별로 분리 사용하도록 하여 인가되지 않은
접근을 차단하고 책임추적이 가능하도록 하기 위함","용도에 따라 계정을 분리, 관리하지 않는 경우, 용도별 권한 분리가 불가능하여 권한 남용, 실수로 인한
기기의 오작동 발생할 수 있으며 사고 발생 시 사고 원인 파악 및 향후 예방 활동에 필수적인 사고 분석
제한의 위험이 존재함","※ 본 점검항목은 제어시스템 계정은 관리 업무, 운영 업무, 유지보수 업무에 따라 서로 다른 계정을
사용하고 있는지 점검하는 것으로, 이는 용도별 권한을 분리하여 부여하기 위한 필수 항목임",제어시스템 운영 환경에서 계정 접근이 요구되는 전체 구성요소,계정 기능을 사용하는 제어시스템 구성요소 전체에서 용도별로 계정을 분리하여 사용하고 있는 경우,계정 기능을 사용하는 제어시스템 구성요소 전체에서 용도별로 계정을 분리하지 않고 사용하고 있는 경우,계정 기능을 사용하는 제어시스템 구성요소에서 용도별로 계정을 분리하여 운영하도록 설정,일부 제어시스템 설정에 따라 접속 오류 발생 가능,,,479,479,2026
C-05,C-05,"제어시스템 계정에 대해 관리, 운영, 유지보수 등 용도에 맞는 최소 권한 부여",제어시스템,제어시스템 > 1. 계정 관리,중,"제어시스템(HMI, DCS 등)에서 사용하고 있는 계정에 대해 용도에 맞는 최소 권한 부여 여부 점검","제어시스템(HMI, DCS 등)에서 사용하고 있는 계정을 용도별로 권한을 부여하여 불필요한 권한으로
발생하는 업무 사고를 차단할 수 있는지 점검하기 위함","용도에 따라 계정을 관리하지 않는 경우, 이를 통해 불필요한 권한을 할당받은 사용자가 악의적인
목적으로 제어시스템을 공격하거나, 잘못된 운전 조작 사고 등이 발생할 위험이 존재함","※ 본 점검항목은 용도별 최소 권한 부여 여부를 점검하는 것으로, 용도별 계정을 분리 사용하고 있어야 함
※ 제어시스템 기기에서는 계정 관리 기능에서 계정별 권한을 분리하여 할당할 수 있는 기능을
제공하고 있으며 이를 활용하여 용도별 권한을 분리하여 사용 가능함
[ PLC의 계정 관리 화면 예시 ]",제어시스템 운영 환경에서 계정 접근이 요구되는 전체 구성요소,계정에 따라 각 용도에 맞는 최소한의 권한을 부여하여 사용하고 있는 경우,계정에 따라 각 용도에 맞지 않는 권한이 부여되어 사용하고 있는 경우,계정의 용도에 따른 별도 권한 부여 설정,일부 제어시스템 설정에 따라 접속 오류 발생 가능,,,480,481,2026
C-06,C-06,제어시스템 운전원별 유일 계정 부여 또는 시간별 사용자 기록 유지,제어시스템,제어시스템 > 1. 계정 관리,중,제어시스템 운전원별로 다른 계정을 사용하거나 운전 시간에 따른 사용자(운전원) 기록 유지 여부 점검,"제어시스템 운전원별로 다른 계정을 사용하거나 운전 시간에 따른 기록을 유지하도록 하여 계정 사용에
대한 책임 추적성(Accountability)을 높일 수 있도록 하기 위함","편의를 위해 다수의 운전원이 공용 계정을 사용하고, 시간별 사용자 기록이 존재하지 않는 경우
비밀번호 노출, 권한 남용, 사용자 책임추적 어려움 등의 우려가 있으며, 사고 발생 시 이에 대한 분석이
제한될 위험이 존재함","※ 책임 추적성(Accountability) : 정보시스템의 접속자, 접속시간, 접속 위치, 업무내역 등을 식별하여
장애 원인, 침해사고 경위 등을 조사하는 과정에서 책임을 규명할 수 있도록 하는 것을 의미",운전원이 접근하는 모든 제어시스템 구성요소,모든 운전원별로 다른 계정을 사용하거나 시간별 사용자 기록을 유지하고 있는 경우,운전원이 공용 계정을 사용하고 시간별 사용자 기록이 존재하지 않는 경우,모든 운전원별로 다른 계정을 사용하도록 계정 관리 또는 시간별 사용자 기록을 작성하도록 정책 변경 설정,일부 제어시스템 설정에 따라 접속 오류 발생 가능,,,482,483,2026
C-07,C-07,제어시스템 구성요소에 대한 시각 동기화 수행,제어시스템,제어시스템 > 2. 서비스 관리,상,제어시스템 구성요소들이 같은 시간을 유지할 수 있도록 하는 시각 동기화 기능의 제공 여부 점검,"제어시스템에서 시각 동기화 기능을 제공하여 제어시스템 서비스의 안정성 유지와 사고 발생 시 이에
대한 로그 분석, 원인 파악 등이 가능한지 확인하기 위함","시각 동기화가 이루어지지 않는 경우, 구성요소 간 주고받는 제어 명령의 안정성에 문제가 발생할 수
있으며 제어시스템의 로그 분석이 어려워 이로 인해 공격자가 발각되지 않고 공격 기법을 숨기는 등의
위험이 존재함","※ 제어 H/W 등의 일부 구성요소에서 시간 동기화 기능이 NTP 또는 PTP와 같은 프로토콜을
이용하지 않으나 상시 연결되어있는 EWS 또는 OWS 등의 다른 구성요소와 시간 동기화를
수행하고 있고, 해당 구성요소가 운영체제 등을 통해 정상적으로 시간 동기화를 수행하고 있는 경우
정상적으로 시간 동기화를 수행하는 것으로 볼 수 있음
※ 정확한 시간 동기화를 위해서는 GPS 서버를 구축하여 시간 동기화에 활용할 수 있으며 이를 권장
[ 시각 동기화를 위한 GPS 서버 구축 예시 ]",모든 제어시스템 구성요소,"모든 제어시스템 구성요소에서 NTP 또는 PTP 등의 시각 동기화 기능을 제공하고 있고, 설정되어 운용되고 있는 경우","제어시스템 구성요소 중에서 시각 동기화 기능이 존재하지 않거나, 시각 동기화 설정이 정상적으로 이루어지지 않은 경우","시각 동기화 기능이 존재하지 않는 경우 이에 대한 보완대책을 마련하고, 모든 제어시스템 구성요소들이
같은 시간 정보를 이용할 수 있도록 시간 동기화 설정",일반적인 경우 영향 없음,,,484,486,2026
C-08,C-08,제어시스템에 불필요한 서비스 및 취약한 서비스 제거 또는 보완대책 수행,제어시스템,제어시스템 > 2. 서비스 관리,상,제어시스템 구성요소에서 불필요한 서비스와 취약한 서비스를 제거하거나 이용할 수 없도록 비활성화 여부 점검,"제어시스템(운영체제)에 관련 소프트웨어를 위해 필요한 최소한의 서비스만 활성화하고 취약한 서비스를
제거 또는 비활성화하여 비인가자 및 악성코드에 의해 취약한 서비스 악용이 일어나지 않도록 하기 위함","Ÿ 불필요하거나 취약한 서비스가 활성화되어 있는 경우 공격자가 네트워크 스캐닝을 통해 취약한 서비스를
찾아내, 비인가자 접근, 악성코드 유포 등 해당 서비스를 악용한 해킹의 위험이 존재함
Ÿ 위협 사례: SMB Redirect(Redirect To SMB) 공격의 경우, Windows PC 간에 파일 공유를 위해
사용하는 SMB(Server Message Block) 프로토콜을 악용하여, 해당 네트워크 트래픽을 해커가
장악한 SMB 서버 또는 악성 웹사이트로 우회시킬 수 있는 취약점을 이용함. 이를 통해 해커는
Windows PC 사용자들의 해당 로그인 정보를 탈취할 수 있으며 이와 같은 공격에 대한 최선의
보안대책은 TCP 139와 445 포트를 차단하여 SMB 프로토콜 자체를 이용하지 못하도록 함","※ 제어시스템 취약점 검색엔진: 쇼단(https://www.shodan.io)과 같은 웹사이트(Criminal IP)는
IoT, ICS 등과 같은 설비에 대해 국가, 기관, 서비스(Port), IP주소 등의 검색어 입력만으로 어떤
서비스가 활성화되어 있고 인터넷상으로 접근 가능한지 검색 가능
[ 쇼단 홈페이지에서 검색어(예: 제어기기 모델)를 통해 확인한 결과 ]
※ 제어시스템 취약점 목록 제공: 미국 국토안보부(DHS) 산하 CISA(CyberSecurity & Infrastructure)
홈페이지(https://cisa.gov/news-events/cybersecurity-advisories )에서는 ICS에서 발견된
최신 취약점 목록을 제공하고 있어, 사용 중인 제어시스템 구성요소에 취약점 존재 여부를 확인할 수
있음","HMI, EWS와 같은 제어 S/W를 제외한 제어시스템 구성요소 전체",제어시스템에 불필요하거나 취약한 서비스가 제거 또는 비활성화된 경우,제어시스템에 불필요하거나 취약한 서비스가 활성화된 경우,제어시스템에 불필요하거나 취약한 서비스를 제거 또는 비활성화 설정,일반적인 경우 영향 없음,,,487,489,2026
C-09,C-09,제어시스템 구성요소에 대한 관리자 페이지 운영 시 이에 대한 접근통제(사전인가 접근만 허용) 수행,제어시스템,제어시스템 > 2. 서비스 관리,중,"제어시스템 구성요소의 관리 페이지에 접근하는 관리자에 대해 사전에 인가된 접근만 가능하도록
접근통제 수행 여부 점검","제어시스템 구성요소를 관리하는 관리 페이지에는 사전에 인가된 관리자만 접근하도록 하여 인가되지
않거나 악의적인 접근을 차단하기 위함","업무를 수행하는데 권한이 없는 사용자가 악의적인 목적으로 관리자 페이지에 접근하여 권한 획득, 인증
우회 등의 공격을 시도하여 해당 장비를 장악할 위험이 존재함","※ 관리자 페이지에 대한 접근통제(사전인가 접근만 허용)
일반적으로 활용하는 기법은 관리자가 접근할 수 있는 IP주소, MAC 주소 등을 사전에 인가하여
인가되지 않은 IP주소, MAC 주소 등을 통한 접근 시, 이를 차단하도록 하는 기법임
[ 네트워크 장비에서 관리자 접근을 특정 IP로 제한 예시 ]
[ 제어 S/W에서 관리자 접근을 특정 IP로 제한 예시 ]
※ 관리자 페이지 접근 시, 네트워크를 이용한 모든 접근을 차단하고 있으며 물리적으로 접근하는 콘솔
접근만 허용하고 있는 경우 양호하다고 판단 가능",관리자 페이지가 존재하는 모든 제어시스템 구성요소 및 제어시스템을 구성하는 네트워크 전체,"관리자 페이지에 IP주소, MAC 주소 등을 통해 사전인가된 관리자만 접근이 가능한 경우",모든 사용자가 관리자 페이지에 접근이 가능한 경우,제어시스템 구성요소의 관리자 페이지에 사전 인가된 접근만 가능하도록(IP주소 등) 설정,일부 제어시스템 설정에 따라 접속 오류 발생 가능,,,490,491,2026
C-10,C-10,제어시스템 내 파일/디렉터리 접근 권한 및 신뢰 관계를 적절히 부여,제어시스템,제어시스템 > 2. 서비스 관리,중,제어시스템 내 구성요소에서 적절한 파일/디렉터리 접근 권한 및 신뢰 관계 부여 여부 점검,"제어시스템 운영을 위해 파일/디렉터리 접근 권한 및 신뢰 관계를 과다하게 부여하여 인가되지 않은
사용자가 허용되지 않은 파일, 정보에 접근하는 것을 차단하기 위함","제어시스템과 관련된 중요 자료(도면 등)에 대해 접근 권한을 과다하게 부여하여 인가되지 않은
사용자가 해당 정보를 취득하여 외부에 공개하거나 공격을 위한 기초자료로 활용될 위험이 존재함","※ 제어시스템 운영을 위해 공유 폴더 사용 시 볼륨 전체를 공유하거나 모든 사용자 계정이
읽기·쓰기·실행 권한을 가지는 등의 설정은 파일 및 디렉터리 접근 권한 과다 부여에 해당함
※ 과다한 신뢰관계란 통합인증(Single Sign-on), SSH Key의 트러스트 설정 등을 통해 제어시스템
구성요소 간 인증 없이 접근이 가능한 경우를 의미
※ 필요 이상의 다중 로그인을 허용, 세션 간 로그인 정보를 지속적으로 유지, 비밀번호 저장을 통한
자동 로그인 등 역시 과다한 신뢰 관계에 해당함",제어시스템 내 구성요소,제어시스템 내 파일/디렉터리에 접근 권한 및 신뢰 관계를 과다하게 부여하지 않은 경우,제어시스템 내 파일/디렉터리에 접근 권한 및 신뢰 관계를 과다하게 부여한 경우,"제어시스템 내 파일/디렉터리에 접근 권한 및 신뢰 관계를 허용할 경우, 반드시 필요한 때에만 설정하도록
하고, 반드시 필요한 특정 위치의 특정 사용자에게만 허용하도록 설정",일반적인 경우 영향 없음,,,492,493,2026
C-11,C-11,제어시스템 내 제어와 직접적인 관련이 없는 불필요 프로그램 삭제,제어시스템,제어시스템 > 2. 서비스 관리,중,"제어시스템 내 구성요소에 설치된 프로그램 중 제어시스템 운영과 관련이 없는 불필요한 프로그램의
삭제 여부 점검","제어시스템 내 구성요소에 불필요한 프로그램이 설치되어 예상하지 못한 취약점이 발생하거나
제어시스템의 가용성을 저해시킬 수 있어 안정적인 제어시스템 운영을 하기 위함","제어시스템 내 구성요소에 설치된 불필요한 특정 프로그램에서 발견된 취약점으로 인해 해당
정보시스템이 오동작을 일으키거나, 다른 공격에 활용될 위험이 존재함","※ 제어시스템 운영과 관련 없는 불필요한 프로그램의 예시로는 게임, 인스턴트 메신저, 사용하지 않는
문서편집 및 뷰어 프로그램, 개발용이 아닌 시스템에서 사용하지 않는 컴파일러, DB, 설정 파일
등이 있을 수 있음",제어시스템 내 구성요소,제어시스템 내 구성요소에 운영에 필요하지 않은 프로그램이 존재하지 않는 경우,제어시스템 내 구성요소에 운영에 필요하지 않은 프로그램이 존재하는 경우,제어시스템 운영에 불필요한 프로그램을 삭제하도록 설정,일반적인 경우 영향 없음,,,494,494,2026
C-12,C-12,"제어시스템 운영 정보, 제어 명령 등 중요 정보에 대한 위변조 및 replay 공격 방지 대책 적용",제어시스템,제어시스템 > 2. 서비스 관리,중,"HMI, PLC 등을 통해 제어설비에 전송되는 제어 명령이 스니핑(임의 지정) 등의 패킷 감청 등으로
중간에 해당 패킷을 가로채 위변조할 수 없도록 하고, 해당 패킷 재사용을 통한 제어설비 전송, 조작 여부
점검","제어 명령이 비인가자에게 노출되거나 중간에서 가로챌 수 없도록 하고, 이를 재사용할 수 없도록 하여
안정적인 제어시스템을 운영하기 위함","Ÿ 제어시스템을 구성하는 HMI, PLC 등의 제어 H/W, 제어 S/W에서 보안이 고려되지 않은
프로토콜을 이용하는 시스템에 따라서는 제어 명령을 가로챌 수 있는 취약점이 공개되어 있어 해당
취약점으로 인한 공격이 성공하는 경우 비인가자가 제어설비의 운영 권한을 획득할 위험이 존재함
Ÿ 취약점 예시: ‘20. 1. 14. 공개된 취약점으로 GE사의 PACSystems RX3i 제품군에서 조작된
패킷이 전달되면 모듈 상태가 중지 모드로 변경되어 서비스거부가 발생하는 취약점이 발견됨
(ICSA-20-014-01)(CVE-2019-13524)","※ 무결성 체크: 데이터의 무결성을 확인하기 위해 SHA-256 등의 해시 함수를 이용하여 데이터가
최초 원본 상태와 다른 변형된 것이지 확인
※ Replay 공격: 네트워크상의 정보 프레임을 수집한 뒤 해당 메시지를 재전송함으로써 갱신되지 않은
정보의 전달이나, 대상 장비에게 정당한 정보 전송으로 인식시켜 오류를 유도하는 공격 기법으로,
HMI 서버와 RTU 사이의 통신선로에 인가되지 않은 해킹 기기를 접속시켜 각각 HMI 서버와
RTU에 해당 공격을 수행 가능",운영 정보 등 중요 정보를 다루는 제어시스템 구성요소,"제어 명령을 암호화 전송하거나 송수신 정보의 무결성을 확인(위·변조 여부 확인)하고, 재사용 방지(인증, 시간 확인, 세션 확인 등) 과정을 거치도록 하는 경우","제어 명령이 암호화되지 않고 평문 전송되거나, 송수신 정보의 무결성을 확인하지 않거나, 재사용 방지(인증, 시간 확인, 세션 확인 등) 과정을 거치지 않는 경우","전송되는 정보를 암호화하거나 무결성을 점검할 수 있도록 하고 재사용을 방지할 수 있도록 설정
변경하거나 불가능할 경우, 제조사와 협의하여 보완대책 마련",일반적인 경우 영향 없음,,,495,496,2026
C-13,C-13,제어시스템 내 전달되는 제어 명령 및 파라미터의 정상 범위를 식별하고 관리,제어시스템,제어시스템 > 2. 서비스 관리,하,"제어시스템을 통해 설비에 전달되는 제어 명령의 문자열이 운영 목적에 맞는 최소 권한으로 전달되도록
불필요한 파라미터 사용 제한 여부 점검","제어시스템 감시 및 제어를 위한 HMI, PLC 등의 소프트웨어는 제어시스템의 운전정보를 조회하고
제어할 수 있으므로 제어 명령 제한과 파라미터값의 범위를 제한하여 운영자의 부주의(Human Error),
오·남용 및 악성코드에 의한 악의적인 운전 명령 전달 등을 차단하기 위함","Ÿ 정상 범위를 초과하는 제어 명령 값을 부여할 수 있다면 부주의(Human Error), 오·남용이 발생할 수
있고 특히 악성코드에 의한 악의적인 운전 명령 및 과도한 파라미터 값 전달을 통해 제어설비의
오작동 등의 피해가 발생할 수 있음
Ÿ 위협 사례: 스턱스넷은 PLC 시스템의 Profibus 메시지 버스 시스템을 감시하는 D8890 블록에
악성코드를 설치하여 특정 조건을 만족하면, 주기적으로 모터의 회전수를 1410Hz, 2Hz,
1064Hz로 변경해 모터에 과부하를 일으킴 또한 PLC 시스템에 루트킷을 설치하여 자기 자신을
숨기고, 모터의 회전수가 변경되고 있다는 것을 숨김","※ HMI, PLC 등의 소프트웨어를 통해 사용 가능한 제어 명령, 파라미터값의 범위 등을 사전에
제한하여 운영자 권한 또는 악성코드에 의해 불필요한 제어 명령과 파라미터값 전송이 일어나지
않도록 제어시스템의 환경설정 강화 필요","HMI, PLC 등의 제어 S/W",운영 업무 목적에 필요한 최소한의 제어 명령과 파라미터만을 사용하도록 제한하는 경우,운영 업무 범위를 초과하는 제어 명령과 파라미터의 사용 제한이 없는 경우,"운영 목적에 맞는 최소한의 제어 명령과 파라미터만을 사용하도록 HMI, PLC 등의 관리설정 강화 (제어
명령 권한 조정)",일반적인 경우 영향 없음,,,497,497,2026
C-14,C-14,제어시스템 내 사용자 통신 세션에 대해 세션 타임아웃 적용,제어시스템,제어시스템 > 2. 서비스 관리,하,세션 통신을 지원하는 제어시스템 구성요소의 합리적인 시간 범위 내에 세션 타임아웃 설정 운용 여부 점검,"제어시스템 구성요소가 세션 통신을 수행하고 있을 때, 일정 시간 동안 입력이 없는 경우 세션을
종료하도록 하여 해당 세션을 가로채어 발생할 수 있는 위협으로부터 제어시스템을 보호하기 위함","관리자가 로그인 후, 세션을 종료하지 않고 자리를 비우는 동안 악의적인 사용자가 접속된 터미널을
이용하여 불법적인 행위를 시도할 위험이 존재함",-,사용자와 세션 통신을 지원하는 제어시스템 구성요소,사용자 통신 세션 구간에서 타임아웃 기능이 설정된 경우,사용자 통신 세션 구간에서 타임아웃 기능이 설정되지 않은 경우,"사용자 통신 세션 구간에서 일정 시간 입력이 없는 경우 자동으로 세션을 종료하는 세션 타임아웃 기능
설정 또는 개발변경",일반적인 경우 영향 없음,,,498,498,2026
C-15,C-15,GPS 스푸핑/재밍 공격 등 시간 동기화 서비스를 교란하기 위한 공격에 대비한 보안 조치 수행,제어시스템,제어시스템 > 2. 서비스 관리,하,제어시스템에 구축한 시간 동기화 시스템이 GPS 스푸핑/재밍 공격 등에 대응하는 기능 존재 여부 점검,"제어시스템 구성요소들이 같은 시간을 유지할 수 있도록 구축한 시간 동기화 시스템이 GPS 스푸핑/재밍
공격 등에도 같은 시간 정보를 유지하기 위함","GPS 스푸핑/재밍 공격은 제어시스템 구성요소의 시간 정보를 동일하게 유지시키는 NTP의 이상
동작을 발생시키고 이로 인해 제어시스템의 안정성이 저해될 위험이 존재함","※ 일부 NTP/PTP 솔루션에서는 최근 발생하는 GPS 재밍, 스푸핑 공격에 대비하여 이에 대응하는
기능을 가진 제품을 판매하고 있음",GPS 신호를 수신하는 안테나와 이를 사용하는 NTP 서버,GPS 스푸핑/재밍 공격 등 시간 동기화 교란 공격에 대비한 대책이 마련되어 있는 경우,GPS 스푸핑/재밍 공격 등 시간 동기화 교란 공격에 대비한 대책이 마련되지 않은 경우,"시간 동기화 교란 공격에 대비하여 고정밀 오실레이터(예시: 세슘, 루비듐 등)를 보유한 백업용 시각장치
구비 또는 공격 차단을 위한 능동형 안테나 설치 등의 대책을 적용",일반적인 경우 영향 없음,,,499,499,2026
C-16,C-16,"제어시스템에 대한 최신 업데이트, 보안패치를 안전하게 적용하기 위한 제조사 협력방안, 테스트 방안 등의 절차 수립",제어시스템,제어시스템 > 2. 서비스 관리,상,"제어시스템을 구성하는 소프트웨어, 시스템(OS), 장비 등에 대한 최신 업데이트, 보안패치를 적용할 수
있는 절차 수립 여부 점검","최신 발견된 보안취약점에 대해 이를 조치할 수 있는 업무절차가 수립되어 있는지 점검하여 향후 새로운
보안취약점이 발견되었을 때 대응할 수 있는지 확인하기 위함","알려진 취약점이 존재하는 제어시스템을 대상으로 해당 취약점을 악용한 비인가자의 침해 시도 또는
자동화된 악성코드의 감염 위험이 존재함","※ 본 점검항목에서는 제어시스템의 업데이트, 보안패치를 안전하게 수행할 수 있는 절차에 대한 상세
점검항목이며, 취약점의 존재 유무에 대한 점검항목은 C-08 항목을 참고
※ 일반적인 IT 환경과 달리 제어시스템의 경우, 높은 가용성을 요구하는 특징에 따라 최신 업데이트 및
보안 패치가 신속하게 이루어지지 않는 경우가 있으며 이러한 경우 업데이트 및 보안 패치가
이루어질 때까지 발생할 수 있는 위협을 완화할 수 있는 방안 적용을 권고함",전체 제어시스템 구성요소,제어시스템 업데이트 및 보안패치 적용 절차가 수립된 경우,제어시스템 업데이트 및 보안패치 적용 절차가 수립되지 않은 경우,제어시스템 구성요소가 안전하게 업데이트 및 보안패치를 수행할 수 있도록 하는 절차 수립,일반적인 경우 영향 없음,,,500,500,2026
C-17,C-17,"외부 업체, 인터넷을 통한 다운로드 등의 경로로 반입된 각종 패치·업데이트 파일에 대해 무결성 검증 및 클린 PC를 통한 악성코드 존재 여부 검사 수행",제어시스템,제어시스템 > 3. 패치 관리,상,"외부 업체, 인터넷 등을 통해 다운로드 등의 경로로 제어망 내부에 반입되는 각종 패치, 업데이트 파일에
대해 무결성 검증 및 악성코드 검사 수행 여부 점검","제어망 내부로 악성코드 유입을 차단하기 위해 패치, 업데이트 수단을 안전하게 보호하기 위함","Ÿ 악성코드를 은밀히 유포하기 위해 업데이트 서버나 협력업체 서버, 노트북 등에 침투하여 업데이트
파일로 위장하는 사례가 있음
Ÿ 위협 사례: ‘19. 3. 25. Kaspersky Lab에서 발표한 “Operation Shadow Hammer”는 ASUS의
소프트웨어 업데이트 서버가 해킹되어 대부분의 ASUS 컴퓨터에 설치된 Asus Live Update가
추가적인 악성코드를 받을 수 있는 경로로 백도어가 포함된 버전으로 업데이트되도록 하는 공격임","※ 최근 사이버 공격에 자주 활용되는 공급망 공격(Supply Chain Attack)은 직접 침투가 어려운
시설에 악성코드를 감염시키기 위해 공격 대상 시설이 사용하는 소프트웨어, 하드웨어 업체를
활용하는 공격으로, 이러한 공격 기법의 하나로 제공하는 패치, 업데이트 파일에 악성코드를 숨겨
대상 시설에 악성코드를 설치하도록 유도할 수 있음",업데이트 또는 패치를 위해 제어망 내 반입되는 모든 외부 파일,제어망 내 반입되는 패치·업데이트 파일의 무결성 검증 및 악성코드 검사가 수행되는 경우,제어망 내 반입되는 패치·업데이트 파일의 무결성 검증 및 악성코드 검사가 이루어지지 않은 경우,"제어망 내 반입되는 패치·업데이트 파일을 제공하는 공급사로부터 무결성을 확인받는 절차를 도입 및
악성코드를 검사할 수 있는 클린 PC를 구축하여 해당 파일의 악성코드 존재 유무 확인 후 제어시스템 설치",일반적인 경우 영향 없음,,,501,501,2026
C-18,C-18,제어시스템 구성요소의 알려진 취약점에 대해 보안패치 적용 또는 상응하는 대응책 적용,제어시스템,제어시스템 > 3. 패치 관리,상,"제어시스템 구성요소에서 알려진 취약점이 제거되어 있거나, 취약점이 존재하는 경우에 대한 대응방안
존재 여부 점검","최신 보안취약점의 주기적인 확인, 조치 전 영향성 검토, 취약점 조치 등의 체계적인 업무절차를
수립하고 이를 이행함으로써 알려진 취약점으로 인한 제어시스템의 보안위협을 감소시키기 위함","알려진 취약점에 대해 조치하지 못한 제어시스템을 대상으로 해당 취약점을 악용한 비인가자의 침해
시도 또는 자동화된 악성코드의 감염 우려가 있음","※ 스턱스넷(Stuxnet)의 경우 다음과 같은 취약점을 이용하고 있으므로 다음 취약점이 조치되지 않은
경우, 매우 취약한 환경으로 볼 수 있음
[ 스턱스넷 이용 취약점 ]
※ 제어시스템 취약점 목록 제공: 미국 국토안보부(DHS) 산하 CISA(CyberSecurity & Infrastructure)
홈페이지(https://cisa.gov/news-events/cybersecurity-advisories)에서는 ICS에서 발견된 최신
취약점 목록을 제공하고 있어, 사용 중인 제어시스템 구성요소에 취약점 존재 여부를 확인할 수 있음",전체 제어시스템 구성요소,"제어시스템 내부 구성요소에서 알려진 취약점이 없거나, 존재하는 취약점에 대한 조치방안이 이루어진 경우","제어시스템 내부 구성요소에서 알려진 취약점이 있으며, 이에 대한 조치방안이 이루어지지 않은 경우","알려진 취약점에 대한 조치방안(업그레이드 또는 패치, 이에 상응하는 대응방안 적용) 테스트 후 영향성
검토 및 승인절차를 통한 해당 취약점 조치",일반적인 경우 영향 없음,,,502,504,2026
C-19,C-19,"운영체제, 응용프로그램, 펌웨어 등에 대한 안정성이 확인된 최신 버전의 소프트웨어 사용 및 기술지원이 종료된 제품 미사용",제어시스템,제어시스템 > 3. 패치 관리,중,"제어시스템 구성요소의 운영체제, 응용프로그램, 펌웨어 등이 안정성이 확인된 최신 버전 S/W 사용
여부 및 해당 S/W의 기술지원 종료 여부 점검","제어시스템에서 사용하는 운영체제, 응용프로그램, 펌웨어 등이 기술지원이 종료되지 않은 최신
버전으로 운용하도록 하여 안정적인 제어시스템 운영이 가능하도록 하기 위함","기술지원이 종료된 S/W에 취약점이 발견될 경우, 이에 대한 조치가 불가능하여 해당 취약점이
지속적으로 노출될 위험이 존재함","※ Microsoft Windows 7, Windows Server 2008 R2 지원 종료: ‘20. 1. 24. 이후로 Microsoft
Windows의 지원이 종료되어 업데이트, 문제 관련 기술지원, 보안 업데이트가 수행되지 않으므로,
이를 사용하지 않아야 함",제어시스템 구성요소 전체,"제어시스템 구성요소가 사용하는 운영체제, 응용프로그램, 펌웨어 등이 기술지원이 종료되지 않은 최신 제품을 사용하는 경우","제어시스템 구성요소가 사용하는 운영체제, 응용프로그램, 펌웨어 등이 기술지원이 종료되었거나, 최신 버전이 아닌 경우","제어시스템 구성요소가 사용하는 운영체제, 응용프로그램, 펌웨어 등이 기술지원이 종료되지 않은 최신
버전 업데이트 설정",일반적인 경우 영향 없음,,,505,505,2026
C-20,C-20,"제어시스템 개선, 신규 시스템 도입, 패치 및 수정 시, 안전성을 테스트하기 위한 테스트베드 또는 시험환경을 구축",제어시스템,제어시스템 > 3. 패치 관리,하,"제어시스템의 신규 구축 및 변경(개발수정, 업그레이드, 패치 포함) 전 안정성 테스트 등의 시험환경
구축 여부 점검","제어시스템은 각 제어설비를 감시, 통제하기 위한 다양한 구성요소(HMI, PLC, RTU 등)를 포함하고
있고 해당 구성요소의 신규 구축, 변경 등에 따라서 제어시스템의 일부 또는 전체의 오작동이 발생할 수
있으므로 시험환경을 구축하여 안정성을 검증한 뒤 신규 구축 및 변경 등을 적용하기 위함","안정성 검증 없이 신규 구축 및 변경 등을 적용하는 경우 제어시스템의 일부 또는 전체의 오작동 등의
위험이 존재함","※ 시험환경의 구축 고려사항: 제어시스템은 IT와 기계적 요소가 결함된 구조를 이루고 있으므로 IT
환경과 같이 이중화, 유지보수 시간 서비스 정지, 테스트서버 구축 등의 방법 적용이 어려울 수
있으므로 기계적 요소의 오작동 가능성을 시험할 수 있는 산업특성을 고려한 자체적인 방안을
수립하는 것이 필요",제어시스템 구성요소 전체,제어시스템의 변경사항을 시험할 수 있는 환경이 구축된 경우,제어시스템의 변경사항을 시험할 수 있는 환경이 구축되지 않은 경우,제어시스템의 변경사항을 테스트할 수 있는 테스트베드 구축,일반적인 경우 영향 없음,,,506,506,2026
C-21,C-21,"제어 네트워크는 업무망, 인터넷, CCTV 망 등 외부망과 물리적으로 분리하여 사용",제어시스템,제어시스템 > 4. 네트워크 접근통제,상,"제어시스템을 감시, 통제하는 네트워크 구성에서 제어망(Production Control System Network)의
업무망(Business Network), 인터넷망 등으로 물리적 분리 여부 점검",제어시스템에 인터넷을 통한 각종 침해위협(예시: 악성코드 등)으로부터 보호하기 위함,"Ÿ 업무망과 제어망이 분리된 경우에도 업무망 PC에서 제어망에 있는 설비를 모니터링할 수 있는 경우
해당 PC의 인터넷을 차단하지 않아 스턱스넷과 같은 악성코드에 감염되고 제어망에 있는 설비의
운영 정보 수집은 물론, 취약점을 악용한 제어시스템 마비를 초래할 위험이 존재함
Ÿ 제어망과 시설 감시를 위한 CCTV 망이 연결되어있는 경우 CCTV에서 발생시키는 다수의
트래픽으로 인해 제어망의 가용성이 침해되는 경우를 초래할 위험이 존재함
Ÿ 위협 사례: 쇼단(Shodan) 연구원에 따르면 미국은 5만 7천 개라는 전 세계에서 가장 많은 수의
산업제어시스템(ICS)을 가지고 있으며 인터넷에 연결되어있다고 밝힘. 또한, ‘14년 12월 독일 언론에
따르면, 독일의 한 제철소 용광로의 제어시스템에 대한 해킹 공격으로 제어시스템이 파괴되면서 관련
산업 전체에 큰 피해를 준 바 있으며 이는 당시 해커들은 보안 의식이 낮은 용광로 운영 직원의 인터넷
Email을 이용해 로그인 계정을 탈취한 뒤 제어시스템을 장악한 것으로 알려져 있음","※ 제어시스템 네트워크 구분(Segmentation):  NIST SP 800-82 Guide to Industrial Control
Systems Security에서 제어시스템의 안전한 네트워크 구성을 위해 네트워크를 도메인별로
구분하고 구분된 도메인 간 접근 통제할 것을 권장함. 이때, 네트워크를 구분하는 방식 중 물리적인
분리의 경우 두 도메인 간 통신을 완전히 막을 수 있는 방법의 하나로 제시하고 있음. 이에 따라
제어망의 경우 인터넷망과는 물리적으로 분리할 것을 권고하고, 제어시스템 운영 특성상 업무망과
연계가 필수적일 경우 C-10 항목을 참고하여 물리적 일방향 자료전달 환경 구축을 권고함",제어시스템을 구성하는 네트워크 전체,외부망(인터넷) 또는 내부망(업무망)과 분리하여 운영하는 경우,외부망(인터넷) 또는 내부망(업무망)과 동일네트워크로 구성하여 운영하는 경우,제어시스템 운영망과 업무망 분리 및 인터넷 차단,일반적인 경우 영향 없음,,,507,508,2026
C-22,C-22,제어 네트워크 외부로 자료전달 시 물리적 일방향 자료전달 환경을 구축하여 외부에서 제어 네트워크로의 침입을 차단,제어시스템,제어시스템 > 4. 네트워크 접근통제,상,제어 네트워크와 외부 자료 연계가 필요한 경우 제어망으로부터 업무망으로의 일방향 데이터 전송 여부 점검,업무망에 대한 침해위협으로 인해 제어망에 직접적인 피해(예시: 운전 조작 등)가 발생하지 않도록 하기 위함,"제어망과 업무망 간 운전정보를 양방향 전송하게 되는 경우 업무망의 운영자 PC를 통한 내부자 부주의 또는
오·남용(예시: 운전 조작 등) 우려가 있고, 악성코드가 유입되는 경우 제어망 내부에 위치한 시스템까지
감염될 위험이 존재함","※ 본 점검항목은 제어망에 위치한 설비 또는 시스템 등의 정보를 외부(내부 업무망 또는 외부 업무망)로
전송하는 경우 일방향 전송을 요구하는 항목으로 일방향 전송 장비의 예시는 다음 그림과 같음
[ 일방향 자료 전달 제품 예시 ]","제어망으로부터 내부 업무망으로 정보 연계가 이루어지는 시스템
제어망으로부터 외부 업무망으로 제어망의 운전정보 등을 전송하는 설비 및 시스템",제어망의 운전정보를 업무망으로 일방향 전송하는 경우,제어망의 운전정보를 업무망으로 양방향 전송하는 경우,"내·외부의 통신선로에 대한 물리적 일방향 전송이 이루어지도록 조치하거나, DMZ를 구성하고 방화벽
등을 통한 일방향 접근통제 정책(Rule) 설정",일반적인 경우 영향 없음,,,509,510,2026
C-23,C-23,"제어 네트워크에 무선인터넷, 테더링, 외부 유선망 등의 외부망 연결을 제한하고 주기적으로 점검",제어시스템,제어시스템 > 4. 네트워크 접근통제,상,"제어망, 업무망, 인터넷망 등의 물리적 망 분리 이외에도 이를 우회할 수 있는 무선인터넷, 테더링 등의
통제 여부 점검","내부 보안정책을 우회할 수 있는 비인가 무선 AP 설치, 스마트폰의 테더링 이용 등과 같은 외부해킹 및
악성코드 감염 경로를 차단하기 위함","Ÿ 제어망 또는 업무망 등에 비인가 무선 AP 설치, 스마트폰의 테더링 이용 등과 같은 외부로의
인터넷 연결 점검이 생기는 경우는 물리적 망 분리를 우회할 수 있고 이를 통해 악성코드가
유입되는 경우 제어망에 위치한 시스템까지 감염될 위험이 존재함
Ÿ 무선통신 인터셉트(EM/RF Interception): 일반적인 제어시스템 통신 구간에서는 무선통신을
사용하지 않지만, RTU 하단의 제어 구성요소들과 IED에는 무선통신이 적용되는 경우가 있고 해당
통신 구간의 통신은 비인가 기기를 이용한 가로채기가 상대적으로 용이","※ 제어시스템의 보안정책 우회 접근: 제어시스템을 구성하는 환경에서 내부망 내에 위치한 비인가
무선 AP(또는 외부로부터 수신되는 무선 AP), 스마트폰의 테더링 등을 이용한 외부 인터넷 연결이
이루어질 수 있으며 이를 차단하기 위해서는 비인가 기기의 반·출입 통제, 무선랜카드 사용통제
등의 물리적 통제를 함께 고려해야 함
[ 무선 AP를 이용한 제어망 무단 접근 ]",제어시스템을 구성하는 네트워크 전체,"제어 시설에 비인가 장비에 대한 반입이 불가능하며, 제어망 및 내부 업무망의 유·무선 인터넷 접속차단이 이루어지는 경우","제어 시설에 비인가 장비에 대한 반입 통제가 이루어지지 않거나, 제어망 및 내부 업무망에서 유·무선 인터넷 접속이 가능한 경우",외부 연계 접점 차단 설정(외부 연계일 경우 물리적 일방향 시스템 적용),일반적인 경우 영향 없음,,,511,512,2026
C-24,C-24,제어 네트워크에 비인가된 시스템/기기에 대한 연결 및 접속을 차단,제어시스템,제어시스템 > 4. 네트워크 접근통제,상,제어 네트워크에 비인가된 시스템/기기 등을 연결하는 경우의 연결 및 접속 차단 여부 점검,"출입자가 비인가 기기, 서버 및 노트북 등을 반입하여 임의로 제어 네트워크에 연결할 수 없도록 하기 위함","악성코드가 감염된 기기, 서버 및 노트북 등을 악의적인 목적으로 반입하여 제어 네트워크에 연결하고
접속하는 경우 해당 시스템을 경유하여 업무망 또는 제어망의 취약한 시스템(예시: 특정 버전의 OPC
시스템)을 위협하고 제어설비의 권한을 획득할 위험이 존재함
[ 비인가된 기기를 통한 제어시스템 접근 및 제어명령 ]","※ 제어시스템의 비인가 기기 연결통제 방안 : 제어시스템을 구성하는 환경에서 비인가 서버 및 노트북
등이 반입되고 이를 손쉽게 제어 네트워크에 연결하는 것을 차단하기 위해서는 비인가 기기의
반·출입 통제, 기기의 네트워크 연결통제 등을 함께 고려해야 함",제어시스템을 구성하는 네트워크 전체,사전 허가된 시스템 및 기기만 제어 네트워크에 연결 및 접속이 가능한 경우,사전 허가되지 않은 임의의 시스템 및 기기가 제어 네트워크에 연결 및 접속이 가능한 경우,"제어시스템을 구성하는 네트워크에 시스템 또는 기기를 연결하는 경우 사전 승인 및 MAC 식별 등에
의한 접근통제 조치 설정","현재 제어시스템 내 운영 서비스에 대한 정확한 파악이 되지 않은 경우, 장애 발생 가능",,,513,514,2026
C-25,C-25,물리적 일방향 자료전달 환경의 올바른 동작 및 운용에 대한 주기적인 점검 수행,제어시스템,제어시스템 > 4. 네트워크 접근통제,상,"제어망으로부터 업무망으로의 데이터 전송을 위한 물리적 일방향 전송 환경이 정상 동작하고 있는지
운용상태를 주기적으로 점검","물리적 일방향 자료전달을 위한 장비가 올바르게 운용되었는지 확인하여 업무망 침해위협으로 인한
제어망에 직접적인 피해(예시: 운전 조작 등)가 발생하지 않도록 하기 위함","제어망과 업무망 간 운전정보를 양방향 전송하게 되는 경우 업무망의 운영자 PC를 통한 내부자 부주의
또는 오·남용(예시: 운전 조작 등) 우려가 있고, 악성코드가 유입되는 경우 제어망에 위치한 시스템까지
감염될 수 있음","※
본 점검항목은 제어망에 위치한 설비 또는 시스템 등의 정보를 외부(내부 업무망 또는 외부 업무망)로
전송하는 경우 물리적 일방향 전송을 위한 환경을 올바르게 설정하고 운용하고 있는지 확인함
※ 본 항목은 C-10 항목에서 확인한 일방향 전송 장비의 운용현황을 점검하는 항목으로 잘못된
운용으로 인한 분리된 네트워크의 외부 노출 가능성을 방지하기 위한 항목임","제어망으로부터 내부 업무망으로 정보 연계가 이루어지는 시스템
제어망으로부터 외부 업무망으로 제어망의 운전정보 등을 전송하는 설비 및 시스템",제어망의 운전정보를 업무망으로 일방향 전송하도록 설정한 것으로 확인되고 일방향 트래픽만 존재하는 경우,제어망의 운전정보를 업무망으로 양방향 전송하도록 설정되거나 양방향 트래픽이 확인되는 경우,"내·외부의 통신선로에 대한 물리적 일방향 전송이 이루어지도록 조치하거나, 방화벽 등을 통한 일방향
접근통제 정책(Rule) 설정","현재 제어시스템 내 운영 서비스에 대한 정확한 파악이 안될 경우, 장애 발생 가능",,,515,516,2026
C-26,C-26,"제어 네트워크를 용도에 따라 세분화하고, 접근제어를 수행하여 제어시스템 운영에 필요한 네트워크, 시스템 간의 통신만 허용",제어시스템,제어시스템 > 4. 네트워크 접근통제,하,"제어시스템을 구성하는 서브넷(Subnet) 등의 방법으로 세분화(예시: 제어망을 종류별로 구분)하고 이에
따른 접근통제 여부 점검","제어시스템 및 운영조직의 규모에 따라 네트워크 내부를 계통 및 역할에 따라 세분화하여 이에 대한
접근통제를 강화하기 위함","단일 네트워크 내에 있는 모든 시스템, 기기에 대해 운영자의 임의 접근이 가능하거나 악성코드 감염에
따른 피해 확산의 위험이 존재함","※ 계통의 경우 에너지 생산 분야를 예로 들면, 터빈(가스, 스팀), 보일러, 전기(ECMS) 등의 각
제어시스템을 의미하며 PLC 등을 이용한 소규모 제어시스템(예시: 탈황‧탈질, 집진, 수처리 등)
각각을 뜻함
※ 역할의 경우 상기 계통을 효과적으로 운영하기 위해 구축하는 분석‧감시시스템, 패치 및 업데이트의
안정성을 확보하기 위한 시험‧평가시스템, 운전원의 교육을 위한 훈련 시스템 등을 의미",제어시스템을 구성하는 네트워크 전체,제어망 내부 네트워크를 세분화하여 구성하고 접근통제 규칙이 적용된 경우,제어망 내부 네트워크를 단일 구성한 경우,"제어망 내부 네트워크를 용도에 따라 세분화하여 구성하고 세분화된 네트워크 간에 접근통제 규칙을
방화벽, 스위치 등을 통해 설정","접근 정책 설정에 따라 일부 제어시스템, 설비 간의 오작동 발생 가능",,,517,518,2026
C-27,C-27,"제어시스템에 대해 네트워크 포트, USB 포트 등 외부 연결 접점에 대해 허가받은 사항을 제외하고 모두 물리적 또는 논리적으로 차단",제어시스템,제어시스템 > 5. 물리적 접근 통제,상,"제어시스템 구성요소에 존재하는 네트워크 포트, USB 포트 등 외부 연결접점에 대한 사용 통제(예시:
원천 차단 및 허가 시 접근) 여부 점검","제어시스템 구성요소의 사용하지 않는 포트에 대해 봉인 및 차단을 함으로써 제어시스템의 외부 접점을
통한 허가받지 않은 사용자의 제어시스템 무단 접근을 차단하기 위함","Ÿ 제어시스템의 네트워크 포트를 통해 악의적인 장비가 제어망에 접근하여 공격을 시도할 위험이 존재함
Ÿ 제어시스템의 USB 포트에 안전하지 않은 이동형 저장 매체 연결 시 악성코드 감염을 통해
제어시스템의 장애 또는 정지 등의 피해가 발생할 위험이 존재함
Ÿ 제어시스템 구성요소의 디버깅 포트를 통해 구성요소에 접근하여 펌웨어 추출, 악성 펌웨어 삽입,
제어 명령 실행 등을 통해 제어시스템의 장애 또는 정지가 발생할 위험이 존재함","※ 외부 연결 접점 통제방안: 제어시스템 구성요소의 물리적으로 접근 가능한 모든 인터페이스에 대해
봉인장치 또는 일련번호가 있는 보안스티커를 활용하여 봉인하거나 해당 포트의 비활성화를 통해
논리적으로 차단 및 봉인 또는 차단된 인터페이스를 불가피하게 개폐하는 경우 정보보호 책임자의
승인을 획득하고 봉인장치 관리대장에 사용내역을 기록하여 관리하도록 권고",제어시스템 구성요소 전체,"사용하지 않는 네트워크 포트, USB 포트 등을 물리적 봉인장치 또는 일련번호가 있는 스티커로 봉인하거나 논리적으로 차단하는 경우","사용하지 않는 네트워크 포트, USB 포트 등을 물리적으로 봉인하지 않고 논리적으로도 차단하지 않은 경우","미사용 인터페이스(네트워크 포트, USB 포트 등)에 대해 물리적 차단 조치를 적용하거나 해당 기능을
논리적으로 차단하도록 설정",일반적인 경우 영향 없음,,,519,520,2026
C-28,C-28,"제어시스템 구성요소를 물리적으로 보호할 수 있는 조치 적용(잠금장치가 있는 함체, 랙, 수납 책상 등)",제어시스템,제어시스템 > 5. 물리적 접근 통제,중,"물리적으로 보호될 수 있는 잠금장치가 있는 함체, 랙, 수납 책상 등을 통한 제어시스템 구성요소 보호
여부 점검","제어시스템 구성요소가 물리적인 공격으로부터 보호하기 위해 인가되지 않은 물리적인 접근을 차단하고
있는지 확인하기 위함","제어시스템의 가용성을 방해하기 위한 여러 공격 중 하나로 제어기기에 대한 물리적인 손상이 있으며,
이를 통해 직접적인 가용성 방해 및 물리적 공격을 통한 내부정보 유출 등의 위험이 존재함","※ 본 점검항목은 제어시스템 구성요소의 물리적인 보호를 위한 기초적인 보호 조치로, 물리적인 보호
조치(함체, 랙, 수납 책상 등)에 대한 무단 해제 시도 시 이를 탐지할 수 있는 방법(CCTV 등)도
적용할 것을 권고",제어시스템 모든 구성요소,"제어시스템의 모든 구성요소가 잠금장치가 있는 함체, 랙, 수납 책상 등으로 보호되고 있는 경우",제어시스템의 모든 구성요소가 별도의 보호장치 없이 바로 접근이 가능한 경우,"별도의 보호장치 없이 노출된 제어시스템 구성요소에 잠금장치가 있는 함체, 랙, 수납 책상 등으로
인가되지 않은 물리적 접근이 불가능하도록 조치",일반적인 경우 영향 없음,,,521,521,2026
C-29,C-29,백신 프로그램 설치가 가능한 제어시스템 구성요소에 대해 악성코드 감염 및 차단을 위한 백신 프로그램 설치,제어시스템,제어시스템 > 6. 보안위협 탐지,상,백신 프로그램 설치가 가능한 제어시스템 구성요소에 백신 프로그램 설치 여부 확인,제어시스템을 악성코드 감염으로부터 보호하기 위한 백신 설치 여부를 확인하기 위함,"백신 프로그램이 설치되지 않은 경우, 악성 바이러스로 인한 제어시스템 장애, 정지 등의 발생 위험이 존재함","※ 바이러스 : 프로그램을 통해 감염되는 악성 소프트웨어
※ 웜 : 자체 복제하고 네트워크를 통해 스스로 감염되는 악성 소프트웨어
※ 트로이목마 : 겉보기에는 정상적인 프로그램으로 보이지만 악성 루틴이 숨어 있어 실행하면 악성코드를
실행하는 소프트웨어
※ 랜섬웨어 : 특정 파일을 암호화하여 파일을 사용 불가능한 상태로 만들어 복구를 위해 돈을 요구하는
악성 소프트웨어","제어시스템 구성요소 중 정보시스템(서버, PC 등)과 같이 백신 프로그램 설치가 가능한 구성요소",백신 프로그램이 설치된 경우,백신 프로그램이 설치되지 않은 경우,제어시스템 제조사와 협의하여 안정성이 보장되는 백신 프로그램을 설치,일반적인 경우 영향 없음,,,522,523,2026
C-30,C-30,"이상 트래픽 발생 탐지 등 제어시스템 내의 보안 관리를 위해 적합한 침입탐지시스템 등을 구축 및 운용하고, 구축된 보안 솔루션 및 보안 장비에서 탐지한 보안 이벤트에 대해 모니터링 수행",제어시스템,제어시스템 > 6. 보안위협 탐지,하,"제어시스템 내에 침입탐지시스템 등의 보안 관리 방안 구축 및 구축된 보안 장비에서 탐지한 보안
이벤트에 대한 모니터링 수행 여부 점검","제어망 내 이상 트래픽 발생 등을 탐지하기 위해 침입탐지시스템 등을 구축하고 보안 이벤트를
모니터링하여 제어시스템을 안전하게 운용하기 위함","가용성을 중요시하는 제어시스템의 특성상 공격에 대한 적시 가능이 매우 중요하며 보안 이벤트에 대한
실시간 모니터링이 이루어지지 않고 있는 경우 사고 발생 시 이에 대한 탐지가 늦어 피해 파급 효과가
증대될 위험이 존재함","※ 오용(Misuse) 침입탐지시스템을 구축한 경우, 공격 패턴은 물론 충분한 양의 과거 공격 패턴을
적용하여 탐지 정책을 설정해야 함
※ 비정상행위(Anomaly) 침입탐지시스템을 구축한 경우, 도입 기관의 트래픽 패턴을 분석하여
정상행위 프로파일이 최적화되어 있어야 함",제어망 네트워크,"제어시스템 내에 침입탐지시스템이 구축되어 있고 이상 트래픽, 보안 이벤트 등에 대해 모니터링을 수행하는 경우","제어시스템 내에 이상 트래픽, 보안 이벤트 등에 대해 모니터링을 수행하지 않는 경우","제어망 전체에 대해 이상 트래픽 발생 등을 탐지할 수 있는 침입탐지시스템 등을 구축하고 보안
이벤트를 모니터링하도록 조치",일반적인 경우 영향 없음,,,524,524,2026
C-31,C-31,제어시스템 대상 사이버 위기대응 매뉴얼을 수립,제어시스템,제어시스템 > 7. 복구 대응,상,제어시스템 대상 사이버 침해사고 발생 시 대응을 위한 사이버 위기대응 매뉴얼 수립 여부 점검,"비상상황에 의한 피해 파급 효과가 큰 제어시스템의 사이버 위협, 침해사고 발생 시 신속한 원인 규명,
복구 등이 이루어질 수 있도록 하기 위함","사이버 위기대응 매뉴얼이 수립되지 않은 경우, 제어시스템에 사이버 침해사고 발생 시 신속한 복구 및
안정적인 운영이 어려울 수 있음","※ 본 점검항목은 사이버 침해사고 발생 시 대응을 위한 매뉴얼의 문서화 여부를 확인하는 항목으로
경보 단계별 조치사항, 사고대응 및 조치 절차, 사고신고 절차 등을 포함하고 신고 및 대응을 위한
유관 기관 연락처, 제어시스템 구성요소 제조사 및 협력업체 담당자 연락처 등이 포함되어야 함",제어시스템 전체 및 관련 운영조직,"제어시스템 운용환경에 맞는 사이버 위기대응 매뉴얼이 수립되었고, 해당 자료가 모두 최신으로 개정된 경우","제어시스템 운용환경에 맞는 사이버 위기대응 매뉴얼의 전부 또는 일부가 수립되지 않았거나, 해당 자료가 최신 시스템에 맞게 현행화(개정)되어 있지 않은 경우",제어시스템 환경에 맞는 사이버 위기대응 매뉴얼을 수립(문서화)하고 정기적 또는 주기적인 개정(현행화) 적용,일반적인 경우 영향 없음,,,525,526,2026
C-32,C-32,제어시스템 대상 사이버 위기대응 훈련을 정기적으로 시행,제어시스템,제어시스템 > 7. 복구 대응,상,"제어시스템 대상 사이버 침해사고 발생 시 체계적인 대응을 위한 정기적인 사이버 위기대응 훈련 시행
여부 점검","비상상황에 의한 피해 파급 효과가 큰 제어시스템의 사이버 위협, 침해사고 발생 시 신속한 원인 규명,
복구 등이 이루어질 수 있도록 하기 위함","사이버 위기대응 훈련이 시행되지 않은 경우, 제어시스템에 사이버 침해사고 발생 시 체계적인 대응 및
신속한 복구 작업이 어려울 수 있음","※ 본 점검항목은 사이버 침해사고 발생 시 대응을 위한 매뉴얼의 문서화 여부를 확인하는 항목으로
경보 단계별 조치사항, 사고대응 및 조치 절차, 사고신고 절차 등을 포함하고 신고 및 대응을 위한
유관 기관 연락처, 제어시스템 구성요소 제조사 및 협력업체 담당자 연락처 등이 포함되어야 함",제어시스템 관련 조직 및 운영인력 전체,제어시스템 관련 모든 인력에 대한 사이버 위기대응 훈련계획을 수립하고 정기적으로 시행한 경우,제어시스템 관련 일부 인력에 대해서만 사이버 위기대응 훈련을 시행하거나 수행하지 않은 경우,"제어시스템 관련 모든 인력에 대한 사이버 위기대응 훈련계획을 수립하고 정기적으로 훈련을
수행하도록 조치",일반적인 경우 영향 없음,,,527,527,2026
C-33,C-33,"제어시스템 침해사고 대응을 위한 제어시스템 설정, 중요 데이터 등을 백업 및 관리",제어시스템,제어시스템 > 7. 복구 대응,상,"제어시스템의 장애 및 사고 발생 시 복구에 활용하기 위한 제어시스템의 설정, 중요 데이터 등 백업 및
관리 여부 점검","제어시스템의 장애 발생 시 복구에 필요한 중요 데이터를 백업함으로써 제어시스템의 운영 연속성을
확보하기 위함","제어시스템 설정 및 중요 데이터의 백업이 관리되지 않은 경우, 제어시스템에 사이버 침해사고 발생 시
신속한 복구 및 지속적인 운영이 어려울 수 있음","※ 본 점검항목은 제어시스템 관련 데이터의 백업 및 관리 여부를 확인하는 항목으로 제어 I/O 포인트,
제어 로직, PC, 서버 관련 데이터, 설정 정보 등 제어시스템의 복구에 필요한 중요 정보를 백업하고
관리하는지 확인함",제어시스템 구성요소 전체,"제어시스템의 설정, 중요 데이터 등을 백업하여 관리하는 경우","제어시스템의 설정, 중요 데이터 등을 백업하지 않았거나 백업 데이터를 관리하지 않는 경우",제어시스템 구성요소의 설정 및 중요 데이터 등을 주기적으로 백업 및 관리하도록 조치,일반적인 경우 영향 없음,,,528,528,2026
C-34,C-34,"제어시스템의 장애 발생, 사이버 공격, 물리적 테러 등에 대한 비상계획 수립",제어시스템,제어시스템 > 7. 복구 대응,중,"제어시스템의 장애, 사이버 공격, 물리적 테러 등이 발생하는 경우에 대비한 비상계획 수립 여부 점검","제어시스템의 장애, 사이버 공격, 물리적 테러 등이 발생하는 경우, 계획된 대응방안에 따라 적절한
조치를 하여 제어시스템을 복구하고 사회, 경제적 파급 효과 및 피해를 최소화하기 위함","제어시스템의 장애 등이 발생하는 상황에서 비상계획에 따른 적절한 대응 및 조치가 이루어지지 않아
제어시스템의 운영이 불가능할 수 있고 이에 따른 경제적, 사회적 손실이 발생할 위험이 존재함","※ 본 점검항목은 제어시스템의 각종 장애 발생, 사이버 공격, 물리적 테러, 환경 재해 등의 모든
비상상황에 대비한 재난관리체계, 재난대응절차, 프로세스 및 장애의 종류에 따른 대응방안과
행동요령을 포함하는 것으로 이중 사이버 공격에 대한 대응은 C-16 항목에서 점검하고 있음",제어시스템 전체 및 관련 운영조직,"제어시스템 장애 발생, 사이버 공격, 물리적 테러 등에 대한 비상계획이 수립되었고, 해당 자료가 모두 최신으로 개정된 경우","제어시스템 장애 발생, 사이버 공격, 물리적 테러 등에 대한 비상계획이 수립되지 않았거나 해당 자료가 최신이 아닌 경우","제어시스템 장애 발생, 사이버 공격, 물리적 테러 등에 대한 비상계획을 모두 수립(문서화)하고 정기적
또는 주기적으로 개정하도록 조치",일반적인 경우 영향 없음,,,529,529,2026
C-35,C-35,"제어시스템의 장애 발생, 사이버 공격, 물리적 테러 등에 대한 비상계획 훈련을 정기적으로 시행",제어시스템,제어시스템 > 7. 복구 대응,중,"제어시스템의 장애 발생, 사이버 공격, 물리적 테러 등에 대비한 정기적인 비상계획 훈련 실시 여부 점검","제어시스템의 장애 발생, 사이버 공격, 물리적 테러 등이 발생하는 경우 수립된 비상계획에 따라 신속한
복구 및 대응을 통해 사회, 경제적 파급 효과 및 피해를 최소화하기 위함","비상계획 훈련을 정기적으로 실시하지 않는 경우 제어시스템의 장애 등이 발생하는 상황에서 비상계획에
따른 적절한 대응 및 조치가 이루어지지 않아 제어시스템의 운영이 불가능할 수 있고 이에 따른 경제적,
사회적 손실 발생이 발생할 위험이 존재함","※ 본 점검항목은 제어시스템 장애 발생 시 대응 및 복구를 위한 훈련계획의 수립과 시행 여부를
확인하는 항목으로, 정기적인 훈련계획을 수립하여 정보보호 책임자가 승인하고 시행해야 함
※ 비상계획 훈련은 제어시스템 운전원, 제어시스템 관리자, 유지보수 인력, 전담 보안 인력 등
제어시스템 운영과 관련된 인력 전체를 훈련 참여 대상으로 함",제어시스템 관련 운영조직 전체,"제어시스템의 장애 발생, 사이버 공격, 물리적 테러 등에 대한 비상계획 훈련을 정기적으로 시행하는 경우","제어시스템의 장애 발생, 사이버 공격, 물리적 테러 등에 대한 비상계획 훈련을 정기적으로 시행하지 않는 경우","제어시스템 장애 발생, 사이버 공격, 물리적 테러 등에 대한 비상계획 훈련계획을 수립하고 계획에 따라
정기적으로 비상계획 훈련을 시행하도록 조치",일반적인 경우 영향 없음,,,530,530,2026
C-36,C-36,제어시스템 조작 불능에 대비하여 수작업 운전 매뉴얼 작성 및 교육 훈련 시행,제어시스템,제어시스템 > 7. 복구 대응,중,제어시스템의 조작 불능에 대비한 수작업 운전 매뉴얼 작성 및 이에 대한 교육 훈련 시행 여부 점검,"제어시스템 조작에 문제가 발생하는 경우에 대비한 수작업 운전 매뉴얼을 구비하고 정기적으로 교육
훈련을 실시하여 제어시스템의 조작 불능 시에도 매뉴얼에 따라 제어시스템 가용성을 확보하기 위함","수작업 운전 매뉴얼이 없는 경우 제어시스템의 조작 불능 상황 발생 시 적절한 대응 및 조치가
이루어지지 않아 제어시스템의 지속적인 운영이 불가능할 수 있음","※ 본 점검항목은 제어시스템의 조작 불능에 대비한 수작업 운전 매뉴얼 작성 및 이에 대한 정기적인
교육을 실시하는지 확인하는 것으로, 수작업 운전 매뉴얼은 장애 등으로 인해 제어시스템의 자동
제어가 불가능한 경우 수작업 전환에 대비하여 작성 사이버 위기대응 훈련 또는 비상계획 훈련에서
수작업 운전 훈련을 병행하는 경우 이를 수작업 운전 훈련으로 간주함",제어시스템 전체 및 관련 운영조직,제어시스템 조작 불능에 대비한 수작업 운전 매뉴얼을 작성하고 정기적으로 수작업 운전 교육 훈련을 시행하는 경우,제어시스템 조작 불능에 대비한 수작업 운전 매뉴얼을 작성하지 않았거나 정기적으로 수작업 운전 교육 훈련을 시행하지 않는 경우,"제어시스템 조작 불능에 대비한 수작업 운전 매뉴얼을 작성하고 정기적으로 수작업 운전 교육 훈련을
시행하도록 조치",일반적인 경우 영향 없음,,,531,531,2026
C-37,C-37,제어시스템의 각종 이벤트에 대한 로그를 관리하기 위한 중앙집중식 로그관리 수행,제어시스템,제어시스템 > 7. 복구 대응,하,제어시스템의 각종 이벤트를 관리할 수 있는 중앙집중식 로그관리 수행 여부 점검,"중앙집중식 로그관리를 통해 제어시스템의 사고 발생 상황 시 사고 원인 파악 및 분석에 활용하여 유사
사고를 방지하기 위함","로그가 중앙집중식으로 관리되지 않는 경우 침해사고 발생 시 원인 파악 및 대응책 마련에 시간이
소요되어 유사한 사고가 반복하여 발생할 위험이 존재함","※ 사고 발생 시 신속한 원인 분석을 위해 다음의 로그 정보 수집 및 중앙집중식 관리가 필요함
- 제어시스템 내 구성요소의 운영체제 이벤트 로그
- 네트워크 및 보안 장비 로그
- PLC, DCS 등의 제어 H/W와 EWS, HMI등의 제어를 위한 제어 S/W 관련 감사 로그
- 이상 트래픽 탐지, 백신, 미디어 통제 등의 보안 이벤트 로그",제어시스템 전체,중앙집중식 로그관리 체계를 구축하여 제어시스템의 로그를 관리하는 경우,중앙집중식 로그관리 체계를 구축하지 않은 경우,중앙집중식 로그관리 체계를 구축하여 제어시스템의 로그를 관리하도록 조치,일반적인 경우 영향 없음,,,532,532,2026
C-38,C-38,제어시스템 구성요소의 기준 형상을 설정하고 변경 및 업데이트 시 형상관리 수행,제어시스템,제어시스템 > 7. 복구 대응,하,"제어시스템 구성요소 각각의 기준 형상이 설정되어 있고 업데이트 또는 설정 변경이 발생하는 경우
형상관리 수행 여부 점검","제어시스템의 기준 형상을 설정하고 최신 형상을 지속적으로 관리하여 제어시스템의 장애, 고장 등이
발생하는 경우 복구에 활용하기 위함","형상관리가 이루어지지 않은 경우, 제어시스템의 재설정이 필요한 고장 또는 장애 발생 시 안정적인
제어시스템 운영이 되지 않을 수 있음","※ 형상관리는 제어시스템 모든 구성요소(PLC, DCS, OWS, 네트워크 스위치, SCADA 서버 등)의
하드웨어 및 소프트웨어(OS, 미들웨어, 응용프로그램 등) 변경, 소프트웨어 버전 변경, 설정 변경,
네트워크 변경, 제어시스템 구성 변경, IP/MAC 주소의 변경, 패치 및 업데이트 등의 각종
제어시스템 형상변경에 모두 적용되어야 함",제어시스템 구성요소 전체,제어시스템 구성요소의 기준 형상을 수립하고 업데이트 시 형상관리를 수행하는 경우,제어시스템 구성요소의 기준 형상이 없거나 업데이트 시 형상관리가 이루어지지 않는 경우,제어시스템 구성요소의 기준 형상을 수립하고 업데이트 시 형상관리를 수행하도록 조치,일반적인 경우 영향 없음,,,533,534,2026
C-39,C-39,제어시스템 주요 장비 및 제어 네트워크 장비에 대해 이중화,제어시스템,제어시스템 > 7. 복구 대응,하,제어시스템의 주요 장비 및 제어 네트워크 장비의 이중화 여부 점검,"제어시스템의 주요 장비를 이중화하여 하나의 구성요소에서 장애가 발생하는 경우에도 제어시스템을
지속적으로 운용하기 위함","주요 장비가 이중화되어 있지 않은 경우, 해당 장비에 문제가 발생하면 제어시스템의 가용성에 문제가
발생할 위험이 존재함","※ 본 점검항목은 제어시스템의 주요 장비 및 제어 네트워크 장비의 이중화를 확인하는 항목으로
제어시스템의 주요 장비는 제어를 위한 SCADA 서버, 컨트롤러 기능을 하는 DCS, PLC 등의 제어
H/W, 운영을 위한 HMI 등 핵심 운영과 관련된 장비를 기준으로 하여 선정함",제어시스템의 주요 장비 및 제어 네트워크 장비,제어시스템의 주요 장비 및 제어 네트워크 장비에 대해 이중화되어 있는 경우,제어시스템의 주요 장비 및 제어 네트워크 장비에 대해 이중화되어 있지 않은 경우,제어시스템의 주요 장비 및 제어 네트워크 장비에 대해 이중화하도록 조치,일반적인 경우 영향 없음,,,535,535,2026
C-40,C-40,제어시스템 보호를 위한 화재탐지 설비 및 화재 진압설비를 구비,제어시스템,제어시스템 > 7. 복구 대응,하,제어시스템을 보호하기 위한 화재탐지 설비 및 화재 진압설비 구비 여부 점검,"제어시스템 설치 장소에 화재가 발생하는 경우 신속한 탐지 및 진압을 통해 운용 지속성 및 가용성을
확보하기 위함",화재탐지 및 진압이 신속히 되지 않는 경우 제어시스템의 운영 장애가 발생할 위험이 존재함,-,제어시스템 설치 장소 전체,제어시스템 설치장소에 화재탐지 및 화재 진압설비가 구축된 경우,제어시스템 설치장소에 화재탐지 및 화재 진압설비가 구축되지 않은 경우,제어시스템 설치장소에 화재탐지 및 화재 진압설비 설치,일반적인 경우 영향 없음,,,536,536,2026
C-41,C-41,제어시스템 보호를 위한 누수탐지 설비 및 침수 대응 장비 구비,제어시스템,제어시스템 > 7. 복구 대응,하,제어시스템을 보호하기 위한 누수탐지 설비 및 침수 대응 장비 구비 여부 점검,제어시스템 설치장소에 누수 발생 시 신속한 탐지 및 대응을 통해 운용 지속성 및 가용성을 확보하기 위함,누수탐지 및 대응이 신속히 되지 않는 경우 제어시스템의 침수 등에 의해 운영 장애가 발생할 위험이 존재함,-,제어시스템 설치장소 전체,제어시스템 설치장소에 누수탐지 및 침수 대응 장비가 구축된 경우,제어시스템 설치장소에 누수탐지 및 침수 대응 장비가 구축되지 않은 경우,제어시스템 설치장소에 누수탐지 및 침수 대응 장비 구비,일반적인 경우 영향 없음,,,537,537,2026
C-42,C-42,"제어시스템에 대하여 정기적으로 사이버 위험 시나리오를 식별하고, 완화방안 수립",제어시스템,제어시스템 > 7. 복구 대응,하,제어시스템의 사이버 위험 시나리오 정기적 식별 및 이를 완화하기 위한 대책 수립 여부 점검,"제어시스템에 대한 새로운 사이버 위험 시나리오를 정기적으로 식별하고 완화방안을 수립하여 매년
증가하고 있는 제어시스템 대상의 사이버 위협에 대응하기 위함","제어시스템에 대한 최신 공격 기법에 대한 완화방안을 적용하지 않은 경우, 최신 사이버 공격 및 위협에
취약할 수 있음","※ 제어시스템 사이버 공격 기법: 제어시스템이 점차 발전하고 고도화됨에 따라 다양한 기기들과의
연결접점이 증가하고 제어시스템 구성요소들의 취약점이 지속적으로 공개됨에 따라 사회적인 파급
효과가 큰 제어시스템을 대상으로 하는 공격은 점차 증가하고 있음",제어시스템 전체,제어시스템의 사이버 위험 시나리오를 정기적으로 식별하고 완화방안을 수립한 경우,제어시스템의 사이버 위험 시나리오 및 완화방안을 정기적으로 수립하지 않는 경우,제어시스템의 사이버 위험 시나리오를 정기적으로 식별하고 완화방안을 수립하도록 조치,일반적인 경우 영향 없음,,,538,538,2026
C-43,C-43,"제어시스템 구성요소에 대한 자산정보(담당자, 제조사, 모델명, 펌웨어 버전, 설치 SW 등)를 항상 최신으로 유지관리",제어시스템,제어시스템 > 8. 보안 관리,상,"제어시스템 구성요소에 대한 자산정보(담당자, 제조사, 모델명, IP주소, 펌웨어 버전, 설치 SW 등)
문서화 및 최신 시스템 구성에 맞는 유지관리 실시 여부 점검","비상상황에 의한 피해 파급 효과가 큰 제어시스템의 사이버 위협, 침해사고 발생 시 신속한 원인 규명,
복구 등이 이루어질 수 있도록 하기 위함","제어시스템의 현황, 네트워크 구성 등이 현행화되지 않아 장애 및 시스템 장애 발생 시 신속한 복구 및
지속적인 운영이 어려울 수 있음","※ 본 점검항목은 자산정보의 문서화와 개정(현행화) 여부를 확인하는 항목이며, 제어시스템의 구성
변경 및 최신 보안위협 등에 따른 펌웨어 업데이트 등 자산의 변경이 발생할 때마다 해당 시점에서
개정 작업을 해야 함",제어시스템 전체 및 관련 운영조직,제어시스템 자산정보 자료가 존재하고 해당 자료가 모두 최신 제어시스템 구성요소 정보와 일치하는 경우,"제어시스템 자산정보 자료의 전부 또는 일부가 존재하지 않거나, 작성된 자료의 전부 또는 일부가 현행화(개정)되지 않은 경우",제어시스템 자산정보를 모두 문서화하고 정기적 또는 주기적으로 현행화(개정)하도록 조치,일반적인 경우 영향 없음,,,539,540,2026
C-44,C-44,제어시스템 중요 구성요소가 설치된 장소를 보호구역으로 설정,제어시스템,제어시스템 > 8. 복구 대응,상,"제어시스템 중요 구성요소가 설치된 장소(통제센터, 서버실, 기계실 등) 보호구역 설정 여부 점검","제어시스템 중요 구성요소가 설치된 구역을 보호구역으로 지정하여 허가받지 않은 사용자의
제어시스템에 대한 물리적 접근 경로를 차단하기 위함","허가받지 않은 사용자가 제어시스템 중요 구성요소에 접근할 수 있는 경우 물리적 접근을 통해 악성코드
설치, 제어시스템 오동작, 시스템 정지 등의 보안위협이 발생할 위험이 존재함","※ 통제구역은 출입문을 제외하고는 외부와 완전히 차단되어 출입통제장치를 통해 출입자 식별 및
인증을 수행하여 허가받은 사람만 출입하도록 관리해야 함
※ 본 항목은 P-15 항목과 중복되는 내용이 있으나 장애 발생 시 파급 효과가 큰 제어시스템의 운영
특성을 고려하여 제어시스템 설치장소를 대상으로 “상” 항목으로 점검",제어시스템 설치장소,제어시스템 구성요소가 설치된 장소가 모두 보호구역으로 설정된 경우,제어시스템 구성요소가 설치된 장소의 일부 또는 전체가 보호구역이 아닌 경우,제어시스템 구성요소가 설치된 장소를 보호구역으로 지정하도록 조치,일반적인 경우 영향 없음,,,541,541,2026
C-45,C-45,"제어시스템에서 USB 등 이동형 저장 매체를 사용해야 하는 경우, 사전 정의된 정책에 따라 사용",제어시스템,제어시스템 > 8. 보안 관리,상,"제어시스템에서 USB 등의 이동형 저장 매체를 사용해야 하는 경우, 사전에 정의된 정책에 따른 사용
여부 점검","제어시스템에 USB 등의 이동형 저장 매체를 사용해야 하는 경우 사전 승인절차 및 안전한 저장 매체만
연결하도록 하는 등의 통제 정책을 사용하여 악성코드 감염 등의 위협을 차단하기 위함","Ÿ 제어시스템에 안전하지 않은 USB 등의 이동형 저장 매체 연결 시 악성코드 감염이 이루어지고 이를
통해 제어시스템의 장애 또는 정지 등의 피해가 발생할 위험이 존재함
Ÿ 위협 사례: 스턱스넷(Stuxnet)
- 이동형 저장 매체 자동실행 기능이 비활성화되어 있는 PC 환경에서 감염 및 전파를 하기 위해
MS10-046, CVE-2010-2568 등의 취약점(LNK 파일에 대한 윈도우 쉘 아이콘 처리자 취약점)을 이용
- 스턱스넷(Stuxnet)에 감염된 USB를 아직 감염되지 않은 PC에 연결하여 USB 내의 파일과
디렉터리를 검색하기 위해 브라우저 창이 열리는 순간 이동형 저장 매체상에 있는 DLL 파일을
실행하여 해당 PC 감염
[ 스턱스넷(Stuxnet)에 감염된 이동형 저장 매체(USB 메모리) 내의 디렉터리 목록 ]","※ 제어시스템 내 이동형 저장 매체 사용통제 정책
- USB 등의 이동형 저장 매체는 제어시스템에 연결이 불가하도록 조치하는 것이 원칙임
- 이동형 저장 매체의 사용이 불가피한 경우, 사전에 인가된 저장 매체를 활용하고 해당 저장 매체의
사용 승인절차와 안전조치(예시: 사용 전, 사용 후 악성코드 감염 여부 검사)가 적용되도록 하는
통제절차 필요","제어시스템을 구성하는 서버, PC 등 이동형 저장 매체가 연결 가능한 시스템",이동형 저장 매체 통제 정책을 수립하고 이동형 저장 매체 사용 시 수립된 정책에 따르는 경우,이동형 저장 매체 통제 정책을 수립하지 않았거나 이동형 저장 매체 사용 시 수립된 정책에 따르지 않는 경우,이동형 저장 매체에 대한 사용통제 정책을 수립하고 불가피한 경우 정책에 따라 사용하도록 조치,일반적인 경우 영향 없음,,,542,543,2026
C-46,C-46,"제어 네트워크에 연결되는 외부 정보통신기기 반‧출입 시 클린존 통과, 관리대장 작성 등 관리절차 마련",제어시스템,제어시스템 > 8. 복구 대응,상,"제어 네트워크에 연결되는 외부 정보통신기기의 반출·입 시 클린존 통과, 관리대장 작성 등의 관리절차
마련 여부 점검","제어 네트워크에 승인받은 안전한 정보통신기기만 반‧출입 되도록 하는 통제 정책을 적용하여 제어
네트워크에 통제되지 않은 기기의 접근을 차단하기 위함","안전하지 않은 외부 정보통신기기가 반출·입 되는 경우 네트워크 정보유출 또는 악성코드 감염의 가능성이
있으며 이를 통해 제어시스템의 사이버 공격, 장애 또는 정지 등의 피해가 발생할 위험이 존재함","※ 외부 정보통신기기는 제어 네트워크에 연결이 불가하도록 조치하는 것이 원칙이나 사용이 불가피한
경우에는 사전 사용 승인절차와 안전조치를 포함한 반출·입 절차(예시: 사용 전 악성코드 감염 여부
검사, 사용 후 민감한 정보 저장 여부 확인 등)를 통해 관리해야 함",제어 네트워크와 연결되는 모든 외부 정보통신기기,"외부 정보통신기기 반‧출입 시 클린존 통과, 반입 및 반출 장비에 대한 관리대장 작성 등의 관리절차를 수립하여 해당 절차에 따르는 경우",외부 정보통신기기 반‧출입을 위한 관리절차를 마련하지 않은 경우,"외부 정보통신기기 반·출입 시 클린존 통과, 반입 및 반출 장비에 대해 관리대장 작성 등의 관리절차를
수립하도록 조치",일반적인 경우 영향 없음,,,544,544,2026
C-47,C-47,"제어시스템의 특성을 반영한 정보보안 정책, 지침을 수립",제어시스템,제어시스템 > 8. 복구 대응,중,제어시스템의 특성을 반영한 정보보안 정책 및 지침 수립 여부 점검,"제어시스템에 특화된 정보보안 지침을 수립하여 제어시스템 보안 관리 주체를 지정하고, 제어시스템에
특화된 관리적·물리적·기술적 보안을 체계적으로 관리하기 위함","일반 IT시스템 중심의 보안 관리 이외에 제어시스템에 특화된 보안 관리 요소, 취약점 조치 등이
누락되어 운영인력의 부주의(Human Error) 또는 운영상의 취약점을 악용한 사이버 침해위협이 발생할
위험이 존재함","※ 제어시스템 특성
- EWS, OWS, Historian 등의 제어 S/W가 포함된 운영계층, PLC, DCS, RTU, IED 등의 제어
H/W로 구성되는 제어 계층, 액추에이터, 센서 등이 포함된 현장장치 계층으로 구성됨
- 제어시스템 보안의 경우 일반 IT시스템과 달리 가용성 측면이 가장 중요하게 고려되어야 함
- 제어시스템의 경우 각자 특화된 시스템 및 기기로 구성되고 일반적인 IT시스템의 보안 기능과
우선순위에 차이점이 있으므로 제어시스템을 위한 별도의 관리적, 기술적인 정책과 지침이 필요
[ 제어시스템 운영환경 ]",제어시스템 정보보안 정책 및 지침,제어시스템의 특성을 반영한 정보보안 정책 및 지침이 별도로 수립된 경우,제어시스템의 특성을 반영한 정보보안 정책 및 지침이 별도로 수립되지 않은 경우,제어시스템의 특성을 반영한 정보보안 정책 및 지침을 수립,일반적인 경우 영향 없음,,,545,546,2026
C-48,C-48,제어시스템 운영 업무에 대해 표준업무 절차서를 작성하고 적용,제어시스템,제어시스템 > 8. 복구 대응,중,제어시스템의 운영 업무에 대해 표준업무 절차서 작성 및 적용 여부 점검,"제어시스템의 운영 업무를 표준 절차에 따라 진행하여 운영자의 숙련도, 부주의나 실수에 따른 위험을
최소화하고 제어시스템의 안정적인 운영을 수행하기 위함","제어시스템 운영에 대한 표준업무절차가 문서화되지 않는 경우 숙련되지 않은 운영자의 부주의나
실수에 의해 제어시스템의 장애 또는 오동작이 발생할 위험이 존재함","※ 본 점검항목은 제어시스템의 조작 및 운영 업무절차의 문서화 여부를 확인하는 항목으로
제어시스템의 구성 변경, 정책에 따른 조직 및 업무절차 변경 등이 발생하는 경우 개정 작업이 필요함",제어시스템 관련 운영조직,"제어시스템 운영 업무에 대해 표준업무 절차서가 작성되었고, 해당 자료가 모두 최신으로 개정된 경우","제어시스템 운영 업무에 대해 표준업무 절차서의 전부 또는 일부가 작성되지 않았거나, 절차서의 전부 또는 일부가 현행화(개정)되어 있지 않은 경우",제어시스템 운영 업무에 대해 표준업무절차를 모두 문서화하고 정기적 또는 주기적으로 개정(현행화)하도록 조치,일반적인 경우 영향 없음,,,547,547,2026
C-49,C-49,제어시스템 유지보수를 위한 전용 장비(노트북 등)를 마련하고 관련 정책을 시행,제어시스템,제어시스템 > 8. 보안 관리,하,"제어시스템 유지보수를 위한 전용 장비(노트북, PC 등)를 마련하고 이를 안전하게 관리하기 위한 관련
정책 수립 및 시행 여부 점검",제어시스템 유지보수 사유로 외부에서 관리되지 않은 장비를 반입함으로써 발생하는 위협을 차단하기 위함,"외부에서 악성코드가 감염된 기기, 서버 및 노트북 등을 제어시스템 유지보수를 위해 연결하는 경우
제어시스템의 장애 및 오동작이 발생할 위험이 존재함","※ 제어시스템은 지정·관리하는 유지·관리용 전용 장비로만 유지보수를 수행하는 것을 원칙으로 하되
부득이한 사유로 유지보수 업체의 장비나 저장 매체를 활용하여 유지·관리를 수행하는 경우
반·출입 시 철저한 통제 및 보안 조치를 수행해야 함",제어시스템 관련 운영조직,제어시스템 구성요소의 유지보수 전용 장비를 별도로 마련하고 이를 안전하게 관리하기 위한 정책을 수립·시행하는 경우,제어시스템 구성요소의 유지보수 전용 장비를 별도로 마련하지 않았거나 유지보수용 장비를 안전하게 관리하기 위한 정책이 수립되지 않은 경우,"제어시스템 구성요소의 유지보수 전용 장비를 별도로 마련하고 이를 안전하게 관리하기 위한 정책을
수립하여 시행하도록 조치",일반적인 경우 영향 없음,,,548,548,2026
C-50,C-50,허가에 의한 로직 변경 정책 수립,제어시스템,제어시스템 > 8. 보안 관리,상,제어기기의 로직 변경에 대한 사전 검토 및 허가를 포함하는 로직 변경 정책 수립 및 이행 여부 점검,"내부자(현장 엔지니어, 유지보수 작업자)에 의해서 검증되지 않은 로직이 제어기기에 다운로드 시
발생할 수 있는 제어시스템 오동작 문제를 차단하고, 제어기기의 세밀한 형상관리를 통해 제어시스템의
안정성 및 운영 영속성을 보장하기 위함","Ÿ 제어기기 로직은 단일 제어기기는 물론 제어시스템 전체에 영향을 끼치므로 안전성이 검증되지 않은
로직의 오작동은 전체 제어시스템의 예기치 않은 동작을 유발할 위험이 존재함
Ÿ 제어기기 로직의 오류는 시스템의 중단을 일으키거나 제어 공정의 변경을 통해서 물리적 피해를
유발할 위험이 존재함
Ÿ 위협 사례: 2010년에 발견된 스턱스넷(stuxnet)은 이란의 나탄즈(Natanz) 원자력 시설을
공격하였으며, 일련의 단계를 거쳐 시설 내 제어기기(PLC)의 로직을 변경하였고, 이를 통해서
원심분리기의 속도를 비정상적으로 조절할 수 있었으며, 결국 일부 원심분리기의 물리적 파손을 유발함","※ 제어기기 로직: 프로그래머블 로직 컨트롤러(PLC), 분산 제어시스템(DCS) 컨트롤러 등의 동작을
제어하고 조정하기 위한 일련의 논리적 명령 집합이며, PLC 및 DCS 컨트롤러는 센서 및 입력
장치로부터 수신한 데이터를 처리하여 로직에 따라 출력을 발생하고 이를 통해 현장의
액추에이터를 동작하게 함
[ PLC 동작 구조 ]","PLC, DCS 컨트롤러 등 로직에 의해서 동작하는 제어시스템 구성요소 전체","로직 변경 정책이 수립되어 있고, 정책에 변경 로직에 대한 사전 검토 및 승인 후 변경하도록 절차가 마련되어 있으며, 절차를 정확히 이행하는 경우","로직 변경 정책이 수립되어 있지 않거나, 정책이 수립되어 있더라도 변경 로직에 대한 사전 검토 및 승인절차가 포함되어 있지 않거나, 정책이 바르게 수립되어 있더라도 시행하지 않고 있는 경우","로직 변경 시 변경할 로직에 대해서 사전 검토 및 승인 후 변경할 로직을 적용하는 절차가 포함된 로직
변경 정책을 수립하고 문서화하며, 수립된 정책에 명시된 절차에 따라 실제 변경을 수행하도록 관리",일반적인 경우 영향 없음,,,549,550,2026
C-51,C-51,"제어시스템 운전원, 관리자, 유지보수인력, 보안 인력에 대해 직무별 직무교육을 정기적으로 실시",제어시스템,제어시스템 > 9. 교육훈련,하,"제어시스템의 장애 발생, 사이버 공격, 물리적 테러 등에 대비한 정기적인 비상계획 훈련 실시 여부 점검","제어시스템의 장애 발생, 사이버 공격, 물리적 테러 등이 발생하는 경우 수립된 비상계획에 따라 신속한
복구 및 대응을 통해 사회, 경제적 파급 효과 및 피해를 최소화하기 위함","비상계획 훈련이 정기적으로 실시되지 않는 경우 제어시스템의 장애 등이 발생하는 상황에서
비상계획에 따른 적절한 대응 및 조치가 이루어지지 않아 제어시스템의 운영이 불가능할 수 있고 이에
따른 경제적, 사회적 손실이 발생할 위험이 존재함","※ 본 점검항목은 제어시스템 장애 발생 시 대응 및 복구를 위한 훈련계획의 수립과 시행 여부를
확인하는 항목으로, 정기적인 훈련계획을 수립하여 정보보호 책임자가 승인하고 시행해야 함
※ 비상계획 훈련은 제어시스템 운전원, 제어시스템 관리자, 유지보수 인력, 전담 보안 인력 등
제어시스템 운영과 관련된 인력 전체를 훈련 참여 대상으로 함",제어시스템 관련 운영조직 전체,"제어시스템의 장애 발생, 사이버 공격, 물리적 테러 등에 대한 비상계획 훈련을 정기적으로 시행하는 경우","제어시스템의 장애 발생, 사이버 공격, 물리적 테러 등에 대한 비상계획 훈련을 정기적으로 시행하지 않는 경우","제어시스템 장애 발생, 사이버 공격, 물리적 테러 등에 대한 비상계획 훈련계획을 수립하고 계획에 따라
정기적으로 비상계획 훈련을 시행하도록 조치",일반적인 경우 영향 없음,,,551,554,2026
PC-01,PC-01,비밀번호의 주기적 변경,PC,PC > 1. 계정 관리,상,최대 암호 사용 기간이 “90일” 이하 설정 여부 점검,"비밀번호를 주기적으로 변경하여 비밀번호 크래킹의 가능성을 낮추고, 불법으로 획득한 비밀번호의 무단
사용을 방지하기 위함","동일한 비밀번호를 변경하지 않고 오랫동안 사용할 경우 유출이나 무차별 대입 공격에 당할 가능성이
크고 이전에 사용하던 비밀번호를 재사용한다면 비밀번호 추측 공격으로 계정을 탈취당할 위험이 존재함",-,"Windows 10, Windows 11",최대 암호 사용 기간이 “90일” 이하로 설정된 경우,최대 암호 사용 기간이 “제한 없음”이거나 “90일을”을 초과하여 설정된 경우,"※ 최대 암호 사용 기간 “90일” 설정
※ 최소 암호 사용 기간 “1일” 설정
※ 최근 암호 기억 설정 (권장: 24개의 비밀번호 기억)
※ 사용자가 새 비밀번호를 변경하기 전에 이를 유지해야 하는 일수를 결정. 비밀번호 변경 후 편의성
때문에 기존 비밀번호로 다시 설정하는 경우가 많으므로 최소 사용 기간을 설정
※ 이전 비밀번호를 다시 사용한다면 변경 주기가 의미가 없으므로 기존에 사용하던 비밀번호를
기억해서 사용하지 못하게 함",비밀번호 변경 시 기존 사용했던 비밀번호를 재사용할 수 없음,,,555,556,2026
PC-02,PC-02,비밀번호 관리정책 설정,PC,PC > 1. 계정 관리,상,비밀번호 설정 정책이 복잡성을 만족하는지 점검,"안전한 비밀번호 (*비밀번호 설정 기준 참고)를 사용함으로써 무차별 대입 공격, 사전공격 등 비밀번호
탈취 목적의 공격에 대해 대비하기 위함","주기적으로 보안 패치를 적용하지 않을 경우, 버전 취약점을 이용한 공격 또는 새로운 공격에 대한 침해
사고가 발생할 수 있는 위험이 존재함",-,"Windows 10, Windows 11",복잡성을 만족하는 비밀번호 정책이 설정된 경우,"비밀번호를 사용하지 않거나, 추측하기 쉬운 문자조합으로 이루어진 짧은 자릿수의 비밀번호를 설정된 경우",비밀번호 정책을 해당 기관의 보안 정책에 적합하게 설정,일반적인 경우 영향 없음,,,557,558,2026
PC-03,PC-03,복구 콘솔에서 자동 로그온을 금지하도록 설정,PC,PC > 1. 계정관리,중,Windows 복구 콘솔 자동 로그인 설정이 허용 여부 점검,"복구 콘솔 자동 로그온 허용을 “사용 안 함”으로 설정함으로써 비인가자의 복구 콘솔을 통한 관리자 권한
탈취 등의 위험을 방지하기 위함","Windows 복구 콘솔(Recovery Console) 자동 로그온 설정은 시스템 액세스 허가 전 Administrator
계정의 비밀번호 제공 여부를 결정하는 것으로 이 옵션을 사용하면 비인가자도 복구 콘솔을 이용해
관리자 권한으로 시스템에 자동으로 로그온할 수 있는 위험이 존재함","※ 복구 콘솔(Recovery Console): Windows 2000, Windows XP, Windows 서버 2003 운영
체제의 기능 가운데 하나로 Windows가 그래픽 사용자 인터페이스(GUI)가 나타날 때까지 시동이
되지 않는 상황에서 관리자들이 복구할 수 있게 하는 것이 주된 기능임. 이 콘솔을 통해 관리자들이
명령줄 인터페이스를 이용하여 제한된 영역의 작업을 수행할 수 있음","Windows 10, Windows 11",복구 콘솔 자동 로그온 허용이 “사용 안 함”으로 설정된 경우,복구 콘솔 자동 로그온 허용이 “사용”으로 설정된 경우,복구 콘솔 자동 로그온 허용 “사용 안 함”으로 설정,일반적인 경우 영향 없음,,,559,560,2026
PC-04,PC-04,공유 폴더 제거,PC,PC > 2. 서비스 관리,상,"기본 공유 폴더(C$, D$, Admin$), 미사용 공유 폴더가 존재하는지 점검하고 공유 폴더를 사용하는
경우 공유 폴더 접근 권한에 “Everyone”이 존재하거나 접근을 위한 비밀번호 설정 여부 점검","사용하지 않는 불필요한 공유 폴더를 해제하거나 불가피하게 사용하고 있는 공유 폴더의 경우
비밀번호를 설정하는 등의 조치를 통해 인가된 사용자만 접근할 수 있게 함으로써 무분별한 접근을
제한하기 위함","Ÿ 시스템 기본 공유 폴더의 경우 기본 드라이브를 개방해놓고 사용하는 것과 같은 위험이 존재함 (예시 :
실행 창 -> \\192.168.16.xxx\C$로 C 드라이브 접근 가능)
Ÿ 접근 권한이 Everyone으로 설정된 공유 폴더는 정보 유출 및 악성코드 유포의 접점이 될 수 있는
위험이 존재함",-,"Windows 10, Windows 11",불필요한 공유 폴더가 존재하지 않거나 공유 폴더에 접근 권한 및 비밀번호가 설정된 경우,불필요한 공유 폴더가 존재하거나 접근 권한 및 비밀번호 설정 없이 공유 폴더가 사용된 경우,"Ÿ 공유 폴더 불필요 시 삭제
Ÿ 공유 폴더 필요하면 적절한 접근 권한 부여 및 비밀번호 설정
Ÿ 조치 후 “AutoShareWks”값 변경으로 자동 공유 방지",일반적인 경우 영향 없음,,,561,565,2026
PC-05,PC-05,항목의 불필요한 서비스 제거,PC,PC > 2. 서비스 관리,상,사용하지 않는 서비스나 기본으로 설치되어 실행되고 있는 서비스 여부 점검,"사용하지 않는 서비스나 기본으로 설치된 서비스들을 제거하여 시스템 자원의 낭비를 막고 해당 서비스
포트를 통한 침입을 방지하기 위함","Ÿ 실질적 사용하지 않는 서비스들이 실행되어 시스템에 과부하가 발생하는 위험이 존재함
Ÿ 불필요한 서비스의 경우 사용자가 알지도 못한 서비스들이 실행되고 있는 경우가 대부분, 이 경우
해당 서비스가 이미 취약한 버전의 서비스인지도 인지하지 못하고 사용하는 위험이 존재함","※ 불필요한 서비스가 시스템에 디폴트로 설치되어 실행되는 경우 시스템 자원을 낭비하게 될 뿐만 아
니라, 이 서비스를 통해 악의적인 공격자가 침입할 수 있으므로 필요하지 않은 서비스는 중지시켜야
함
※ 시스템 관리자는 대상 시스템의 용도를 정확히 파악한 후 특별한 목적으로 사용하는 업무 관련
서비스를 제외한 다른 불필요한 서비스를 제거해야 함
※ OS 버전에 따라 ‘일반적으로 불필요한 서비스’ 목록에 나열된 서비스가 제공되지 않을 수 있음","Windows 10, Windows 11",일반적으로 불필요한 서비스(아래 목록 참조)가 중지된 경우,일반적으로 불필요한 서비스(아래 목록 참조)가 중지되지 않은 경우,불필요한 서비스 중지 설정,일반적인 경우 영향 없음,,,566,569,2026
PC-06,PC-06,비인가 상용 메신저 사용 금지,PC,PC > 2. 서비스 관리,상,사용자 PC에서 상용 메신저 사용 여부 점검,상용 메신저 차단을 통하여 메신저를 이용한 개인정보 및 내부 주요 정보 유출을 막기 위함,"일반 사용자 PC에서 메신저 차단을 하지 않을 경우, 메신저를 통해 주요 정보가 유출되거나, 악성코드가
유입될 위험이 존재함","※ 메신저(Messenger): 인터넷을 통해 실시간으로 대화를 나눌 수 있는 서비스.
※ 악성코드: 컴퓨터에 악영향을 끼칠 수 있는 모든 소프트웨어의 총칭
※ 상용 메신저: 네이트온, 카카오톡 PC 버전, Skype 같은 메신저 프로그램","Windows 10, Windows 11",Windows Messenger가 실행 중지된 상태이거나 상용 메신저가 설치되지 않은 경우,Windows Messenger가 실행 중이거나 상용 메신저가 설치된 경우,“Windows Messenger를 실행하지 않음” 설정 및 상용 메신저 삭제,일반적인 경우 영향 없음,,,570,570,2026
PC-07,PC-07,파일 시스템이 NTFS 포맷으로 설정,PC,PC > 2. 서비스 관리,중,하드 디스크의 파일 시스템이 NTFS를 사용 여부 점검,"보안성 기능이 없는 FAT32를 지양하고 사용 권한 및 암호화를 통해 특정 파일에 대한 특정 사용자의
액세스를 제한할 수 있는 NTFS를 사용하여 보안성을 강화하기 위함","FAT32 파일 시스템을 사용하는 경우, 사용자의 컴퓨터에 액세스하는 사람은 누구나 컴퓨터 안에 있는
파일을 읽을 수 있으므로, 중요 파일에 접근할 수 없는 비인가자가 주요 정보를 유출할 수 있는 위험이
존재함","※ 기존에 FAT 파일 시스템을 사용하다가 NTFS로 변환하기 위해서는 convert.exe 명령을 사용할 수
있지만, FAT 파일 시스템으로 운영 중 변환해야 하는 경우 기본 ACL이 적용되지 않으므로 가능한
초기 설치 시 NTFS 파일 시스템을 선택하는 것을 권장함
※ ACL: 프로세스가 시스템이나 파일에 읽기, 쓰기, 실행 등의 접근 여부를 허가하거나 거부하는 기능
※ NTFS, FAT32 파일 시스템 비교: FAT32에는 NTFS가 제공하는 보안 기능이 없으므로 컴퓨터에
FAT32 파티션 또는, 볼륨이 있는 경우 컴퓨터에 액세스 가능한 모든 사용자가 파일을 읽을 수
있으며 FAT32에는 크기 제한이 있음","Windows 10, Windows 11",모든 디스크 볼륨의 파일 시스템이 NTFS인 경우,모든 디스크 볼륨의 파일 시스템이 FAT32인 경우,모든 디스크 볼륨에 대해 파일 시스템 NTFS로 변경,일반적인 경우 영향 없음,,,571,572,2026
PC-08,PC-08,대상 시스템이 Windows 서버를 제외한 다른 OS로 멀티 부팅이 가능하지 않도록 설정,PC,PC > 2. 서비스 관리,중,사용자 PC에 하나의 OS 설치 여부 점검,"사용자 PC에서 멀티 부팅을 사용하는지를 점검하여 다른 OS를 이용한 주요 파일 시스템 접근을
차단하기 위함","멀티 부팅이 가능한 경우, 공격자는 해당 PC의 주요 OS 이외에 다른 OS로 부트하여 중요한 정보가
들어 있는 파일 시스템에 접근하여 주요 정보를 획득할 수 있는 위험이 존재함","※ 멀티 부팅(Multi booting, 다중 시동): 한 대의 PC에서 2개 이상의 OS를 설치하는 것을 말하며, PC
전원을 켤 때 시동할 OS를 선택할 수 있음. 멀티 부팅은 개발, 테스트 목적을 위해 여러 운영체제를
돌리려고 하는 소프트웨어 개발자들이 많이 사용하며, 한 대의 PC에 이러한 시스템을 갖춤으로써
하드웨어 비용을 크게 낮출 수 있을 뿐만 아니라 새로운 운영체제를 ""별도의 포맷, 다시 설치 과정
없이"" 사용할 수 있다는 장점이 있음","Windows 10, Windows 11",PC 내에 하나의 OS만 설치된 경우,PC 내에 2개 이상의 OS가 설치된 경우,하나의 OS만 설치하여 운영함,일반적인 경우 영향 없음,,,573,574,2026
PC-09,PC-09,브라우저 종료 시 임시 인터넷 파일 폴더의 내용을 삭제하도록 설정,PC,PC > 2. 서비스 관리,하,"브라우저 인터넷 옵션에 있는 고급 설정에 “브라우저를 닫을 때 임시 인터넷 파일 폴더 비우기” 기능
활성화 여부 점검","브라우저 사용 시 생성되는 임시 인터넷 파일 삭제를 통하여 웹 양식에 입력한 정보(예: 이름 및 주소),
자동 로그인을 위한 웹 사이트 비밀번호 정보 등을 삭제하여 개인정보의 보안을 향상하기 위함","임시 인터넷 파일 폴더 내용을 삭제하지 않을 경우, 다른 계정에 저장된 임시 인터넷 파일 폴더를 통해
이메일 주소, 웹 사이트 접근 기록 등의 개인정보를 획득할 수 있는 위험이 존재함","※ 임시 인터넷 파일: 웹페이지 방문 시 화면에 나타나는 웹페이지 파일이나 이미지, 플래시 등을 저장
파일","Windows 10, Windows 11","""브라우저를 닫을 때 임시 인터넷 파일 폴더 비우기” 설정이 “사용”으로 설정된 경우","""브라우저를 닫을 때 임시 인터넷 파일 폴더 비우기” 설정이 “미사용”으로 설정된 경우",하나의 OS만 설치하여 운영함,일반적인 경우 영향 없음,,,575,576,2026
PC-10,PC-10,주기적 보안 패치 및 벤더 권고사항 적용,PC,PC > 3. 패치 관리,상,시스템에 관련한 공개된 취약점에 대한 최신 보안패치를 적용하였는지 점검,공개된 취약점을 통한 침해사고 발생을 방지하기 위함,"HOT FIX 및 최신 보안패치 적용을 시키지 않을 경우, 이미 공개된 취약점을 통하여 비인가자의 시스템
접근 및 관리자 권한 획득이 가능해지는 위험이 존재함","※ Hot Fix: 즉시 교정되어야만 하는 주요한 취약점(주로 보안과 관련)을 패치를 하기 위해 배포되는
프로그램으로 서비스팩이 발표된 이후 패치가 추가될 필요가 있을 때 별도로 발표됨
※ 업데이트(Update): 문제를 예방 또는 해결하거나 컴퓨터 작동 방식을 향상하거나 컴퓨팅 경험을
향상할 수 있도록 추가되는 소프트웨어를 말함
※ https://learn.microsoft.com/ko-kr/windows/release-health/: Windows 버전 릴리즈
※ https://support.microsoft.com/ko-kr/help/14223/windows-xp-end-of-support:
Windows XP 지원 종료","Windows 10, Windows 11",HOT FIX 설치 및 자동 업데이트 설정이 되어 있고 내부적으로 관리 절차를 수립하여 이행한 경우,HOT FIX 설치되어 있지 않거나 내부적으로 관리 절차가 수립되지 않은 경우,Windows Update 사이트에 접속하여 최신 패치 존재 여부 확인 및 패치 적용,일반적인 경우 영향 없음,,,577,578,2026
PC-11,PC-11,지원이 종료되지 않은 Windows OS Build 적용,PC,PC > 3. 패치 관리,상,시스템에 최신 서비스팩이 적용 여부 점검,"최신 서비스팩이 적용되어 있는지 점검하여 시스템 취약점을 이용한 공격(익스플로잇)에 대비가
되어있는지 확인하기 위함","최신 서비스팩이 적용되지 않았을 경우 비인가자의 시스템 취약점을 이용한 공격(익스플로잇)에 노출될
수 있는 위험이 존재함","※ 서비스 팩: 운영체제 응용프로그램의 기능 추가 및 버그나 보안 취약점을 해결한 패치 파일을 단일
묶음으로 배포하는 패키지
※ 익스플로잇: 컴퓨터의 소프트웨어나 하드웨어 또는 컴퓨터 관련 전자 제품의 버그, 보안 취약점 등
설계상 결함을 이용해 공격자의 의도된 동작을 수행하도록 만들어진 프로그램","Windows 10, Windows 11",최신 빌드가 적용되어 있고 내부적으로 관리 절차를 수립하여 이행한 경우,최신 빌드가 적용되어 있지 않거나 내부적으로 관리 절차가 수립되지 않은 경우,Windows Update 사이트에 접속하여 최신 서비스팩 여부 확인 및 적용,일반적인 경우 영향 없음,,,579,579,2026
PC-12,PC-12,Windows 자동 로그인 점검,PC,PC > 4. 보안 관리,중,Windows 자동 로그인이 비활성화 여부 점검,Windows 자동 로그인이 비활성화되어 있는지 점검하여 비인가자의 로그인을 방지하고자 하기 위함,"Windows 자동 로그인이 활성화되어 있을 때 비인가자가 별도의 로그인 과정을 거치지 않고 계정에
자동으로 로그인할 수 있는 위험이 존재함",※ Windows 자동 로그인: 사용자 이름이나 비밀번호를 입력하지 않고 Windows에 로그인할 수 있음,"Windows 10, Windows 11",Windows 자동 로그인이 비활성화된 경우,Windows 자동 로그인이 활성화된 경우,Windows 자동 로그인 비활성화 설정,일반적인 경우 영향 없음,,,580,581,2026
PC-13,PC-13,바이러스 백신 프로그램 설치 및 주기적 업데이트,PC,PC > 4. 보안 관리,상,시스템에 백신이 설치되어 있고 백신이 주기적으로 자동 업데이트되는 설정 여부 점검,"시스템의 백신 설치 여부와 설치된 백신이 주기적으로 업데이트가 되는지 점검하여 악성코드(바이러스,
웜, 랜섬웨어, 스파이웨어 등) 감염에 대해 대비를 하고 있는지 확인하기 위함","백신이 설치되지 않았거나, 백신이 설치되었어도 주기적으로 최신 업데이트가 이루어지지 않았을 경우
악성코드(바이러스, 웜, 랜섬웨어, 스파이웨어 등)의 감염이 발생하여 시스템의 중요한 파일이나 폴더의
유출 및 삭제가 발생할 위험이 존재함","※ 바이러스(Virus): 바이러스는 자신을 복제하려는 명백한 의도를 갖고 만들어진 코드 사용을 통해
호스트 프로그램에 침투하여 컴퓨터 사이에서 확산을 시도함. 호스트가 실행되면 바이러스도 함께
실행되어 새로운 숙주를 감염시키는 등 시스템에 직접적인 피해를 줌. 이메일이나 다른
외부저장장치를 통해서 다른 PC들로도 전파가 가능하고 전염성이 매우 강해서 PC 내로 들어오면
다른 파일들까지 급속하게 감염시킴
※ 웜(Worm): 컴퓨터 바이러스의 하나로 컴퓨터 바이러스와 비슷하지만, 바이러스가 다른 실행
프로그램에 기생하여 실행되는 데 반해 웜은 독자적으로 실행되며, 다른 프로그램을 감염시키지
않고 자기 자신을 복제하면서 통신망 등을 통해 널리 퍼지는 부정 프로그램을 말함
※ 랜섬웨어: 사용자 파일을 암호화하여 접근을 제한하고 암호화된 파일을 복호화할 때 복호화 비용을
요구하는 악성 소프트웨어의 한 종류
※ 스파이웨어: 사용자의 동의 없이 설치되어 컴퓨터의 정보를 수집하고 전송하는 악성 소프트웨어","Windows 10, Windows 11","백신이 설치되어 있고, 최신 업데이트가 적용된 경우","백신이 설치되어 있지 않거나, 최신 업데이트가 적용되지 않은 경우",바이러스 백신 설치 및 최신 업데이트 적용,일반적인 경우 영향 없음,,,582,583,2026
PC-14,PC-14,바이러스 백신 프로그램에서 제공하는 실시간 감시 기능 활성화,PC,PC > 4. 보안 관리,상,시스템에 설치된 백신 프로그램의 환경 설정에 실시간 감시기능 적용 여부 점검,"사용자가 인터넷(이동식 저장 매체 포함)을 통해 파일을 다운로드하거나 다운로드 받은 파일을 실행할
경우 백신 프로그램이 악성코드 감염을 실시간으로 점검하고 있는지 확인하기 위함","백신 프로그램의 실시간 감시기능이 적용되어 있지 않을 경우, 악성코드에 대해 실시간 감지가
이루어지지 않아 시스템 사용자가 인터넷(이동식 저장 매체 포함)을 통한 파일 다운로드나 실행 시
악성코드가 감염될 위험이 존재함",-,"Windows 10, Windows 11",설치된 백신의 실시간 감시기능이 활성화된 경우,백신이 설치되어 있지 않거나 실시간 감시기능이 비활성화된 경우,바이러스 백신 실시간 감시 기능 설정,일반적인 경우 영향 없음,,,584,584,2026
PC-15,PC-15,OS에서 제공하는 침입차단 기능 활성화,PC,PC > 4. 보안 관리,상,시스템의 방화벽 기능이 활성화 여부 점검,"방화벽 기능 활성화 여부를 점검하여 시스템에서 외부망의 비인가 접근 및 외부망으로 통신을 시도하는
프로그램에 대해 통제하고 있는지 확인하기 위함","방화벽 기능이 비활성화되어 있으면, 외부 및 내부의 접근통제가 되지 않아 유해 정보가 유입되거나
시스템 사용자의 파일이나 폴더가 외부로 유출될 위험이 존재함","※ 방화벽: 인터넷 또는 외부 네트워크에서 유입되는 트래픽을 통제하는 솔루션으로써 외부의 불법
침입으로부터 내부의 정보 자산을 보호하고 외부로부터 유해 정보 유입을 차단하기 위한 정책과
이를 지원하는 하드웨어와 소프트웨어를 총칭함","Windows 10, Windows 11",Windows 방화벽 “사용”으로 설정된 경우 또는 유·무료 기타 방화벽을 사용한 경우,Windows 방화벽 “사용 안 함”으로 설정된 경우 또는 유·무료 기타 방화벽을 사용하지 않은 경우,Windows 방화벽 “사용”으로 설정 또는 유·무료 기타 방화벽을 사용,일반적인 경우 영향 없음,,,585,586,2026
PC-16,PC-16,화면보호기 대기 시간 설정 및 재시작 시 암호 보호 설정,PC,PC > 4. 보안 관리,상,화면보호기 대기 시간 및 화면보호기 재시작 시 비밀번호 설정 여부 점검,"사용자가 일정 시간 동안 아무런 작업을 수행하지 않을 경우, 자동으로 로그오프 되거나 워크스테이션이
잠기도록 하기 위함","화면보호기가 작동하지 않거나 재시작 시 비밀번호를 설정하지 않는다면, 사용자가 자리를 비운 사이
임의의 사용자가 해당 시스템에 접근하여 중요 정보를 유출하거나, 악의적인 행위를 통해 시스템 운영에
악영향을 미칠 수 있는 위험이 존재함","※ 악의적인 행위: 시스템 파일 또는 시스템 폴더 삭제, 응용프로그램 폴더 삭제 등","Windows 10, Windows 11",화면보호기 설정(대기 시간 10분 이하) 및 비밀번호로 보호가 설정된 경우,화면보호기 설정(대기 시간 10분 초과) 및 비밀번호로 보호가 설정되지 않은 경우,화면보호기 설정 및 비밀번호 보호 설정,일반적인 경우 영향 없음,,,587,588,2026
PC-17,PC-17,"CD, DVD, USB 메모리 등과 같은 미디어의 자동 실행 방지 등 이동식 미디어에 대한 보안대책 수립",PC,PC > 4. 보안 관리,상,이동식 미디어에 대한 보안대책 수립 여부 점검,"CD/DVD, USB 메모리 등과 같은 이동식 미디어를 USB port에 연결 시 자동 실행을 차단하기 위함","Ÿ CD/DVD, USB 메모리 등과 같은 이동식 미디어가 자동 실행되는 경우 미디어에 탑재된 “Autorun.i
nf” 파일을 통해 다른 응용 프로그램이 자동 실행될 수 있는 위험이 존재함
Ÿ 이동식 미디어가 사용될 때 읽기 기능을 통해 바이러스 감염이 생길 수 있고, 쓰기 기능을 통하여 주요
정보 유출이 발생할 수 있음","※ Autorun.inf 파일: 윈도우 운영 체제의 “AutoRun”, “AutoPlay” 기능에 사용되는 텍스트 파일.
미디어 장치의 루트 디렉터리에 위치하며, 미디어(CD/DVD, USB) 연결 시 특정 프로그램이
자동으로 실행되도록 제어함
※ 다른 응용 프로그램: 사용자에게 피해를 일으키는 특정 프로그램을 말하며, 대부분 USB 관련
악성코드들은 “autorun.inf” 파일을 통해 자동 실행되도록 제작됨","Windows 10, Windows 11",미디어 사용 시 자동 실행되지 않고 내부적으로 관리 절차를 수립하여 이행된 경우,미디어 사용 시 자동 실행되거나 내부적으로 관리 절차가 수립되지 않은 경우,미디어 자동 실행 방지 설정,일반적인 경우 영향 없음,,,589,590,2026
PC-18,PC-18,원격 지원을 금지하도록 정책이 설정,PC,PC > 4. 보안 관리,중,원격 지원을 사용하지 않도록 하는지 설정 여부 점검,원격 지원 기능을 비활성화하여 비인가자가 원격에서 접근을 방지하기 위함,"원격 지원 기능이 활성화되어 비인가자에게 원격에서의 접근이 허용될 경우, 시스템 제어 권한이 악용될
수 있는 위험이 존재함",-,"Windows 10, Windows 11",원격 지원이 “사용 안 함”으로 설정된 경우,원격 지원이 “사용”으로 설정된 경우,원격 지원 서비스 비활성화,원격 지원 기능 사용 불가,,,591,595,2026
D-01,D-01,"기본 계정의 비밀번호, 정책 등을 변경하여 사용",DBMS,DBMS > 1. 계정 관리,상,DBMS 기본 계정의 초기 비밀번호 및 권한 정책을 변경하여 사용하는지 점검,"DBMS 기본 계정의 초기 비밀번호 및 권한 정책 변경 사용 유무를 점검하여 비인가자의 초기 비밀번호
대입 공격을 차단하고 있는지 확인하기 위함","DBMS 기본 계정 초기 비밀번호 및 권한 정책을 변경하지 않을 경우 비인가자가 인터넷 통해 DBMS
기본 계정의 초기 비밀번호를 획득하여 초기 비밀번호를 그대로 사용하고 있는 DB에 접근하여 기본
계정에 부여된 권한의 취약점을 이용하여 DB 정보를 유출할 수 있는 위험이 존재함",※ 기본 계정: DB 설치 후 초기에 기본으로 생성되어있는 DBMS 관리용 계정(예 : sa),"Oracle DB, MSSQL, MySQL, Altibase, Tibero, PostgreSQL, Cubrid 등",기본 계정의 초기 비밀번호를 변경하거나 잠금설정한 경우,기본 계정의 초기 비밀번호 를 변경하지 않거나 잠금설정을 하지 않은 경우,기본(관리자) 계정의 초기 비밀번호 및 권한 정책 변경,불필요한 기본 계정의 사용 제한,,,596,599,2026
D-02,D-02,"데이터베이스의 불필요 계정을 제거하거나, 잠금설정 후 사용",DBMS,DBMS > 1. 계정 관리,상,DBMS에 존재하는 계정 중 DB 관리나 운용에 사용하지 않는 불필요한 계정이 존재하는지 점검,"불필요한 계정 존재 유무를 점검하여 불필요한 계정 정보(비밀번호)의 유출 시 발생할 수 있는
비인가자의 DB 접근에 대비되어 있는지 확인하기 위함","DB 관리나 운용에 사용하지 않는 불필요한 계정이 존재할 경우, 비인가자가 불필요한 계정을 이용하여
DB에 접근하여 데이터를 열람, 삭제, 수정할 위험이 존재함","※ 불필요한 계정: SCOTT, PM, ADAMS, CLARK 등의 Demonstration 계정 및 퇴사나 직무 변경
등으로 더 이상 사용하지 않는 계정","Oracle DB, MSSQL, MySQL, Altibase, Tibero, PostgreSQL, Cubrid 등",계정 정보를 확인하여 불필요한 계정이 없는 경우,"인가되지 않은 계정, 퇴직자 계정, 테스트 계정 등 불필요한 계정이 존재하는 경우",계정별 용도를 파악한 후 불필요한 계정 삭제,Demonstration 계정 / Object 사용 불가 / 삭제된 계정 사용 불가,,,600,602,2026
D-03,D-03,비밀번호 사용 기간 및 복잡도를 기관의 정책에 맞도록 설정,DBMS,DBMS > 1. 계정 관리,상,기관 정책에 맞게 비밀번호 사용 기간 및 복잡도 설정이 적용되어 있는지 점검,"비밀번호 사용 기간 및 복잡도 설정 유무를 점검하여 비인가자의 비밀번호 추측 공격(무차별 대입 공격,
사전 대입 공격 등)에 대한 대비가 되어있는지 확인하기 위함","비밀번호 사용 기간 및 복잡도 설정이 되어있지 않으면 비인가자가 비밀번호 추측 공격을 통해 획득한
계정의 비밀번호를 이용하여 DB에 접근할 수 있는 위험이 존재함","※ 무차별 대입 공격(Brute Force Attack): 특정 암호를 해독하기 위해 가능한 모든 값을 대입하는
공격 방법
※ 사전 대입 공격(Dictionary Attack): 사전에 있는 단어를 입력하여 비밀번호를 알아내거나 암호를
해독하는데 사용되는 컴퓨터 공격 방법","Oracle DB, MSSQL, MySQL, Altibase, Tibero, PostgreSQL 등",기관 정책에 맞게 비밀번호 사용 기간 및 복잡도 설정이 적용된 경우,기관 정책에 맞게 비밀번호 사용 기간 및 복잡도 설정이 적용되지 않은 경우,기관 정책에 맞게 비밀번호 사용 기간 및 복잡도 정책 설정,주기적인 비밀번호 변경 필요,,,603,607,2026
D-04,D-04,데이터베이스 관리자 권한을 꼭 필요한 계정 및 그룹에 대해서만 허용,DBMS,DBMS > 1. 계정 관리,상,관리자 권한이 필요한 계정 및 그룹에만 관리자 권한을 부여하였는지 점검,"관리자 권한이 필요한 계정과 그룹에만 관리자 권한을 부여하였는지 점검하여 관리자 권한의 남용을
방지하여 계정 유출로 인한 비인가자의 DB 접근 가능성을 최소화하고자 함","관리자 권한이 필요한 계정 및 그룹에만 관리자 권한을 부여하지 않으면 관리자 권한이 부여된 계정이
비인가자에게 유출될 경우 DB에 접근할 수 있는 위험이 존재함",-,"Oracle DB, MSSQL, MySQL, Altibase, Tibero, PostgreSQL, Cubrid 등",관리자 권한이 필요한 계정 및 그룹에만 관리자 권한이 부여된 경우,관리자 권한이 필요 없는 계정 및 그룹에 관리자 권한이 부여된 경우,관리자 권한이 필요한 계정 및 그룹에만 관리자 권한 부여,일반적인 경우 영향 없음,,,608,612,2026
D-05,D-05,비밀번호 재사용에 대한 제약 설정,DBMS,DBMS > 1. 계정 관리,중,비밀번호 변경 시 이전 비밀번호를 재사용할 수 없도록 비밀번호 제약 설정이 되어있는지 점검,"비밀번호 재사용 제약 설정 적용 여부를 점검하여 비밀번호 변경 시 이전 비밀번호 재사용을 제약하여
형식적인 비밀번호 변경을 원천적으로 차단하기 위함","비밀번호 재사용 제약 설정이 적용되어 있지 않을 경우 비밀번호 변경 전 사용했던 비밀번호를
재사용함으로써 비인가자의 계정 비밀번호 추측 공격에 대한 시간을 더 많이 허용하여 비밀번호 유출
위험이 증가함","※ 비밀번호 제약 설정: 비밀번호 변경 시 이전에 사용했던 비밀번호를 재사용할 수 없게 하는
설정으로써 이전 암호 재사용 가능 기간(PASSWORD_REUSE_TIME), 이전 암호 재사용 가능
횟수(PASSWORD_REUSE_MAX) 등이 있음","Oracle DB, Altibase, Tibero 등",비밀번호 재사용 제한 설정을 적용한 경우,비밀번호 재사용 제한 설정을 적용하지 않은 경우,"PASSWORD_REUSE_TIME, PASSWORD_REUSE_MAX 파라미터 설정",일반적인 경우 영향 없음,,,613,615,2026
D-06,D-06,DB 사용자 계정을 개별적으로 부여하여 사용,DBMS,DBMS > 1. 계정 관리,중,DB 접근 시 사용자별로 서로 다른 계정을 사용하여 접근하는지 점검,"사용자별 별도 DBMS 계정을 사용하여 DB에 접근하는지 점검하여 DB 계정 공유 사용으로 발생할 수
있는 로그 감사 추적 문제를 대비하고자 함","DB 계정을 공유하여 사용할 경우 비인가자의 DB 접근 발생 시 계정 공유 사용으로 인해 로그 감사
추적의 어려움이 발생할 위험이 존재함",-,"Oracle DB, MSSQL, MySQL, Altibase, Tibero, PostgreSQL 등",사용자별 계정을 사용하고 있는 경우,공용 계정을 사용하고 있는 경우,사용자별 계정 생성 및 권한 부여,일반적인 경우 영향 없음,,,616,618,2026
D-07,D-07,root 권한으로 서비스 구동 제한,DBMS,DBMS > 1. 계정 관리,중,서비스 구동 시 root 계정 또는 root 권한으로 구동되는지 점검,"root 권한을 제한적으로 사용함으로써 시스템의 손상, 데이터의 유출 및 변조 등을 차단하여 보안
위협을 방지하기 위함","root 권한으로 서비스를 구동할 경우 시스템 손상, 데이터 유출 및 변조, 감사 및 추적의 어려움 등으로
인해 서비스 공격의 표적이 될 위험이 존재함",-,"Oracle DB, MySQL, Altibase, Cubrid 등",DBMS가 root 계정 또는 root 권한이 아닌 별도의 계정 및 권한으로 구동되고 있는 경우,DBMS가 root 계정 또는 root 권한으로 구동되고 있는 경우,DBMS 구동 계정 변경,일반적인 경우 영향 없음,,,619,620,2026
D-08,D-08,안전한 암호화 알고리즘 사용,DBMS,DBMS > 1. 계정 관리,상,해시 알고리즘 SHA-256 이상의 암호화 알고리즘을 사용하는지 점검,"안전한 해시 알고리즘 사용으로 데이터의 기밀성 및 무결성을 보장하고, 사용자 인증을 강화하기 위함","SHA-1이나 MD5와 같은 오래된 알고리즘 사용 시 공격자의 무차별 대입 공격 등으로 비밀번호 유추가
가능하며, 데이터 변조 및 유출의 위험이 존재함",-,"Oracle DB, MSSQL, MySQL, Tibero, PostgreSQL 등",해시 알고리즘 SHA-256 이상의 암호화 알고리즘을 사용하고 있는 경우,해시 알고리즘 SHA-256 미만의 암호화 알고리즘을 사용하고 있는 경우,SHA-256 이상의 암호화 알고리즘 적용,일반적인 경우 영향 없음,,,621,624,2026
D-09,D-09,일정 횟수의 로그인 실패 시 이에 대한 잠금정책 설정,DBMS,DBMS > 1. 계정 관리,중,DBMS 설정 중 일정 횟수의 로그인 실패 시 계정 잠금 정책에 대한 설정이 되어있는지 점검,"일정 횟수의 로그인 실패 시 계정 잠금 정책을 설정하여 비인가자의 자동화된 무차별 대입 공격, 사전
대입 공격 등을 통한 사용자 계정 비밀번호 유출을 방지하기 위함","일정한 횟수의 로그인 실패 횟수를 설정하여 제한하지 않으면 자동화된 방법으로 계정 및 비밀번호를
획득하여 데이터베이스에 접근하여 정보가 유출될 위험이 존재함",-,"Oracle DB, Altibase, Tibero 등",로그인 시도 횟수를 제한하는 값을 설정한 경우,로그인 시도 횟수를 제한하는 값을 설정하지 않은 경우,로그인 시도 횟수 제한 값 설정,일반적인 경우 영향 없음,,,625,627,2026
D-10,D-10,원격에서 DB 서버로의 접속 제한,DBMS,DBMS > 2. 접근 관리,상,지정된 IP주소만 DB 서버에 접근 가능하도록 설정되어 있는지 점검,"지정된 IP주소만 DB 서버에 접근 가능하도록 설정되어 있는지 점검하여 비인가자의 DB 서버 접근을
원천적으로 차단하고자 함","DB 서버 접속 시 IP주소 제한이 적용되지 않은 경우 비인가자가 내·외부망 위치에 상관없이 DB 서버에
접근할 수 있는 위험이 존재함",-,"Windows OS, Oracle DB, MySQL, Altibase, Tibero, PostgreSQL 등",DB 서버에 지정된 IP주소에서만 접근 가능하도록 제한한 경우,DB 서버에 지정된 IP주소에서만 접근 가능하도록 제한하지 않은 경우,DB 서버에 대해 지정된 IP주소에서만 접근 가능하도록 설정,허용되지 않은 IP에서 접속 제한,,,628,632,2026
D-11,D-11,DBA 이외의 인가되지 않은 사용자가 시스템 테이블에 접근할 수 없도록 설정,DBMS,DBMS > 2. 접근 관리,상,시스템 테이블에 일반 사용자 계정이 접근할 수 없도록 설정되어 있는지 점검,"시스템 테이블의 일반 사용자 계정 접근 제한 설정 적용 여부를 점검하여 일반 사용자 계정 유출 시
발생할 수 있는 비인가자의 시스템 테이블 접근 위험을 차단하기 위함","시스템 테이블의 일반 사용자 계정 접근 제한 설정이 되어있지 않을 경우 Object, 사용자, 테이블 및 뷰,
작업 내역 등의 시스템 테이블에 저장된 정보가 누출될 수 있음",-,"Oracle DB, MSSQL, MySQL, Altibase, Tibero, PostgreSQL 등",시스템 테이블에 DBA만 접근 가능하도록 설정되어 있는 경우,시스템 테이블에 DBA 외 일반 사용자 계정이 접근 가능하도록 설정되어 있는 경우,시스템 테이블에 일반 사용자 계정이 접근할 수 없도록 설정,일반 계정으로 시스템 테이블 접근 불가,,,633,634,2026
D-12,D-12,안전한 리스너 비밀번호 설정 및 사용,DBMS,DBMS > 2. 접근 관리,상,오라클 데이터베이스 Listener의 비밀번호 설정 여부 점검,"Listener의 Owner는 DBA가 아니더라도 Listener를 shutdown 시키거나 DB 서버에 임의의 파일을
생성할 수 있으며, 원격에서 LSNRCTL 유틸리티를 사용하여 listener.ora 파일에 대한 변경이
가능하므로 Listener에 비밀번호를 설정하여 비인가자가 이를 수정하지 못하도록 하기 위함","Listener에 비밀번호가 설정되지 않았을 경우 DoS, 정보 획득, Listener 프로세스를 중지시킬 수 있는
위험이 존재함","※ 오라클 Listener: 클라이언트가 원격에서 오라클 DB에 접근할 때 접근 요청을 처리하기 위한 서버
쪽 프로세스, 혹은 네트워크 인터페이스를 말하며 TCP/1521 포트를 사용함
※ listener.ora: 오라클 서버에서 클라이언트의 요청을 듣고, 클라이언트와의 통신 환경을 설정하는
파일",Oracle DB,Listener의 비밀번호가 설정된 경우,Listener의 비밀번호가 설정되어 있지 않은 경우,Listener 비밀번호 설정,일반적인 경우 영향 없음,,,635,636,2026
D-13,D-13,불필요한 ODBC/OLE-DB 데이터 소스와 드라이브를 제거하여 사용,DBMS,DBMS > 2. 접근 관리,중,사용하지 않는 불필요한 ODBC/OLE-DB가 설치되어 있는지 점검,"불필요한 데이터 소스 및 드라이버를 제거함으로써 비인가자에 의한 데이터베이스 접속 및 자료 유출을
차단하기 위함","불필요한 ODBC/OLE-DB 데이터 소스를 통한 비인가자의 데이터베이스 접속 및 주요 정보유출에
대한 위험이 발생할 수 있음","※ 특정 샘플 응용 프로그램은 샘플 데이터베이스를 위해 ODBC 데이터 소스를 설치하거나 불필요한
ODBC/OLE-DB 데이터베이스 드라이브를 설치하므로 불필요한 데이터 소스나 드라이버는
ODBC 데이터 소스 관리자 도구를 이용해서 제거하는 것이 바람직함",Windows OS,불필요한 ODBC/OLE-DB가 설치되지 않은 경우,불필요한 ODBC/OLE-DB가 설치된 경우,불필요한 ODBC/OLE-DB 제거,일반적인 경우 영향 없음,,,637,638,2026
D-14,D-14,"데이터베이스의 주요 설정 파일, 비밀번호 파일 등과 같은 주요 파일들의 접근 권한이 적절하게 설정",DBMS,DBMS > 2. 접근 관리,중,"데이터베이스의 주요 파일들에 대해 관리자를 제외한 일반 사용자의 파일 수정 권한을 제거하였는지
점검","데이터베이스의 주요 파일에 관리자를 제외한 일반 사용자의 파일 수정 권한을 제거함으로써
비인가자에 의한 DBMS 주요 파일 변경이나 삭제를 방지하고 주요 정보 유출을 방지할 수 있음","데이터베이스 주요 파일에 비인가자가 접근하여 수정 및 삭제 시 데이터베이스 운영에 장애가 발생할 수
있으며 계정 비밀번호 정보 등 중요 정보의 유출 위험이 존재함","※ 데이터베이스의 주요 파일: orapw.ora, listener.ora,init<SID>.ora, redo 파일, 데이터베이스
설정 파일, 네트워크 설정 파일 등","Oracle DB, PostgreSQL, Cubrid 등",주요 설정 파일 및 디렉터리의 권한 설정 시 일반 사용자의 수정 권한을 제거한 경우,주요 설정 파일 및 디렉터리의 권한 설정 시 일반 사용자의 수정 권한을 제거하지 않은 경우,주요 설정 파일 및 디렉터리의 권한 설정 변경,일반적인 경우 영향 없음,,,639,641,2026
D-15,D-15,관리자 이외의 사용자가 오라클 리스너의 접속을 통해 리스너 로그 및 trace 파일에 대한 변경 제한,DBMS,DBMS > 2. 접근 관리,하,"Listener 관련 설정 파일의 접근 권한을 관리자만 가능하게 하고 Listener 파라미터의 변경 방지에
대한 옵션 설정 여부 점검","Listener 설정 파일 및 파라미터 변경 방지 옵션을 설정하여 비인가자의 Listener를 이용한 파라미터
변경을 방지하여 trace 파일 및 Listener 로그의 신뢰도를 유지하기 위함","비인가자가 Oracle의 LSNRCTL 유틸리티를 이용하여 Listener에 직접 접근할 경우, 명령어를 통해
Listener의 모든 파라미터를 변경할 수 있으며, 이로 인해 trace 파일이나 Listener 로그 파일을
변경할 위험이 존재함","※ trace 파일: 데이터베이스에 문제가 발생했을 시 문제를 진단하고 디버깅할 수 있도록 다양한
정보를 제공하는 파일",Oracle DB,"Listener 관련 설정 파일에 대한 권한이 관리자로 설정되어 있으며, Listener로 파라미터를 변경할 수 없게 옵션이 설정된 경우","Listener 관련 설정 파일에 대한 권한이 일반 사용자로 설정되어 있고, Listener로 파라미터를 변경할 수 없게 옵션이 설정되지 않은 경우",주요 파일 및 로그 파일에 대한 권한을 관리자로 제한,일반적인 경우 영향 없음,,,642,643,2026
D-16,D-16,Windows 인증 모드 사용,DBMS,DBMS > 2. 접근 관리,하,DB 로그인 시 Windows 인증 모드 적절성 점검,적절한 Windows 인증 모드를 적용하여 적합한 복잡성 수준을 유지하기 위함,"혼합 인증 모드를 사용하고 sa 계정이 활성화되어 있는 경우, 잘 알려진 sa 계정에 대한 계정 추측
공격의 위험이 존재함","※ 데이터베이스 엔진 인증 모드에는 Windows 인증 모드와 SQL Sever가 있는 혼합 모드 두 가지
구성이 있음. Windows 인증 모드 선택 시 SQL Sever 인증을 위해서 설치 프로그램은 sa라는
비활성화된 계정을 생성하고, 이 계정은 혼합 모드를 사용함으로써 활성화됨. sa 계정은 일반
사용자들에게 잘 알려진 만큼 쉽게 공격의 대상이 될 수 있으므로 꼭 필요하지 않은 경우
비활성화하고, 활성화해야 할 경우 강력한 암호 체계를 사용해야 함
※ Windows 인증은 kerberos 보안 프로토콜을 사용하며, 강력한 암호 정책을 적용하여 적합한
복잡성 수준을 유지함. 또한, 계정 잠금 및 암호만료를 지원하고 SQL 서버가 Windows에서
제공하는 자격 증명을 신뢰한 트러스트 연결을 사용하기 때문에 Windows 인증 모드 사용을
권고함
※ sa 계정: 데이터베이스 서버 설치 시 자동으로 생성되며 DB 서버 관리자 계정
※ kerberos 보안 프로토콜: 개방된 컴퓨터 네트워크 내에서 서비스 요구를 인증하기 위한 보안
시스템",MSSQL,Windows 인증 모드를 사용하고 sa 계정이 비활성화되어 있는 경우 sa 계정 활성화 시 강력한 암호 정책을 설정한 경우,"혼합 인증 모드를 사용하고, 활성화된 sa 계정에 대한 강력한 암호 정책 설정을 하지 않은 경우",Windows 인증 모드 사용,일반적인 경우 영향 없음,,,644,645,2026
D-17,D-17,Audit Table은 데이터베이스 관리자 계정으로 접근하도록 제한,DBMS,DBMS > 3.옵션 관리,하,Audit Table 접근 권한이 관리자 계정으로 제한되고 있는지 점검,"Audit Table 접근 권한을 관리자 계정으로 제한함으로써 비인가자가 감사 데이터의 수정, 삭제하는
것을 방지하고, 감사 기록의 무결성과 신뢰성을 보장하기 위함","Audit Table이 데이터베이스 관리자 계정에 속하지 않을 경우, 비인가자가 감사 데이터의 수정, 삭제
등을 수행할 수 있으므로 보안 사고 발생 시 원인 분석이 불가능하게 되며, 이로 인해 재발 방지를 위한
조치를 할 수 없으므로 동일 유형의 공격이 반복되거나 시스템 취약점의 악용이 반복될 위험이 존재함",-,"Oracle DB, Altibase, Tibero 등",Audit Table 접근 권한이 관리자 계정으로 설정한 경우,Audit Table 접근 권한이 일반 계정으로 설정한 경우,Audit Table 접근 권한을 관리자 계정으로 제한,일반적인 경우 영향 없음,,,646,647,2026
D-18,D-18,응용프로그램 또는 DBA 계정의 Role이 Public으로 설정되지 않도록 조정,DBMS,DBMS > 3. 옵션 관리,상,응용 프로그램 또는 DBA 계정의 Role이 Public으로 설정되어 있는지 점검,"응용 프로그램 또는 DBA 계정의 Role을 점검하여 일반 계정으로 응용 프로그램 테이블이나 DBA
테이블의 접근을 차단하기 위함","응용 프로그램 또는 DBA 계정의 Role이 Public으로 설정된 경우 일반 계정에서도 응용 프로그램
테이블 및 DBA 테이블로 접근할 수 있으므로 중요 정보 유출의 위험이 존재함",※ Role: 사용자에게 허가할 수 있는 권한들의 집합,"Oracle DB, Altibase, Tibero, Cubrid 등",DBA 계정의 Role이 Public으로 설정되지 않은 경우,DBA 계정의 Role이 Public으로 설정된 경우,DBA 계정의 Role 설정에서 Public 그룹 권한 취소,일반적인 경우 영향 없음,,,648,649,2026
D-19,D-19,"OS_ROLES, REMOTE_OS_AUTHENTICATION, REMOTE_OS_ROLES를 FALSE로 설정",DBMS,DBMS > 3. 옵션 관리,상,"OS_ROLES, REMOTE_OS_AUTHENTICATION, REMOTE_OS_ROLES가 FALSE로 설정이
적용되어 있는지 점검","OS_ROLES, REMOTE_OS_AUTHENTICATION, REMOTE_OS_ROLES의 설정을 점검하여
비인가자들의 데이터베이스 접근을 막고 데이터베이스 관리자에 의한 사용자 Role 설정이 가능하게
하기 위함","Ÿ OS_ROLES가 TRUE로 설정된 경우, 데이터베이스 접근 제어로 컨트롤되지 않는 OS 그룹에 의해
GRANT 된 권한이 허락되어 악의적인 사용자가 시스템 권한을 악용할 위험이 존재
Ÿ REMOTE_OS_ROLES가 TRUE로 설정된 경우, 원격 사용자가 OS의 다른 사용자로 속여
데이터베이스에 접근할 수 있으므로 중요 정보에 대한 무단 접근 및 권한 상승의 위험이 존재함
Ÿ REMOTE_OS_AUTHENT가 TRUE로 설정된 경우, 신뢰하는 원격 호스트에서 인증 절차 없이
데이터베이스에 접속할 수 있으므로 중요 정보의 유출 위험이 존재함","※ OS_ROLES: OS 그룹에 의한 사용자의 롤 부여를 가능하게 하도록 설정
※ REMOTE_OS_AUTHENT: 원격지의 OS 인증 허용 여부를 설정
※ REMOTE_OS_ROLES: OS가 원격 클라이언트에 대한 롤의 지정이 가능하도록 설정",Oracle DB,"OS_ROLES, REMOTE_OS_AUTHENTICATION, REMOTE_OS_ROLES 설정이 FALSE로 설정된 경우","OS_ROLES, REMOTE_OS_AUTHENTICATION, REMOTE_OS_ROLES 설정이 TRUE로 설정되지 않은 경우","OS_ROLES, REMOTE_OS_AUTHENTICATION, REMOTE_OS_ROLES 설정을 FALSE로 변경",일반적인 경우 영향 없음,,,650,651,2026
D-20,D-20,인가되지 않은 Object Owner의 제한,DBMS,DBMS > 3. 옵션 관리,하,Object Owner가 인가된 계정에게만 존재하는지 점검,"Object Owner가 비인가자에게 존재하고 있는 경우 중요 데이터에 대한 무단 접근이 가능하여
데이터의 일관성 및 무결성을 해치는 위험이 발생할 수 있으므로 비인가 된 계정의 Object Owner를
제한하여 내부 및 외부의 보안 위협을 최소화하기 위함","Object Owner는 SYS, SYSTEM과 같은 데이터베이스 관리자 계정과 응용 프로그램의 관리자
계정에만 존재하여야 하며, 일반 계정이 존재할 경우 공격자가 이를 이용하여 Object의 수정, 삭제가
가능하므로 중요 정보의 유출 및 변경의 위험이 존재함","※ Object(객체): ALTER, DELETE, EXECUTE, INDEX, INSERT, SELECT 등을 말함","Oracle DB, Altibase, Tibero, PostgreSQL 등","Object Owner가 SYS, SYSTEM, 관리자 계정 등으로 제한된 경우",Object Owner가 일반 사용자에게도 존재하는 경우,"Object Owner를 SYS, SYSTEM, 관리자 계정으로 제한 설정",일반적인 경우 영향 없음,,,652,653,2026
D-21,D-21,인가되지 않은 GRANT OPTION 사용 제한,DBMS,DBMS > 3. 옵션 관리,중,일반 사용자에게 GRANT OPTION이 ROLE에 의하여 부여되어 있는지 점검,"GRANT OPTION을 ROLE에 의해 설정하여 권한의 남용을 방지하고, 안정성을 확보하기 위함","일반 사용자에게 GRANT OPTION이 부여된 경우, 일반 사용자가 Object 소유자인 것과 같이 다른
일반 사용자에게 권한을 부여할 수 있어 권한의 무분별한 확산으로 인한 중요 정보의 유출 등의 위험이
존재함",-,"Oracle DB,  MySQL, Altibase, Tibero 등",WITH_GRANT_OPTION이 ROLE에 의하여 설정된 경우,WITH_GRANT_OPTION이 ROLE에 의하여 설정되지 않은 경우,WITH_GRANT_OPTION이 ROLE에 의하여 설정되도록 변경,일반적인 경우 영향 없음,,,654,655,2026
D-22,D-22,데이터베이스의 자원 제한 기능을 TRUE로 설정,DBMS,DBMS > 3. 옵션 관리,하,RESOURCE_LIMIT 값이 TRUE로 설정되어 있는지 점검,"RESOURCE_LIMIT 값을 TRUE로 설정하여 자원의 과도한 사용을 방지하여 데이터베이스의 안정성을
보장하고, 효율적인 자원 관리를 수행하기 위함","자원 제한 기능을 TRUE로 설정하지 않을 경우, 특정 사용자가 과도하게 많은 자원을 소비할 수 있으며
이로 인해 시스템에 과부하가 발생할 위험이 존재함",-,Oracle DB,RESOURCE_LIMIT 설정이 TRUE로 되어있는 경우,RESOURCE_LIMIT 설정이 FALSE로 되어있는 경우,RESOURCE_LIMIT 설정을 TRUE로 설정 변경,일반적인 경우 영향 없음,,,656,656,2026
D-23,D-23,xp_cmdshell 사용 제한,DBMS,DBMS > 3. 옵션 관리,상,xp_cmdshell의 사용 여부 점검,"불필요하게 활성화되어 있는 xp_cmdshell를 제한하여 공격자의 무단 접근 및 악성코드의 실행 위험을
감소시키기 위함","해킹 툴에서 자주 이용되고 있으며, 권한 상승이나 데이터 유출 등의 위험이 존재함",-,MSSQL,"xp_cmdshell이 비활성화 되어 있거나, 활성화 되어 있으면 다음의 조건을 모두 만족하는 경우 1. public의 실행(Execute) 권한이 부여되어 있지 않은 경우 2. 서비스 계정(애플리케이션 연동)에 sysadmin 권한이 부여되어 있지 않은 경우","xp_cmdshell이 활성화 되어 있고, 양호의 조건을 만족하지 않는 경우",xp_cmdshell 설정 값을 0 또는 False로 설정,xp_cmdshell을 사용하여 운영체제 명령을 실행하던 서비스 및 스크립트가 동작하지 않을 수 있음,,,657,660,2026
D-24,D-24,Registry Procedure 권한 제한,DBMS,DBMS > 3. 옵션 관리,상,Registry Procedure의 권한 설정 확인 및 점검,"불필요한 Registry Procedure의 권한 설정을 확인하고 제한하여 시스템의 보안 및 안정성을 강화하기
위함","불필요한 레지스트리 접근 권한이 제한되지 않는 경우, 공격자가 시스템을 변경하거나 악성
소프트웨어를 설치하여 권한 상승, 데이터 유출, 시스템 장애를 발생시킬 위험이 존재함",-,MSSQL,제한이 필요한 시스템 확장 저장 프로시저들이 DBA 외 guest/public에게 부여되지 않은 경우,제한이 필요한 시스템 확장 저장 프로시저들이 DBA 외 guest/public에게 부여된 경우,guest/public에게 부여된 시스템 확장 저장 프로시저 권한 제거,일반적인 경우 영향 없음,,,661,662,2026
D-25,D-25,주기적 보안 패치 및 벤더 권고 사항 적용,DBMS,DBMS > 4. 패치 관리,상,안전한 버전의 데이터베이스를 사용하고 있는지 점검,안전한 버전의 데이터베이스를 사용하여 알려진 보안 취약점으로 인한 공격을 차단하기 위함,"안전하지 않은 버전을 사용할 경우, 알려진 보안 취약점을 통해 시스템에 침투하거나 데이터의 탈취,
악성코드 감염 및 서비스 중단 등의 보안 사고를 초래할 위험이 존재함",-,"Oracle DB, MSSQL, MySQL, Altibase, Tibero, PostgreSQL, Cubrid 등",보안 패치가 적용된 버전을 사용하는 경우,보안 패치가 적용되지 않는 버전을 사용하는 경우,보안 패치가 적용된 버전으로 업데이트,기존 시스템 운영 등에 사용되던 시스템 구성 요소와 호환성 문제가 발생할 수 있음,,,663,665,2026
D-26,D-26,"데이터베이스의 접근, 변경, 삭제 등의 감사 기록이 기관의 감사 기록 정책에 적합하도록 설정",DBMS,DBMS > 4. 패치 관리,상,감사 기록 정책 설정이 기관 정책에 적합하게 설정되어 있는지 점검,"데이터, 로그, 응용 프로그램에 대한 감사 기록 정책을 수립하고 적용하여 데이터베이스에 문제 발생 시
원활하게 대응하기 위함","감사 기록 정책이 설정되어 있지 않을 경우, 데이터베이스에 문제 발생 시 원인을 규명할 수 있는 자료가
존재하지 않아 이에 대한 대처 및 개선방안 수립이 어려워 장기적으로 심각한 보안 위험이 존재함",-,"Oracle DB, MSSQL, Altibase, Tibero, PostgreSQL 등","DBMS의 감사 로그 저장 정책이 수립되어 있으며, 정책 설정이 적용된 경우","DBMS에 대한 감사 로그 저장을 하지 않거나, 정책 설정이 적용되지 않은 경우","DBMS에 대한 감사 로그 저장 정책 수립, 적용",일반적인 경우 영향 없음,,,666,671,2026
M-01,M-01,이동통신망 엣지 네트워크 운영 시 인터넷 연결 등을 고려한 보안기술을 적용,이동통신,이동통신> 1. 운영 관리,상,이동통신망 관리 네트워크에 보안기술을 사용한 안전 분리 운영 여부 점검,"이동통신망 종단에서 엣지 네트워크를 구성하여 인터넷과 통신할 경우, 5G 네트워크를 사용하는 단말
사용자의 트래픽 네트워크와 엣지 네트워크를 관리하는 네트워크를 최대한 안전한 보안기술을 사용하여
안전하게 분리하여 운영하기 위함","이동통신망 관리 네트워크에 보안기술이 적용되어 있지 않고 분리 운영하지 않으면 스니핑 공격 등으로
내부 정보 유출 위험이 존재함",※ 스니핑: 컴퓨터 네트워크상에 흘러 다니는 트래픽을 도청하는 행위,,,,,,"§ 엣지 네트워크의 서비스를 관리하기 위한 관리자 네트워크에 대한 접근 권한을 가진 사용자 수는 최소화하여
야 하며, 접근 권한은 1인 1계정 원칙을 준수하고, 접속자, 접근 권한, 접근 목적, 접근 일시 및 주기를 사전에 문
서로 정의해야 함
§ 엣지 네트워크에 접근하기 위해서 사용자는 Token을 포함한 다중 인증을 통해서만 접속을 허용해야 하며, 접
속 성공과 실패에 대한 모든 Log를 최소 1년 이상 저장되도록 설정해야 함
§ 관리 네트워크에서 단말 사용자의 트래픽 네트워크로의 접속은 어떠한 경로로도 접근이 불가능하도록 상호 네
트워크끼리의 연결 지점이 없어야 하며, 논리적 네트워크 분리, 상호 다른 네트워크 주소 체계 사용, 최대 비트
의 암호화, 엣지 내의 저장 장치 분리 및 디스크 암호화 등으로 추가적인 보호조치를 시행해야 함
§ 엣지 네트워크에 대한 관리자 계정으로 다수의 접근시도, 다수의 접근 실패, 브로드캐스팅 통신, 디스커버리
통신 등은 실시간으로 보안담당자에게 통보되고 검토되어야 함
§ 가능하다면 관리 네트워크에 대한 접근, 관리 네트워크 내에서의 작업, 관리 네트워크 내의 시스템 권한 및 활
동에 대한 가시성을 확보하여 이상징후를 탐지할 수 있는 시스템을 구축해야 함
§ 관리 네트워크에 대한 관리자와는 직무 분리가 명확한 보안담당자에 의해 주기적인 보안 검토와 감사를 시행
해야 함",,672,672,2026
M-02,M-02,"이동통신망에서 가상화 기술 적용 시 계정 관리, 이상징후 탐지 등 보안 설정 또는 기술 적용",이동통신,이동통신> 1. 운영 관리,상,"물리적 계층, 가상화 계층, 애플리케이션 계층 등의 수직적 계층에 적합한 보안기술 적용 여부 점검","물리적 계층, 가상화 계층, 애플리케이션 계층 등의 수직적 계층으로 구분될 시 각 계층에 적합한
보안기술이 적용되어 있어야 하며 서로 다른 보안 계층의 보안기술 조절을 위해 수직적 보안(Vertical
Security)을 고려하기 위함","각 계층에 적합한 보안기술이 적용되어 있지 않으면 관리자 권한 탈취, 데이터 유출 등의 위험이 존재함",-,,,,,,"§ 가상화 플랫폼에서 컨트롤 영역과 사용자 데이터 영역별로 제공하는 3GPP 표준의 필수적인 보안 설정을 최대
한 적용해야 함
§ 플랫폼에서 제공하는 사용자 계정 및 권한 관리의 보안 정책을 사전에 정의된 계층별 권한에 적합하도록 사용
자 또는 그룹별로 정의하여 부여해야 하며, 보안담당자는 필요에 따라 변경 절차를 모두 정의하고 적합하게 실
행되도록 구현해야 함
§ IAM 계정 관련해서 사전 정의된 변경 절차 이외의 변경 사항 발생 시, 알람 및 경고를 통해 보안담당자가 즉시
인지할 수 있는 기능을 설정 도입해야 하며, 해당 변경 내용이 로그를 통해 기록되도록 주기적으로 검토되도록
해야 함
§ SDN/NFV 등이 플랫폼에서 기본적으로 제공하는 IAM에 통합되어야 하며 기술적 여건으로 플랫폼에 통합되
지 않는 SDN/NFV 등은 로깅, 알림, 감사에 대한 기능을 추가로 적용하여 각 서비스 슬라이싱 별로 최소한의
보안성을 유지해야 함
§ 계층별 계층 침입 탐지, 권한 탈취 식별, 데이터 유출방지, 네트워크 슬라이싱 간 격리, 보호 및 모니터링, IoT
기기 접근통제, 비정상 행위 식별 등을 보안 관제 및 관리할 수 있어야 함",,673,673,2026
M-03,M-03,이동통신망 장비 및 SW 제조사 등과 보안 정책을 마련하여 운영,이동통신,이동통신> 1. 운영 관리,상,일정 수준의 보안 요구 수준 및 운영 계획과 수명주기를 반영하여 보안 정책 운영 여부 점검,"장비 도입 시점부터 SLA나 운영 방법, 개통이나 서비스 적용에 대한 상세 내역을 반영하여 운영 계획과
제품에 대한 수명주기를 반영하고 보안 수준을 유지하기 위함","운영 계획과 수명주기를 반영하지 않고 보안 요구 수준이 낮은 환경으로 서비스 운영 시 잠재적 보안
위협으로 인한 보안 사고 발생 위험이 존재함",-,,,,,,"§ 사용자 장치로부터 코어 네트워크까지의 종단 네트워크 경로에 대한 보안 수준이 유지되도록 네트워크 설계
프로세스의 일부로서 초기에 고려되어 최저 보안 기준을 수립해야 함
§ 장비를 도입하기 위한 네트워크 구축 디자인 시 전체 물리적인 도메인인 단말, 액세스 네트워크, 코어 네트워
크에 걸쳐 보안 수준이 일정 수준으로 유지되도록 서비스 레벨 정의서(Service Level Agreement : SLA)를 작성
해야 함
§ 장비 도입 시 필수적인 보안 항목과 보안 수준을 개선할 수 있는 구현 가능 항목을 포함하여 보안 표준안을 정
의하여야 하며, 개발 주기 동안 최신의 잠재적 위험을 개선할 수 있도록 피해 발생 회피와 피해 최소화를 고려
해야 함
§ 개발이 완료된 후 운영 환경에 적용하기 전에 보안 사전 테스트 및 검증을 통해 설계 시 예측하지 못한 운영상
의 취약점을 식별하고 대응해야 하며 이러한 운영 환경에 대한 위험성 검토 및 보안 개선 활동은 구축이 완료
된 이후에도 주기적으로 계획되고 실행되어야 함
§ 네트워크 접속 시 보안 요구 수준이 낮은 종단 사용자 단말기와 IoT 장비 등은 제3의 서비스 사업자가 사용하
는 API, IoT 운영 및 원격 관리에 대해서 추가적인 자동 보안 관제 장치 기술의 적용을 적극적으로 고려해야 함",,674,674,2026
M-04,M-04,이동통신망 장비 구축과 네트워크 설계 시 보안 내재화를 수행,이동통신,이동통신> 1. 운영 관리,상,보안담당자 지정 및 보안 업무 인력이 개통 운영 참여 여부 점검,"초기 장비 구축 전, 서비스 설계, 장비 선정, 아키텍처 구성, 디자인, 검토 심의 등 기타 모든 사항에 대한
생명 주기 전반에 대하여 초기부터 보안담당자를 지정하고, 지정된 인력이 개통부터 운영까지 참여해야
하며 관련 내용은 주기적으로 정보보호 책임자에게 보고 및 문서화 하여 보안 수준을 높이기 위함","보안담당자를 지정하지 않고, 보안 업무 인력이 개통 운영에 참여하지 않았을 경우 보안 요구 사항이
미흡하거나, 취약한 시스템 설계 등으로 전체적인 보안 수준이 저하되어 보안 사고 발생 위험이 존재함",-,,,,,,"§ 서비스 시작 전 도입 대상 장비가 국제표준의 보안 요건을 준수하는지 서비스 제공자와 사전 검토 및 확인이
필요함
§ 장비 구축 시 보안담당자 입회하에 진행되어야 하며, 담당자는 기존 디바이스 관점의 보안이 아닌 종단 간 보
안(End to End Security)의 관점으로 전 도메인에 대한 영향도를 분석해야 함
§ 기반시설을 위한 네트워크 아키텍처 설계 시 산업용 제어 네트워크, 내부 업무용 네트워크, 인터넷 접근이 가
능한 사용자 네트워크는 각각 분리된 개별 네트워크로 구성하거나 네트워크 슬라이싱 분리를 사용하여 각각
독립적으로 분리하여 구성해야 함
§ 엣지 네트워크에 대한 관리자 계정으로 다수의 접근시도, 다수의 접근 실패, 브로드 캐스팅 통신, 디스커버리
통신 등은 실시간으로 보안담당자에게 통보되고 검토되어야 함
§ 가능하다면 관리 네트워크에 대한 접근, 관리 네트워크 내에서의 작업, 관리 네트워크 내의 시스템 권한 및 활
동에 대한 가시성을 확보하여 이상징후를 탐지할 수 있는 시스템을 구축해야 함
§ 관리 네트워크에 대한 관리자와는 직무 분리가 명확한 보안담당자에 의해 주기적인 보안 검토와 감사를 시행
해야 함
Web Application(웹)
Chapter 10
1. 코드 인젝션·············································································································679
2. SQL 인젝션············································································································693
3. 디렉터리 인덱싱······································································································700
4. 에러 페이지 적용 미흡······························································································703
5. 정보 누출················································································································708
6. 크로스사이트 스크립팅·····························································································711
7. 크로스사이트 요청 위조(CSRF) ················································································715
8. SSRF(Server Side Request Forgery) ···································································719
9. 약한 비밀번호 정책··································································································726
10. 불충분한 인증 절차································································································729
11. 불충분한 권한 검증································································································733
12. 취약한 비밀번호 복구 절차·····················································································739
13. 프로세스 검증 누락································································································739
14. 악성 파일 업로드···································································································744
15. 파일 다운로드········································································································753
16. 불충분한 세션 관리································································································759
17. 데이터 평문 전송···································································································766
18. 쿠키 변조··············································································································769
Web Application(웹)
Chapter 10
19. 관리자 페이지 노출································································································775
20. 자동화 공격···········································································································777
21. 불필요한 Method 악용··························································································779
Web Application(웹) 취약점 분석 · 평가 항목
점검항목
항목
중요도
항목코드
코드 인젝션 (Code Injection)
상
CI
SQL 인젝션 (SQL Injection)
상
SI
디렉터리 인덱싱
상
DI
에러 페이지 적용 미흡
상
EP
정보 누출
상
IL
크로스사이트 스크립트
상
XS
크로스사이트 요청 위조(CSRF)
상
CF
서버사이드 요청 위조(SSRF)
상
SF
약한 비밀번호 정책
상
BF
불충분한 인증 절차
상
IA
불충분한 권한 검증
상
IN
취약한 비밀번호 복구 절차
상
PR
프로세스 검증 누락
상
PV
악성 파일 업로드
상
FU
파일 다운로드
상
FD
불충분한 세션 관리
상
IS
데이터 평문 전송
상
SN
쿠키 변조
상
CC
관리자 페이지 노출
상
AE
자동화 공격
상
AU
불필요한 Method 악용
상
WM",,675,678,2026
WA-01,CI,코드 인젝션 (Code Injection),Web Application(웹),Web Application(웹),상,"웹 애플리케이션 내 다양한 인젝션 공격(LDAP, 운영체제 명령 실행, SSI, XPATH, XML, SSTI 인젝션
등)에 대해 외부 입력값이 쿼리나 명령어로 삽입되어 비인가된 접근이나 코드 실행의 가능 유무 점검","허용되지 않은 코드 및 쿼리 실행을 방지하여 비인가된 접근, 데이터 유출, 시스템 변조, 악성 코드 실행
등의 위협을 차단하여, 데이터 보호와 시스템 안정성을 확보하기 위함","해당 취약점이 존재하는 경우 비인가된 데이터 접근으로 민감 정보가 탈취될 수 있으며, 시스템
명령어나 스크립트가 실행되어 서버 제어나 악성 코드 실행이 가능하고, 데이터 무결성이 훼손되어
정보의 신뢰성이 떨어지며, 서비스 거부 공격(DoS)으로 시스템 가용성이 저하될 수 있음. 따라서 ""|"",
"";"", ""`"", ""<"" 등의 특수 문자에 대한 필터링 구현과 함께 입력값 검증, 화이트리스트 적용 등의 추가적인
보안 조치가 필요함","※ LDAP 인젝션: 입력값이 LDAP(Lightweight Directory Access Protocol) 쿼리에 삽입되어
디렉터리 서비스 데이터에 대한 비인가된 조회, 수정, 삭제를 유발하는 공격
※ 운영체제 명령 실행: 입력값이 시스템 명령어로 실행되어 서버의 운영체제 명령을 비인가로
수행하거나 민감한 시스템 정보를 노출하는 공격
※ SSI 인젝션: 입력값이 서버 사이드 인클루드(Server Side Include) 명령어로 실행되어 웹
애플리케이션 서버에서 비인가된 스크립트 실행이나 파일 접근을 유발하는 공격
※ XPath 인젝션: 입력값이 XPath 쿼리에 삽입되어 XML 데이터의 비인가된 조회, 추가, 삭제를
유발하는 공격
※ XXE 인젝션: 입력값이 XML 문서나 쿼리에 삽입되어 XML 데이터에 대한 비인가된 접근, 외부
엔티티 참조(XML External Entities)를 통한 시스템 정보 유출을 유발하는 공격
※ SSTI 인젝션: 입력값이 서버 사이드 템플릿 엔진에 삽입되어 템플릿 렌더링 과정에서 비인가된 코드
실행이나 서버 내부 데이터 노출을 유발하는 공격
※ 소스코드 및 취약점 점검 필요","웹 애플리케이션 소스코드, 웹 방화벽","임의의 입력값에 대하여 철저한 검증이 이루어져, 허용되지 않은 값이 필터링되고 허용된 값만 처리되는 경우",임의의 입력값에 대하여 검증 없이 명령이 실행되는 경우,"화이트리스트 방식으로 쿼리를 허용된 값만 처리하고, 특수 문자에 대해 입력값 검증",일반적인 경우 영향 없음,,,679,692,2026
WA-02,SI,SQL 인젝션 (SQL Injection),Web Application(웹),Web Application(웹),상,웹 애플리케이션 내 입력값이 SQL 쿼리에 삽입되어 비인가된 데이터베이스 접근과 조작 가능 여부 점검,"웹 애플리케이션 내 SQL문으로 해석될 수 있는 입력값 허용을 차단하고 운영 중인 데이터베이스에 대한
비인가된 접근 및 조작을 방지하여, 데이터 무결성과 보안성을 확보하기 위함","해당 취약점이 존재하는 경우, 입력값이 SQL 쿼리에 삽입되어 데이터베이스에 비인가된 접근을
허용하며, 공격자는 민감 데이터의 조회, 수정, 삭제를 포함한 다양한 악의적인 행위가 가능하므로
입력값에 대한 특수문자 필터링을 구현해야함","※ SQL 인젝션: 사용자의 입력값으로 웹 사이트 SQL 쿼리가 완성되는 약점을 이용하여, 입력값을
변조해 비정상적인 SQL 쿼리를 조합하거나 실행하는 공격. 이는 개발자가 의도하지 않은 SQL문을
실행하게 하여 데이터베이스를 비정상적으로 조작하고, 민감한 데이터를 조회, 수정, 삭제할 수 있는
공격
※ SQL 인젝션 공격 관련 코드 검토 필요
※ 소스코드 및 취약점 점검 필요","웹 애플리케이션 소스코드, 웹 방화벽",임의로 작성된 SQL 쿼리 입력에 대한 적절한 검증을 통해 비정상적인 쿼리가 실행되지 않도록 하는 경우,임의로 작성된 SQL 쿼리 입력에 대한 검증이 이루어지지 않아 비정상적인 쿼리가 실행되는 경우,"소스코드 내 SQL 쿼리를 입력값으로 받는 함수나 코드를 사용할 경우, 임의의 SQL 쿼리 입력에 대한
검증 로직을 구현하여 서버에 검증되지 않는 SQL 쿼리요청 시 에러 페이지가 아닌 정상 페이지가
반환되도록 필터링 처리하고 웹방화벽에 SQL 인젝션 관련 룰셋을 적용하여 SQL 인젝션 공격을 차단함","웹 서비스에서 사용하고 있는 명령어 및 특수문자가 필터링 되어 장애가 발생 될 수 있어 사전 영향도 및
코드 분석이 필요",,,693,699,2026
WA-03,DI,디렉터리 인덱싱,Web Application(웹),Web Application(웹),상,웹 애플리케이션 서버 내 디렉터리 인덱싱 취약점 존재 여부 점검,"디렉터리 인덱싱 취약점을 제거하여 특정 디렉터리 내 불필요한 파일 정보의 노출 및 비인가자가 민감한
파일에 대한 접근을 차단","해당 취약점이 존재할 경우, 브라우저를 통해 특정 디렉터리 내 파일 리스트가 노출되어 응용 시스템의
구조가 외부에 공개될 수 있으며, 민감한 정보가 포함된 설정 파일 등이 노출될 경우 보안상 심각한
위험을 초래할 수 있음","※ 디렉터리 인덱싱 취약점: 특정 디렉터리의 초기 페이지(index.html, home.html, default.asp 등)
파일이 존재하지 않을 때 디렉터리 목록을 출력하는 취약점",웹 애플리케이션 서버,디렉터리 파일 리스트가 노출되지 않는 경우,디렉터리 파일 리스트가 노출되는 경우,웹 애플리케이션 서버 설정을 변경하여 디렉터리 파일 리스트가 노출되지 않도록 설정,일반적인 경우 영향 없음,,,700,702,2026
WA-04,EP,에러 페이지 적용 미흡,Web Application(웹),Web Application(웹),상,웹 애플리케이션 에러 페이지 내 불필요한 정보 노출 여부 점검,"사용자 정의 에러 페이지를 설정하여 기본 서버 에러 페이지 내 불필요한 정보(서버 버전 정보, 시스템
절대 경로, 스택 트레이스 등)의 제공을 차단하기 위함","에러 페이지 내 서버 및 응용 시스템의 상세한 정보를 포함한 경우, 시스템 구조와 스택 트레이스,
데이터베이스 쿼리 등 민감한 정보를 노출시켜 공격 벡터로 악용할 가능성 존재",※ 소스코드 및 취약점 점검 필요,"웹 애플리케이션 서버, 웹 방화벽",에러 발생 시 자체 정의 에러 페이지를 출력하여 과도한 정보가 노출되지 않는 경우,"에러 발생 시 기본 에러 페이지가 출력되며, 해당 페이지에 불필요한 정보(서버 버전 정보, 시스템 경로, 스택 트레이스 등)가 노출되는 경우",웹 애플리케이션 서버 내 사용자 정의 에러 페이지를 적용함으로써 불필요한 정보 노출을 방지,일반적인 경우 영향 없음,,,703,707,2026
WA-05,IL,정보 누출,Web Application(웹),Web Application(웹),상,"웹 애플리케이션 내 중요 정보(개인정보, 금융 정보 등) 및 불필요한 정보(주석 내 디버깅 정보, 초기
샘플페이지, 백업 파일 등)의 노출 여부 점검","웹 애플리케이션 내 중요 정보(개인정보, 금융 정보 등)에 대해 마스킹 처리를 하고, 서비스 제공 중
불필요한 정보(주석 내 디버깅 정보, 초기 샘플 페이지, 백업 파일 등)를 삭제하여 민감한 정보와 내부
시스템 정보의 노출을 차단하기 위함","웹 애플리케이션 운영 시 중요 정보(개인정보, 금융 정보 등)가 평문으로 노출될 경우, 개인정보 유출,
신원 도용, 피싱 공격 등의 위협이 발생할 수 있으며, 서버나 WAS의 초기 샘플 페이지, 백업 파일, 압축
파일 등이 노출될 경우, 공격자가 시스템 구조를 파악하고 보안 설정 및 접근 제어 정책을 유출하여 2차
공격에 활용할 수 있음","※ 중요 정보: 고유식별정보(주민등록번호), 비밀번호(로그인 비밀번호, 계좌 비밀번호, 공인인증서
비밀번호 등), 신용정보(보안카드번호, 카드번호 등) 등
※ 중요 정보 노출(일회성 노출)이 반드시 필요한 서비스의 경우 본인인증 절차 적용 시 예외 처리
※ 소스코드 및 취약점 점검 필요","웹 애플리케이션 소스코드, 웹 애플리케이션 서버","중요 정보가 마스킹 처리되어 있으며, 서비스 운영 및 서버 사이드의 구조를 파악할 수 있는 불필요한 정보가 노출되지 않는 경우","중요 정보가 평문으로 노출되거나, 서비스 운영 및 서버 사이드의 구조를 파악할 수 있는 과도한 정보가 노출되는 경우","중요 정보를 마스킹 처리하고, 샘플 페이지나 불필요한 정보를 제공하는 요소를 삭제하여 과도한 정보
노출을 최소화함으로써 민감 정보와 내부 시스템 구조의 노출을 방지함",일반적인 경우 영향 없음,,,708,710,2026
WA-06,XS,크로스사이트 스크립트,Web Application(웹),Web Application(웹),상,웹 애플리케이션 내 악성 스크립트가 다른 사용자의 브라우저에서 실행되는 취약점 존재 여부 점검,"사용자 입력값에 대한 검증을 실시하여, 사용자 세션 탈취, 악성 코드 삽입 등의 악의적인 스크립트
실행을 차단하기 위함","사용자 입력값에 대한 필터링이 할 경우, 공격자는 사용자 입력값 내 악의적인 스크립트(JavaScript,
VBScript, ActiveX, Flash 등)를 삽입하여 사용자의 쿠키(세션)를 탈취하거나 피싱 사이트로 유도하는
등의 악의적인 공격을 수행할 수 있음","※ 크로스사이트 스크립팅: 악의적인 스크립트를 웹 페이지에 삽입하여 사용자 세션 탈취, 키로깅, 피싱
공격 등을 유발하는 기법으로, 크게 저장형(Stored)과 반사형(Reflected), DOM 기반 공격
방식으로 나뉨
※ 소스코드 및 취약점 점검 필요","웹 애플리케이션 소스코드, 웹 방화벽","사용자 입력값에 대해 검증 및 필터링이 이루어져, 악의적인 스크립트가 실행되지 않는 경우","사용자 입력값에 대한 검증 및 필터링이 이루어지지 않으며, HTML 코드가 입력 및 실행되는 경우","특수문자에 대해 필터링 처리와 출력값 인코딩(HTML 엔티티, 이스케이프 등)을 적용하여 악성
스크립트 실행을 방지하며, 부득이하게 HTML 코드를 사용해야 하는 경우 화이트리스트 방식을 적용해
허용된 HTML 코드만 처리하도록 설정",일반적인 경우 영향 없음,,,711,714,2026
WA-07,CF,크로스사이트 요청 위조(CSRF),Web Application(웹),Web Application(웹),상,웹 애플리케이션 내 사용자의 인증 세션을 악용하여 의도하지 않은 위조 요청 가능 여부 점검,"사용자가 인증된 세션을 가진 상태에서 공격자가 의도한 위조 요청이 전송‧처리되지 않도록 하여
비정상적인 상태 변경을 방지하기 위함","CSRF 취약점이 존재할 경우, 공격자는 사용자가 로그인된 세션을 악용하여 인증정보 없이도 위조된
요청을 전송할 수 있음. 이로 인해 사용자의 의도와 무관하게 비밀번호 변경, 계좌 이체, 게시글 삭제,
개인정보 수정 등 권한 있는 사용자가 수행할 수 있는 행위가 공격자에 의해 실행될 수 있음","※ CSRF(Cross Site Request Forgery): 사용자가 자신의 의지와 무관하게 공격자가 의도한
행위(수정, 삭제, 등록 등)를 특정 웹사이트에 요청하게 하는 공격 유형으로, 사용자의 인증된 세션을
악용하여 비인가된 행위 수행 가능
※ 소스코드 및 취약점 점검 필요","웹 애플리케이션 소스코드, 웹 방화벽","중요한 요청(비밀번호 변경, 송금 등)에 대해 CSRF 방어 토큰이 적용되어 있으며, 토큰 검증이 정상적으로 수행되는 경우","중요한 요청에 대해 CSRF 토큰이 없거나, 토큰 검증을 수행하지 않아 인증된 사용자의 요청 위조가 가능한 경우","중요한 요청에는 CSRF 방어 토큰을 포함하고, 서버 측에서 해당 토큰의 유효성을 검증하도록 설정하며,
Referer/Origin 헤더 검증 및 SameSite 쿠키 옵션을 활용하여 불필요한 외부 도메인 요청이
차단되도록 구성",일반적인 경우 영향 없음,,,715,718,2026
WA-08,SF,서버사이드 요청 위조(SSRF),Web Application(웹),Web Application(웹),상,"입력값을 통해 외부에서 직접적인 접근이 제한된 내부 서버 자원에 접근하여 악의적인 요청을
처리하거나 중요 정보의 유출 여부 점검","입력값 검증을 통해 내부 서버 자원에 대한 비인가 접근을 차단하여 중요 정보(개인정보, 금융 정보 등)
탈취, 데이터 변조, 임의 명령 실행 등 악의적인 행위를 방지하기 위함","서버 간 통신 시 입력값에 대한 검증이 미흡할 경우, 외부에서 접근이 제한된 내부 서버 자원에 대한 정보
수집, 중요 정보(개인정보, 금융 정보, 인사 정보 등) 탈취, 임의 명령 실행, 클라우드 환경 내 메타데이터
수집을 통한 네트워크 인프라 장악이 가능함",※ 소스코드 및 취약점 점검 필요,"웹 애플리케이션 소스코드, 웹 애플리케이션 서버, 웹 방화벽, API 서버","외부 입력값이 화이트리스트 방식으로 검증되어, 허용된 URL 또는 IP 범위 내에서만 처리될 경우",외부 입력값이 검증이 이루어지지 않고 처리되어 허용되지 않는 자원에 임의적인 접근 및 요청이 가능한 경우,"입력값 검증 및 화이트리스트를 적용하여 허용된 URL과 IP주소만 접근 가능하도록 설정하며,
네트워크를 분리하여 내부 자원에 대한 비인가 접근을 차단",일반적인 경우 영향 없음,,,719,725,2026
WA-09,BF,약한 비밀번호 정책,Web Application(웹),Web Application(웹),상,"웹 애플리케이션 내 로그인 폼 등 비밀번호를 설정하는 단계에서 약한 강도의 문자열 사용 여부를
점검하고, 비밀번호 복잡성 요구사항(최소 길이, 대문자 및 소문자, 숫자 및 특수문자 포함 등)을 준수
여부 점검","유추 가능한 취약한 문자열(이름, 생년월일 등)이나 낮은 복잡성의 비밀번호 사용을 제한하여 계정 및
비밀번호 추측 공격을 방지하기 위함","해당 취약점이 존재할 경우, 유추가 용이한 계정 및 비밀번호 사용으로 인해 사용자 권한 탈취 위험이
있으며, 이를 방지하기 위해 비밀번호의 적절성 및 복잡성을 검증하는 로직을 구현해야 함","※ 약한 비밀번호 정책 취약점: 웹 사이트에서 취약한 비밀번호로 회원가입이 가능할 경우, 공격자는
비밀번호를 추측하거나 주변 정보를 수집하여 작성한 사전 파일을 이용하여 사용자 계정의 탈취가
가능한 취약점
※ 소스코드 및 취약점 점검 필요",웹 애플리케이션 소스코드,관리자 및 사용자 계정의 비밀번호가 유추하기 어려운 값으로 설정되어 있거나 높은 복잡성의 비밀번호 정책이 설정되어 있는 경우,관리자 및 사용자 계정의 비밀번호가 유추하기 쉬운 값으로 설정되어 있거나 낮은 복잡성의 비밀번호 정책이 설정되어 있는 경우,"높은 복잡성의 비밀번호 설정 기준을 확립하며, 계정 및 비밀번호의 체크 로직 추가 구현",일반적인 경우 영향 없음,,,726,728,2026
WA-10,IA,불충분한 인증 절차,Web Application(웹),Web Application(웹),상,중요 페이지 접근 시 추가 인증 절차 존재 여부 및 인증 로직 우회 여부 점검,"중요 페이지 접근 시 추가 인증 절차를 도입하고, 서버 사이드에서 인증 여부를 검증하여 불필요한 정보
노출 및 변조를 차단하기 위함","중요 페이지 및 인증 로직(개인정보 수정, 본인인증, OTP 인증 등)에 대한 인증 절차가 미흡할 경우 무단
접근으로 인해 중요 정보가 유출되거나 변조될 가능성이 있으므로, 해당 구간에는 추가적인 인증 절차를
서버 사이드 방식으로 구현 및 검증",※ 소스코드 및 취약점 점검 필요,웹 애플리케이션 소스코드,"중요 정보 페이지 접근 시 추가 인증 절차가 존재하며, 인증 로직이 서버 사이드에서 구현되어 우회가 불가능한 경우","중요 정보 페이지 접근 시 추가 인증 절차가 존재하지 않거나, 인증 로직 우회가 가능하여 비인가자가 접근 가능할 경우","중요 페이지에 대한 추가 인증 절차를 도입하고, 서버 사이드에서 인증 여부를 검증하는 로직 구현",일반적인 경우 영향 없음,,,729,732,2026
WA-11,IN,불충분한 권한 검증,Web Application(웹),Web Application(웹),상,타 사용자의 권한을 탈취하여 민감한 데이터 접근 및 수정 가능 여부 점검,사용자 검증 로직을 서버 사이드에서 구현하여 비인가자로부터 악의적인 접근을 차단하기 위함,"패킷 변조, 클라이언트 측 로직 변조 등을 포함한 사용자 식별이 가능한 시퀀스 등의 데이터 변조를 통해
타 사용자의 권한을 탈취할 경우, 개인정보 유출 및 데이터 조작이 가능하므로 서버 사이드에서 권한
검증 로직을 구현해야 함",※ 소스코드 및 취약점 점검 필요,웹 애플리케이션 소스코드,"중요 페이지에 사용자 검증 로직이 구현되어 있어, 타 사용자의 권한 탈취가 제한된 경우","중요 페이지에 사용자 검증 로직이 미흡하여, 타 사용자의 권한 탈취가 가능한 경우",접근 제어가 필요한 모든 페이지에 서버 사이드 방식 사용자 권한 검증 로직 구현,일반적인 경우 영향 없음,,,733,734,2026
WA-12,PR,취약한 비밀번호 복구 절차,Web Application(웹),Web Application(웹),상,"비밀번호 복구 기능 사용 시, 단순 정보(이름, 사번, 아이디 등)만을 활용하거나 SMS나 이메일 인증 시
발급되는 임시 비밀번호가 동일하거나 유추 가능 여부 점검","비밀번호 복구 로직을 유추하기 어렵게 구현하고, 인증된 사용자 메일이나 SMS에서만 복구 비밀번호를
확인할 수 있도록 하여 비인가자가 사용자 비밀번호를 획득 및 변경하지 못하도록 방지하기 위함","취약한 비밀번호 복구 로직(비밀번호 찾기 등)으로 인하여 공격자가 불법적으로 다른 사용자의
비밀번호를 획득, 변경할 수 있음",※ 소스코드 및 취약점 점검 필요,웹 애플리케이션 소스코드,"비밀번호 재설정 시 난수를 이용하여, 인증된 사용자 메일이나 SMS로 임시 비밀번호 또는 비밀번호 재설정을 위한 링크가 전송될 경우",비밀번호 재설정 시 일정 패턴으로 재설정되고 웹 사이트 화면에 바로 출력될 경우,"비밀번호 복구 로직을 강화하고, 인증된 사용자 메일이나 SMS에서만 재설정된 비밀번호를 확인할 수
있도록 하여 비인가자가 비밀번호를 획득하지 못하도록 조치",일반적인 경우 영향 없음,,,735,738,2026
WA-13,PV,프로세스 검증 누락,Web Application(웹),Web Application(웹),상,서비스 제공에 필요한 사용자 입력 및 실행단계의 흐름에 대한 검증의 적절성 여부 점검,"서버 사이드에서 적절한 검증을 통해 비정상적인 입력 및 프로세스 흐름으로 허용되지 않은 웹
애플리케이션 내 발생할 수 있는 논리적 오류를 차단하기 위함","웹 애플리케이션 내 프로세스 또는 기능에 대한 접근 제어 및 검증이 미흡할 경우, 비정상적인 논리
오류를 유발하여, 중요 페이지에 대한 URL 직접 접근, 가격 변조 등의 다양한 행위가 가능하며 서비스
제공에 불이익이 발생할 수 있음",※ 소스코드 및 취약점 점검 필요,웹 애플리케이션 소스코드,"프로세스에 대한 검증이 존재하며, 악의적인 행위(URL 직접 접근, Javascript 로직 변조 등)를 통하여 논리 오류가 발생하지 않는 경우","프로세스에 대한 검증이 미흡하여, 논리 오류를 통한 의도된 기능이 왜곡되거나 보안 취약점이 노출되는 경우",프로세스 검증이 필요한 경우 각 프로세스에 대한 체크 로직 구현,일반적인 경우 영향 없음,,,739,743,2026
WA-14,FU,악성 파일 업로드,Web Application(웹),Web Application(웹),상,웹 애플리케이션 내 업로드 기능 이용 시 악성 파일의 업로드 및 실행 가능 여부 점검,"업로드되는 파일의 확장자에 대한 적절성을 검증하는 로직을 구현하여 악성 파일(Server Side Script,
exe, dll, bat 등)의 업로드를 방지하고, 서버에 저장된 파일 경로를 유추하여 해당 파일의 실행을
제한하기 위함","해당 취약점이 존재할 경우, 공격자는 악성 파일을 서버에 업로드 및 실행하여 시스템 관리자 권한을
획득하거나 인접 서버에 대한 침입을 시도할 수 있음","※ Server Side Script: 웹에서 사용되는 스크립트 언어 중 서버 측에서 실행되는 스크립트
※ 악성 콘텐츠: Flash 파일이나 dll, bat, exe 실행 파일 등 악성코드가 포함될 수 있는 콘텐츠
※ 기반시설 특성상 원칙적으로 업로드 기능을 제한해야 하나, 부득이하게 사용해야 하는 경우 특정
사용자만 허용된 확장자의 콘텐츠 파일을 업로드할 수 있도록 구현
※ 소스코드 및 취약점 점검 필요","웹 애플리케이션 소스코드, 웹 애플리케이션 서버, 웹 방화벽",업로드되는 파일에 대한 확장자 검증이 이루어지는 경우,업로드되는 파일에 대한 확장자 검증이 이루어지지 않고 업로드 경로 접근 시 정상적으로 실행이 가능한 경우,업로드되는 파일에 대한 확장자 검증 및 실행 권한 제거,일반적인 경우 영향 없음,,,744,752,2026
WA-15,FD,파일 다운로드,Web Application(웹),Web Application(웹),상,웹 사이트에서 허용된 경로 외 다른 경로의 파일 접근 및 다운로드 가능 여부 점검,"허용된 경로 외 다른 경로의 비인가된 접근을 방지하여, 공격자가 임의의 경로에 존재하는 파일을
열람하거나 다운로드하는 것을 차단하기 위함","Ÿ 해당 취약점이 존재할 경우, 공격자는 파일 다운로드 시 애플리케이션의 파라미터 값을 조작하여 웹
사이트의 중요한 파일(DB 커넥션 파일, 애플리케이션 파일 등) 또는 웹 애플리케이션 서버 루트에
있는 중요한 설정 파일(/etc/passwd, /etc/shadow 등)을 다운로드할 수 있음
Ÿ CGI, JSP, PHP 등 파일 다운로드 기능을 제공하는 애플리케이션에서 입력 경로를 검증하지 않는
경우, 공격자는 임의의 문자(../.. 등)나 주요 파일명을 입력하여 웹 애플리케이션 서버의 홈
디렉터리를 벗어나 임의의 위치에 있는 파일을 열람하거나 다운로드할 수 있음","※ 경로 추적: 웹 서버와 웹 애플리케이션의 파일 또는 디렉터리에 대한 접근이 적절히 통제되지 않아,
중요한 파일과 데이터에 비인가된 접근을 허용하는 취약점
※ 소스코드 및 취약점 점검 필요","웹 애플리케이션 소스코드, 웹 애플리케이션 서버, 웹 방화벽","입력값이 검증되어 허용된 경로와 파일만 접근 가능하고, 경로 조작 및 임의 시스템 파일 다운로드가 불가능하며, 다운로드 디렉터리 외의 접근과 상위 디렉터리 접근이 차단된 경우",입력값이 검증없이 처리되어 임의의 경로로 접근이 가능하거나 비인가된 파일을 다운로드할 수 있는 경우,"다운로드 시 허용된 경로 이외의 디렉터리와 파일에 접근할 수 없도록 구현하고, 서버 사이드에서 ../..와
같은 경로 이동 관련 문자열에 대해 입력값 검증을 수행하여 비인가된 접근을 차단함",일반적인 경우 영향 없음,,,753,758,2026
WA-16,IS,불충분한 세션 관리,Web Application(웹),Web Application(웹),상,"세션 만료 기간 설정, 예측 가능한 세션 ID 생성, 고정된 세션 ID 발행 등 세션 관리 정책을 점검하고,
인증 토큰(JWT 등) 사용 시에도 안전한 서명 알고리즘 사용 여부, 안전한 비밀 키 사용 여부, 토큰 만료
등의 정책 점검","사용자의 세션 ID를 적절히 관리하여 공격자가 불법적으로 접근하거나 비인가적인 세션 탈취를
차단하기 위함","사용자에게 발급되는 세션 ID가 만료되지 않거나, 고정 및 예측 가능한 형태일 경우, 공격자는 해당 세션
ID를 탈취하여 타 사용자나 시스템에 무단 접근할 수 있으며, 이로 인해 중요 데이터의 무결성이 훼손될
수 있음","※ 세션(Session): 일정 시간 동안 같은 사용자(브라우저)로 부터 들어오는 일련의 요구를 하나의
상태로 보고 그 상태를 일정하게 유지시키는 기술
※ JSON Web Token (JWT): 헤더, 페이로드, 서명으로 구성되는 JSON 객체 형식이며, 사용자
정보가 클라이언트에 저장되고 서버에 요청 시마다 전송하여 인증 상태를 유지시키는 기술
※ 소스코드 및 취약점 점검 필요","웹 애플리케이션 소스코드, 웹 애플리케이션 서버","추측 불가능한 세션 ID가 발급되고, 세션 종료 시간이 설정되어 있는 경우",세션 ID가 일정한 패턴으로 발급되거나 세션 종료 시간이 설정되지 않아 세션 재사용이 가능한 경우,"추측 불가능한 세션 ID가 발급되도록 로직을 구현하고, 세션 종료 시간 설정 또는 자동 로그아웃 기능을
구현하여 사이트 특성에 맞게 적정 시간을 설정",일반적인 경우 영향 없음,,,759,765,2026
WA-17,SN,데이터 평문 전송,Web Application(웹),Web Application(웹),상,서버와 클라이언트 간 통신 시 데이터의 암호화 여부 점검,서버와 클라이언트 간 통신 시 데이터의 암호화 전송 미흡으로 정보 유출의 위험을 방지하고자 함,"웹 애플리케이션 통신은 주로 텍스트 기반으로 이루어지므로, 서버와 클라이언트 간 암호화 프로세스를
구현하지 않을 경우 악의적인 사용자가 네트워크 도청(Sniffing)을 통해 정보를 탈취 및 도용할 수 있음","※ Sniffing : 스니퍼(sniff: 냄새를 맡다, 코를 킁킁거리다)를 이용하여 네트워크 상의 데이터를
도청하는 행위
※ 소스코드 및 취약점 점검 필요","웹 애플리케이션 소스코드, 웹 애플리케이션 서버",중요 정보 전송구간에 암호화 통신이 적용된 경우,중요 정보 전송구간에 암호화 통신이 이루어지지 않는 경우,"사이트의 중요 정보 전송구간(로그인, 회원가입, 회원정보관리, 게시판 등)에 대하여 암호화 통신(https,
애플리케이션방식) 적용",일반적인 경우 영향 없음,,,766,768,2026
WA-18,CC,쿠키 변조,Web Application(웹),Web Application(웹),상,쿠키 변조를 통한 임의의 타 사용자 권한 탈취 여부 점검,"쿠키를 사용하는 경우, 안전한 알고리즘으로 암호화하여 공격자가 쿠키 값 변조를 통해 다른 사용자로
위장하거나 권한을 변경하는 것을 방지하기 위함","클라이언트에 전달되는 쿠키에 사용자 식별 값이 평문으로 노출될 경우 쿠키 변조를 통해 타 사용자의
유효한 세션을 취득할 수 있으며, 기타 중요 정보의 유출 및 변조 가능함","※ 쿠키(Cookie): 서버가 사용자의 웹 브라우저에 전송하는 작은 데이터 조각. 브라우저는 그 데이터
조각들을 저장 후, 동일한 서버에 대하여 재요청 시 저장된 데이터를 함께 전송
※ 소스코드 및 취약점 점검 필요",웹 애플리케이션 소스코드,"쿠키를 사용하지 않고 서버 사이드 세션을 사용하고 있거나, 쿠키를 사용하는 경우 안전한 알고리즘(SEED, 3DES, AES)이 적용되어 있는 경우","안전한 알고리즘이 적용되지 않은 쿠키를 사용하거나, 쿠키로만 인증 및 권한 부여를 적용하는 경우","쿠키 대신 서버 사이드 세션 방식을 사용하거나, 쿠키를 통해 인증 등 중요한 기능을 구현해야 하는 경우
안전한 알고리즘(SEED, 3DES, AES 등)을 적용",일반적인 경우 영향 없음,,,769,774,2026
WA-19,AE,관리자페이지 노출,Web Application(웹),Web Application(웹),상,유추 가능한 URL 또는 설계상의 오류로 인해 관리자 페이지 및 메뉴에 접근 가능 여부 점검,"관리자 페이지의 URL을 추측하기 어렵게 설정하고, 웹 사이트 설계 오류를 수정하여 비인가자의 관리자
메뉴 접근을 방지하기 위함","웹 관리자의 권한이 노출될 경우, 웹 사이트 변조뿐만 아니라 취약성 정도에 따라 웹 애플리케이션
서버의 권한까지도 노출될 가능성이 있으므로 시스템 전체의 보안이 심각하게 위협받을 수 있음",※ 소스코드 및 취약점 점검 필요,"웹 애플리케이션 소스코드, 웹 애플리케이션 서버, 웹 방화벽",유추하기 쉬운 URL로 관리자 페이지 접근이 불가능한 경우,유추하기 쉬운 URL로 관리자 페이지 접근 또는 계정 로그인이 가능한 경우,"유추하기 어려운 이름(포트 번호 변경 포함)으로 관리자 페이지를 변경하여 비인가자가 접근할 수 없도록
하고, 근본적인 해결을 위해 지정된 IP만 관리자 페이지에 접근할 수 있도록 제한함. 단, 부득이하게
관리자 페이지를 외부에 노출해야 하는 경우, 관리자 페이지 로그인 시 2차 인증(OTP, VPN, 인증서
등)을 적용",일반적인 경우 영향 없음,,,775,776,2026
WA-20,CC,자동화 공격,Web Application(웹),Web Application(웹),상,"웹 애플리케이션의 특정 프로세스(로그인 시도, 게시글 등록, SMS 발송 등)에 대한 반복적인 요청 시
통제 여부를 확인하여, 자동화 공격(봇 공격 등)을 방지 여부 점검","무차별 대입 공격 및 자동화 공격으로 인한 자원 고갈, 계정 탈취, 서비스 거부 상태를 방지하기 위함","웹 애플리케이션의 특정 프로세스에 대한 반복적인 요청을 통제하지 않을 경우, 무차별 대입 공격으로
사용자 계정을 탈취할 수 있으며, 자동화 공격을 통해 게시글 등록 또는 SMS 발송 요청을 반복하여 웹
애플리케이션 자원을 고갈시킬 수 있음",※ 소스코드 및 취약점 점검 필요,"웹 애플리케이션 소스코드, 웹 방화벽",웹 애플리케이션의 특정 프로세스에 대한 반복적인 요청 시 통제가 적절한 경우,웹 애플리케이션의 특정 프로세스에 대한 반복적인 요청 시 통제가 미흡한 경우,"웹 애플리케이션의 특정 프로세스에 대한 대량 사용을 통제하는 로직을 구현하고, 웹 방화벽의 룰셋을
설정하여 대량의 불특정 프로세스 요청을 차단",일반적인 경우 영향 없음,,,777,778,2026
WA-21,WM,불필요한 Method 악용,Web Application(웹),Web Application(웹),상,"PUT, DELETE, TRACE 등 불필요한 HTTP 메소드의 악용 여부 확인","불필요한 HTTP 메소드(PUT, DELETE, TRACE 등) 요청을 제한하여 서버의 무단 접근 및 악의적인
행위(임의 파일 생성, 데이터 삭제 등)를 방지하기 위함","PUT, DELETE, TRACE 등의 메소드가 활성화되어 있는 것만으로는 취약 여부를 판단하기 어려우나,
해당 메소드들이 악용될 경우, 조작된 Server Side Script 파일 업로드, 민감 데이터 삭제, 서버 정보
노출 등이 가능함","※ Server Side Script: 웹에서 사용되는 스크립트 언어 중 서버 측에서 실행되는 스크립트
※ XST(Cross-Site Tracing): TRACE 메소드를 악용하여 httpOnly 등으로 보호된 세션 및 쿠키를
탈취할 수 있는 공격 기법",웹 애플리케이션 서버,"웹 애플리케이션에 불필요한 메소드(PUT, DELETE, TRACE, CONNECT 등)로 변조한 요청 패킷 전송 시 해당 메소드를 통하여 임의의 행위로부터 악용이 제한되는 경우","웹 애플리케이션에 불필요한 메소드(PUT, DELETE, TRACE, CONNECT 등)로 변조한 요청 패킷 전송 시 해당 메소드를 통하여 임의의 행위에 대한 악용이 가능한 경우",WEB/WAS의 설정파일을 변경하여 불필요한 메소드의 사용을 제한,일반적인 경우 영향 없음,,,779,789,2026
HV-01,HV-01,계정 로그오프/세션 관리,가상화 장비,가상화 장비 > 1. 계정 관리,상,웹 콘솔 및 사용자 Shell Session Timeout 설정 여부 점검,Session Timeout 기능을 구현하여 공격자가 만료되지 않은 세션 활용을 방지하기 위함,"세션의 만료 기간을 정하지 않거나, 만료기한이 너무 길게 설정된 경우 악의적인 사용자가 만료되지
않은 세션을 활용하여 불법적인 접근을 시도할 수 있는 위험이 존재함",-,"VMware ESXi, vCenter, XenServer, KVM, Nutanix",웹 콘솔 및 사용자 Shell Session Timeout 설정이 600초(10분) 이하로 설정된 경우,웹 콘솔 및 사용자 Shell Session Timeout 설정이 600초(10분)를 초과하여 설정된 경우,600초(10분) 동안 입력이 없을 경우 접속된 클라이언트 세션을 끊도록 설정,일반적인 경우 영향 없음,,,790,792,2026
HV-02,HV-02,가상화 장비 외부접속 차단,가상화 장비,가상화 장비 > 1. 계정 관리,상,허용할 호스트에 대한 접속 IP 제한 설정 여부 점검,허용한 호스트만 서비스를 사용하게 하여 비인가자의 무단 접근 시도를 예방하기 위함,"호스트에서 실행되는 서비스에 대한 접근을 제한하지 않으면 비인가자의 무단 접근에 노출되어 가상화
시스템 침해사고의 위험이 존재함","※ TCP Wrapper: 호스트 기반의 네트워킹 ACL(Access Control List) 시스템
※ IPTables: 리눅스 커널 방화벽이 제공하는 테이블들과 그것을 저장하는 체인, 규칙들을 구성할 수
있게 해주는 서비스
※ FirewallD: Linux 운영체제를 위한 방화벽 관리 도구","VMware ESXi, vCenter, XenServer, KVM, Nutanix",허용된 IP에서만 관리 콘솔 및 원격 접속이 가능하도록 제한된 경우,허용된 IP에서만 관리 콘솔 및 원격 접속이 가능하도록 제한되지 않은 경우,호스트에서 제공하는 방화벽 애플리케이션을 이용하여 서비스 접속 허용 IP 등록 설정,"IPTables의 기본 정책을 Drop으로 변경하는 경우에는 애플리케이션 간의 연결 현황을 확인 후 변경이
필요함",,,793,795,2026
HV-03,HV-03,가상화 장비 루트계정 관리,가상화 장비,가상화 장비 > 1. 계정 관리,상,별도의 관리자 계정을 생성하여 관리 여부 점검,허용한 호스트만 서비스를 사용하게 하여 비인가자의 무단 접근 시도를 예방하기 위함,"루트 계정은 누구나 알 수 있는 계정이기 때문에 비인가자의 접속 시도 및 비밀번호 무차별 대입 공격에
노출될 위험이 존재함",※ 무차별 대입 공격(Brute-force Attack): 특정한 암호를 풀기 위해 가능한 모든 값을 대입하는 것,"VMware ESXi, vCenter",별도의 관리자 계정을 생성하여 가상화 장비가 관리된 경우,루트 계정으로 가상화 장비가 관리된 경우,별도의 계정을 생성하여 관리자 권한을 부여하고 루트 계정의 권한은 제거하거나 비활성화,일반적인 경우 영향 없음,,,796,797,2026
HV-04,HV-04,가상화 장비 계정 권한 관리,가상화 장비,가상화 장비 > 1. 계정 관리,상,공용 계정 등 불필요한 계정이 존재하는지 여부 점검,"사용하지 않는 불필요한 계정을 관리함으로써 관리되지 않는 계정을 통한 비인가자의 무단 접속 또는
공격을 차단하기 위함","시스템에 등록되어 있는 불필요한 계정을 관리하지 않을 경우 비인가자의 무단 접근이 가능하며, 공용
계정 및 퇴사자 계정이 존재할 경우 해당 계정을 통한 침해사고 발생 시 사후 추적이 어려울 수 있는
위험이 존재함","※ 1인 1계정 사용을 원칙으로 운영해야 하며, 공용 계정은 가급적 사용을 지양해야 함","VMware ESXi, vCenter, XenServer, KVM, Nutanix",불필요한 공용 계정 및 퇴사자 계정이 존재하지 않은 경우,불필요한 공용 계정 및 퇴사자 계정이 존재하는 경우,불필요한 공용 계정 및 퇴사자 계정 제거,애플리케이션에서 사용하는 계정의 경우 삭제 시 서비스 가용성에 영향을 줄 수 있음,,,798,799,2026
HV-05,HV-05,가상화 장비 사용자 인증 강화,가상화 장비,가상화 장비 > 1. 계정 관리,상,사용자 계정별 적절한 권한이 부여 여부 점검,"가상화 시스템에 등록한 계정들에 용도별 권한을 부여함으로써 권한 없는 사용자의 설정 변경으로 인한
시스템 침입 경로 유출 위험을 줄이고 관리자 계정이 아닌 일반 계정이 공격자에게 탈취되었을 때 가상화
시스템을 장악하지 못하도록 하기 위함","가상화 시스템에 등록된 계정이 모두 관리자 권한으로 부여된 경우 권한 없는 사용자의 의도하지 않은
설정 변경을 통하여 공격자에게 가상화 시스템 침입 경로 제공 위험이 존재함",※ 최고 관리자 권한은 최소한의 계정에만 부여,"VMware ESXi, vCenter, XenServer, KVM, Nutanix",계정별 불필요한 권한이 부여되지 않은 경우,계정별 불필요한 권한이 부여된 경우,불필요한 권한이 부여된 계정에 대한 권한 제거,일반적 경우 영향 없음,,,800,803,2026
HV-06,HV-06,비밀번호 관리정책 설정,가상화 장비,가상화 장비 > 1. 계정 관리,상,로그인 계정에 대한 비밀번호 관리 정책 설정 여부 점검,로그인 계정 비밀번호에 대한 관리 정책 미흡으로 인한 계정 탈취를 방지하기 위함,"가상화 시스템에 등록된 계정이 유추하기 쉬운 비밀번호 설정 등 미흡한 비밀번호 관리 정책이 적용되어
있으면 무차별 대입 공격을 통한 계정 탈취로 인한 공격자에게 가상화 시스템 침입 경로 제공 위험이
존재함","※ 정책 기준: 영문 숫자 특수문자 2개 조합 시 10자리 이상, 3개 조합 시 8자리 이상, 비밀번호 변경
기간 90일 이하","VMware ESXi, vCenter, XenServer, KVM, Nutanix",로그인 계정 비밀번호 관리 정책이 적용된 경우,로그인 계정 비밀번호 관리 정책이 적용되지 않은 경우,로그인 계정 비밀번호를 관리 정책에 맞게 설정,일반적 경우 영향 없음,,,804,808,2026
HV-07,HV-07,계정 잠금 임계값 설정,가상화 장비,가상화 장비 > 1. 계정 관리,상,로그인 계정에 대한 비밀번호 관리 정책 설정 여부 점검,"잘못된 비밀번호 입력을 제한하지 않으면 무차별 대입 공격을 통한 계정 탈취 위협이 발생할 수 있어
실패 횟수 설정을 통해 가상화 장비 내부 침입을 방지하기 위함","잘못된 비밀번호 입력을 제한하지 않으면 무차별 대입 공격을 통한 계정 탈취로 공격자에게 가상화
시스템 침입 경로 제공 위험이 존재함",-,"VMware ESXi, vCenter, KVM",로그인 시도 실패 횟수에 따른 계정 잠금 설정이 적용된 경우,로그인 시도 실패 횟수에 따른 계정 잠금 설정이 적용되지 않은 경우,로그인 시도 실패 횟수 제한 설정,일반적 경우 영향 없음,,,809,811,2026
HV-08,HV-08,시스템 사용 주의사항 출력 설정,가상화 장비,가상화 장비 > 2. 시스템 서비스 관리,중,원격 로그인 시 시스템 사용 주의사항 출력 여부 점검,"원격 로그인 시 시스템 사용 주의사항을 안내해 사용자가 시스템에 접근 시 보안 정책을 인식하도록 하기
위함","사용자가 시스템에 접근 시 보안 정책을 인식하지 못해 인위적인 공격 또는 데이터 유출 등의 보안
위험이 존재함",-,"VMware ESXi, vCenter, XenServer, KVM, Nutanix",시스템 사용 주의사항이 출력된 경우,시스템 사용 주의사항 미출력 또는 표시 문구 내에 시스템 버전 정보가 노출된 경우,시스템 사용 주의사항 출력 설정,일반적 경우 해당 없음,,,812,815,2026
HV-09,HV-09,NTP 및 시각 동기화 설정,가상화 장비,가상화 장비 > 2. 시스템 서비스 관리,중,NTP 설정을 통한 시간 동기화 여부 점검,"시스템이 NTP를 통한 시간 동기화를 적용해 가상화 장비 침해, 장애 등의 위협 발생 시 원활한 로그
분석 수행이 가능하도록 하기 위함","시스템이 NTP를 통한 시간 동기화가 되지 않을 경우 가상화 장비 침해, 장애 등의 위협 발생 시 로그
분석을 통한 침입 경로 파악이 어려워 초기 대응 불가 위험이 존재함",-,"VMware ESXi, vCenter, XenServer, KVM, Nutanix",NTP서버와 시간 동기화 설정을 적용한 경우,NTP 서버와 시간 동기화 설정을 적용하지 않은 경우,NTP 설정 및 시각 동기화 설정,일반적 경우 영향 없음,,,816,818,2026
HV-10,HV-10,SNMP Community String 복잡성 적용,가상화 장비,가상화 장비 > 2. 시스템 서비스 관리,중,SNMP Community String 복잡성 적용 여부 점검,"SNMP Community String이 유추하기 어려운 문자열로 구성해 비인가자가 SNMP 서비스 무단
접근을 방지하기 위함","SNMP Community String이 유추하기 쉬운 문자열로 구성되어 있는 경우 비인가자가 SNMP
서비스에 무단 접근이 가능한 위험이 존재함",※ SNMP v3 사용 우선 권고,"VMware ESXi, vCenter, XenServer, KVM, Nutanix",SNMP Community String이 복잡도를 만족하는 경우,SNMP Community String이 복잡도를 만족하지 않는 경우,SNMP Community String을 복잡도를 만족하는 값으로 설정,일반적 경우 영향 없음,,,819,823,2026
HV-11,HV-11,MOB(Managed Object Browser) 서비스 비활성화,가상화 장비,가상화 장비 > 2. 시스템 서비스 관리,상,MOB 서비스 비활성화 여부 점검,"MOB(Managed Object Browser) 서비스를 통해 시스템 정보 수집, 가상 머신 제어, 시스템 설정
변경 등의 기능이 존재해 비인가자가 해당 기능을 사용하지 못하게 하기 위함","MOB(Managed Object Browser) 서비스가 활성화되어 있을 경우, 해당 인터페이스를 통해 시스템
정보 수집, 가상 머신 제어, 시스템 설정 변경 등의 위험이 존재함","※ ESXi의 경우 기본적으로 비활성화
※ vCenter의 경우 기본적으로 활성화","VMware ESXi, vCenter",MOB(Managed Object Browser)가 비활성화된 경우,MOB(Managed Object Browser)가 활성화된 경우,MOB(Managed Object Browser)서비스 비활성화 설정,일반적 경우 영향 없음,,,824,825,2026
HV-12,HV-12,ESXi Shell 비활성화,가상화 장비,가상화 장비 > 2. 시스템 서비스 관리,상,"ESXi Shell(TSM, TSM-SSH) 비활성화 여부 점검","감사기록에 대한 관리에 어려움이 발생할 수 있는 ESXi Shell(TSM, TSM-SSH) 사용 행위를 방지해
플랫폼(vCenter)과 동기화하기 위함","ESXi Shell(TSM, TSM-SSH)에서 이루어지는 행위는 관리 플랫폼(vCenter)과 동기화되지 않을 수
있어 감사기록 관리가 불가능해지는 위험이 존재함","※ TSM(Tech Support Mode): 문제 해결 및 진단을 위해 ESXi 호스트에 물리적으로 접근하여
사용할 수 있는 텍스트 기반 명령 인터페이스
※ TSM-SSH(Tech Support Mode via SSH): SSH 프로토콜을 통해 원격에서 TSM의 기능을
사용할 수 있게 하는 서비스",VMware ESXi,"ESXi Shell(TSM, TSM-SSH) 서비스가 비활성화된 경우","ESXi Shell(TSM, TSM-SSH) 서비스가 활성화된 경우","ESXi Shell(TSM, TSM-SSH) 서비스가 비활성화 설정",일반적 경우 영향 없음,,,826,826,2026
HV-13,HV-13,ESXi Shell 세션 종료 시간 설정,가상화 장비,가상화 장비 > 2. 시스템 서비스 관리,상,"ESXi Shell(TSM, TSM-SSH)의 Session Timeout(로그인 후 일정 시간 사용하지 않을 경우 세션
종료) 설정의 적정성 여부 점검",비인가자에 의한 시스템 무단 사용 방지 목적으로 Session Timeout 설정을 적용하기 위함,"ESXi Shell(TSM, TSM-SSH)의 Session Timeout(로그인 후 일정 시간 사용하지 않을 경우 세션
종료) 설정이 적용되어 있지 않으면, 비인가자에 의한 시스템 무단 사용 위험이 존재함","※ TSM(Tech Support Mode): 문제 해결 및 진단을 위해 ESXi 호스트에 물리적으로 접근하여
사용할 수 있는 텍스트 기반 명령 인터페이스
※ TSM-SSH(Tech Support Mode via SSH): SSH 프로토콜을 통해 원격에서 TSM의 기능을
사용할 수 있게 하는 서비스
※ 기본값: 0(제한 없음)
※ 기본적으로 ESXi Shell은 비활성화(HV-12)하여야하며, 해당 설정은 필요 시 ESXi Shell을 사용할
경우에 대비한 설정",VMware ESXi,Session Timeout 값(ESXiShellInteractiveTimeOut)이 600 이하로 설정된 경우,"Session Timeout 값(ESXiShellInteractiveTimeOut)이 0이거나, 600초과로 설정된 경우",Session Timeout 값(ESXiShellInteractiveTimeOut)이 900 이하 설정,일반적 경우 영향 없음,,,827,828,2026
HV-14,HV-14,원격 로그 서버 이용,가상화 장비,가상화 장비 > 2. 시스템 서비스 관리,중,원격 로그 서버를 이용한 로그 저장 여부 점검,"원격 로그 서버를 이용하여 로그 관리를 수행하여 시스템 가용성 저하, 침해에 따른 로그 유실을
방지하기 위함","원격 로그 서버를 이용하여 로그 관리를 하지 않을 경우, 시스템 가용성 저하, 침해에 따른 로그 유실
등의 위험이 존재함",-,"VMware ESXi, vCenter, XenServer, KVM, Nutanix",원격 로그 서버 또는 스토리지가 연동 설정된 경우,원격 로그 서버 또는 스토리지가 연동 설정되지 않은 경우,원격 로그 서버 또는 스토리지 연동 설정,일반적 경우 영향 없음,,,829,832,2026
HV-15,HV-15,시스템 주요 이벤트 로그 설정,가상화 장비,가상화 장비 > 2. 시스템 서비스 관리,상,시스템 주요 이벤트 로그가 설정 여부 점검,"시스템 주요 이벤트 로그를 설정해 시스템 문제 발생 시 보안, 성능 등의 이슈를 파악하기 위함","시스템 주요 이벤트 로그가 설정되어 있지 않으면 시스템 문제 발생 시 보안, 성능 등의 이슈를 파악할 수
없는 위험이 존재함",-,"VMware ESXi, vCenter, KVM",로그 기록 정책이 내부 정책에 부합하게 설정된 경우,로그 기록 정책이 내부 정책에 부합하게 설정되지 않은 경우,로그 기록 정책을 내부 정책에 부합하게 설정,일반적 경우 영향 없음,,,833,835,2026
HV-16,HV-16,비휘발성 경로 내 로그 파일 저장,가상화 장비,가상화 장비 > 2. 시스템 서비스 관리,상,비휘발성 경로에 로그파일 저장 여부 점검,비휘발성 경로에 로그파일 저장하여 로그 상실을 방지하기 위함,"휘발성 경로에 로그 파일이 저장될 경우, 일정시간이 지나거나 시스템 재시작 시 저장된 로그를 상실해
로그 분석이 불가능해지는 위험이 존재함","※ ESXi의 경우 기본적으로 /scratch 경로에 로그가 저장되며, 해당 로그는 시스템 재시작 시 또는
하루가 지나면 삭제
※ 원격 로그 서버 이용(HV-14) 시에도 일부 시스템 로그(vmksummary.log, dvs.log,
vmkwarnning.log, fdm.log 등)는 전달되지 않으므로 비휘발성 경로에  로그파일 저장 필요
※ 휘발성 경로: /scratch/, /tmp, /var/tmp, /run, /dev/shm, /dev/pts 등",VMware ESXi,"로그 파일 경로가 존재하며, 해당 경로가 비휘발성 경로에 저장된 경우","로그 파일 경로가 존재하지 않거나, 휘발성 경로에 저장되지 않은 경우",로그 파일 경로를 비휘발성 로그 파일 경로로 설정,일반적 경우 영향 없음,,,836,836,2026
HV-17,HV-17,코어덤프 수집 기능 활성화,가상화 장비,가상화 장비 > 3. 가상머신 관리,상,코어 덤프 수집 기능 활성화 여부 점검,코어 덤프 기능이 활성화하여 시스템 장애 발생에 대한 원인을 파악하기 위함,"코어 덤프 기능이 활성화되어 있지 않을 경우, 시스템 장애 발생에 대한 원인을 파악할 수 없는 위험이
존재함","※ 코어 덤프 기능(Vmware vSphere Network Dump Collector 서비스): 시스템에서 심각한 오류
발생 시 VMKernel 메모리 상태를 서버로 전송",VMware ESXi,코어 덤프 수집 기능이 활성화(true)된 경우,코어 덤프 수집 기능이 비활성화(false)된 경우,코어 덤프 수집 기능 활성화 적용,일반적 경우 영향 없음,,,837,837,2026
HV-18,HV-18,가상머신의 장치 변경 제한 설정,가상화 장비,가상화 장비 > 3. 가상머신 관리,상,가상 머신 장치 변경 제한 설정 적용 여부 점검,"가상 머신(게스트 OS)에서 관리자 권한이 없는 사용자(또는 프로세스)에 의한 장치(네트워크 어댑터,
CD-ROM 등) 연결을 끊거나, 설정 변경을 방지하기 위함","가상 머신(게스트 OS)에서 관리자 권한이 없는 사용자(또는 프로세스)에 의한 장치(네트워크 어댑터,
CD-ROM 등) 연결을 끊거나, 설정 변경이 가능한 위험이 존재함",※ 서버보안 솔루션 등에서 해당 기능을 통제할 경우 양호,VMware ESXi,가상 머신의 장치 설정 변경 방지 설정이 활성화(true)된 경우,"가상 머신의 장치 설정 변경 방지 설정이 없거나, 비활성화(false)된 경우",가상 머신의 장치 설정 변경 방지 활성화 적용,일반적 경우 영향 없음,,,838,839,2026
HV-19,HV-19,가상 머신의 불필요한 장치 제거,가상화 장비,가상화 장비 > 3. 가상머신 관리,상,"불필요한 장치(USB, CD/DVD, 플로피 디스크, 병렬 포트, 직렬 포트) 제거 여부 점검",불필요하게 연결된 외부 장치를 통한 잠재적인 공격 루트로 활용되는 것을 방지하기 위함,불필요하게 연결된 외부 장치는 잠재적인 공격 루트로 활용될 수 있는 위험이 존재함,"※ 장치: USB, CD/DVD, 플로피 디스크, 병렬 포트, 직렬 포트","VMware ESXi, XenServer",불필요한 장치가 가상 머신에 연결되지 않은 경우,불필요한 장치가 가상 머신에 연결된 경우,불필요한 장치 연결 해제 적용,일반적 경우 영향 없음,,,840,841,2026
HV-20,HV-20,가상머신 콘솔 클립보드 복사&붙여넣기 기능 비활성화,가상화 장비,가상화 장비 > 3. 가상머신 관리,상,가상 머신 콘솔 복사 기능 비활성화 여부 점검,"가상 머신에 클립보드를 활용한 복사/붙여넣기 기능을 비활성화하여 파일 송·수신 기능을 통한 로그
기록이 저장되도록 하기 위함","가상 머신에 클립보드를 활용한 복사/붙여넣기 작업이 허용되어 있으면 파일 송·수신 기록이 로그에
저장되지 않아 로그 분석을 통한 침입 탐지가 불가능한 위험이 존재함","※ ESXi 기본 비활성화
※ XenServer 기본 비활성화",VMware ESXi,"가상 머신 콘솔 복사 기능이 비활성화 되어 있거나, 복사 제한이 설정된 경우","가상 머신 콘솔 복사 기능이 활성화 되어 있거나, 복사 제한이 설정되지 않은 경우",가상 머신 콘솔 복사 제한 설정,일반적 경우 영향 없음,,,842,843,2026
HV-21,HV-21,가상머신 콘솔 드래그 앤 드롭 기능 비활성화,가상화 장비,가상화 장비 > 3. 가상 머신 관리,상,가상 머신 드래그 앤 드롭 기능 비활성화 여부 점검,"가상 머신에 대한 드래그 앤 드롭 기능 비활성화하여 파일 송·수신 기능을 통한 로그 기록이 저장되도록
하기 위함","가상 머신에 대한 드래그 앤 드롭 기능이 허용되어 있을 경우 파일 송·수신 기록이 로그에 저장되지 않아
로그 분석을 통한 침입 탐지가 불가능한 위험이 존재함",※ ESXi 기본 비할성화,VMware ESXi,"가상 머신 콘솔 드래그 앤 드롭 기능이 비활성화되어 있거나, 제한 설정된 경우","가상 머신 콘솔 드래그 앤 드롭 기능이 활성화되어 있거나, 제한 설정되지 않은 경우",가상 머신 콘솔 드래그 앤 드롭 제한 설정,일반적 경우 영향 없음,,,844,844,2026
HV-22,HV-22,가상스위치 MAC 주소 변경 정책 비활성화,가상화 장비,가상화 장비 > 4. 가상 네트워크 관리,상,MAC 주소 변경 정책 비활성화 여부 점검,"가상 스위치에 MAC 주소 변경 정책이 거부를 적용해 악의적인 사용자(또는 악성코드)가 장치 내의
MAC 주소를 변경을 방지하기 위함","가상 스위치에 MAC 주소 변경 정책이 설정되어 있을 경우, 악의적인 사용자(또는 악성코드)가 장치
내의 MAC 주소를 변경하여 스푸핑 등의 공격 위험이 존재함",※ MAC 주소 변경 정책: 가상 머신 내부에서 MAC 주소를 변경하는 것을 허용하는 정책,VMware ESXi,가상 스위치 MAC 주소 변경 정책이 거부로 설정된 경우,가상 스위치 MAC 주소 변경 정책이 허용으로 설정된 경우,가상 스위치 MAC 주소 변경 정책 거부 설정,일반적 경우 영향 없음,,,845,845,2026
HV-23,HV-23,가상스위치 무차별(Promiscuous) 모드 정책 비활성화,가상화 장비,가상화 장비 > 4. 가상 네트워크 관리,상,무차별(Promiscuous) 모드 비활성화 여부 점검,"가상 스위치에 무차별(Promiscuous) 모드를 비활성화 해 해당 가상 스위치로 다른 스위치로 전달되는
네트워크 트래픽 모니터링을 방지하기 위함","가상 스위치에 무차별(Promiscuous) 모드가 활성화된 경우, 비인가자가 해당 가상 스위치를 통해 다른
스위치로 전달되는 네트워크 트래픽을 모니터링 및 내부 정보 유출 위험이 존재함","※ 무차별(Promiscuous) 모드: 자신에게 직접 전달되지 않은 모든 네트워크 트래픽 패킷을 수신하는
기능","VMware ESXi, XenServer",가상 스위치 무차별(Promiscuous) 모드 정책 설정이 거부로 설정된 경우,가상 스위치 무차별(Promiscuous) 모드 정책 설정이 허용으로 설정된 경우,가상 스위치 무차별(Promiscuous) 모드 정책 거부 설정,일반적 경우 영향 없음,,,846,847,2026
HV-24,HV-24,가상스위치 위조전송(Forged Transmits) 모드 정책 비활성화,가상화 장비,가상화 장비 > 4. 가상 네트워크 관리,상,가상 스위치 위조전송(Forged Transmits) 모드 비활성화 여부 점검,"가상 스위치에 위조전송(Forged Transmits) 모드를 비활성화하여 네트워크 스니핑, 데이터 데이터
유출 등을 방지하기 위함","가상 스위치에 위조전송(Forged Transmits) 모드가 설정되어 있을 경우, 네트워크 스니핑, 데이터 유출
등의 보안 위험이 존재함","※ 위조 전송(Forged Transmits) 모드: 가상 스위치가 수신하는 모든 트래픽을 연결된 모든 가상
NIC에게 전송하는 기능",VMware ESXi,가상 스위치에 위조 전송(Forged Transmits) 모드 설정이 거부로 설정된 경우,가상 스위치에 위조 전송(Forged Transmits) 모드 설정이 허용으로 설정된 경우,위조 전송(Forged Transmits) 모드 거부 설정,일반적 경우 영향 없음,,,848,849,2026
HV-25,HV-25,주기적 보안 패치 및 벤더 권고사항 적용,가상화 장비,가상화 장비 > 4. 가상 네트워크 관리,상,가상화 장비 및 관리서버 들에 대해 주기적인 보안 패치와 벤더 권고사항 적용 여부를 확인,알려진 취약점을 제거하여 가상화 인프라의 안정성과 가용성을 확보하기 위함,패치 미적용 시 제로데이·원격코드실행 등 취약점이 악용되어 전체 가상화 인프라 침해 발생 가능,-,공통,패치 절차를 수립하여 주기적으로 패치 및 벤더 권고사항을 확인 및 적용하는 경우,패치 절차가 수립되어 있지 않거나 주기적으로 패치를 설치하지 않는 경우,장비별 제공하는 최신 취약점 정보를 파악 후 최신 패치 및 업그레이드를 수행,서비스 영향을 고려하여 벤더사와 협의 후 적용,,,850,853,2026
CA-01,CA-01,사용자 계정 관리,클라우드,클라우드 > 1. 계정 관리,상,불필요한 클라우드 관리 콘솔 계정 존재 여부 점검,"불필요한 계정(퇴직, 전직, 휴직 등의 사유로 사용하지 않는 계정 및 장기간 사용하지 않는 계정 등)이
존재하는지 점검하여 관리되지 않은 계정에 의한 침입에 대비하기 위함","불필요한 계정을 관리하지 않는 경우 비인가자의 무단 접근이 가능하며, 공용 계정 및 퇴사자 계정이
존재할 경우 해당 계정을 통한 침해사고 발생 시 사후 추적이 어려울 수 있는 위험이 존재함",※ 불필요한 계정 삭제 시 업무 영향도 파악 후 삭제 권고,클라우드 플랫폼,불필요한 계정이 존재하지 않거나 비활성화된 경우,불필요한 계정이 존재하며 활성화 된 경우,클라우드 관리 콘솔에 등록된 계정 현황 확인 후 불필요한 계정 삭제 또는 비활성화,일반적인 경우 영향 없음,,,854,854,2026
CA-02,CA-02,사용자 정책 관리,클라우드,클라우드 > 1. 계정 관리,중,사용자 계정에 적절한 권한 부여 여부 점검,계정별 권한을 점검하여 권한의 오남용을 예방하기 위함,"사용자 정책 관리가 적절하게 할당되지 않을 경우 무단 접근, 데이터 유출, 내부자 위협 등 보안 위험이
존재함",-,Cloud Platform,사용자/그룹의 목적에 맞게 역할/권한이 할당된 경우,사용자/그룹을 목적에 맞지 않게 역할/권한이 할당된 경우,사용자/그룹의 역할/권한을 목적에 맞게 설정,일반적인 경우 영향 없음,,,855,855,2026
CA-03,CA-03,MFA(Multi-Factor Authentication) 설정,클라우드,클라우드 > 1. 계정 관리,상,2차 인증을 통해 사용자 계정의 보안을 강화 여부 점검,"사용자 계정의 보안을 강화하여 무단 접근을 방지하고, 계정 탈취 및 데이터 유출의 위험을 줄이기 위함","2차 인증을 사용하지 않을 경우, 다양한 비밀번호 추측 공격에 노출될 가능성이 높으며, 이러한
공격으로 인해 계정이 탈취되어 중요 데이터 유출 및 로그 변조 등의 시스템 악용이 발생할 위험이
존재함",-,클라우드 플랫폼,각 계정별 2차 인증이 설정된 경우,각 계정별 2차 인증이 설정되지 않은 경우,"인증 번호, OTP 등을 통한 2차 인증 설정",일반적인 경우 영향 없음,,,856,856,2026
CA-04,CA-04,클라우드 계정 비밀번호 정책 관리,클라우드,클라우드 > 1. 계정 관리,중,비밀번호 설정 정책의 복잡성 만족 여부 점검,"안전한 비밀번호(*비밀번호 설정 기준 참조)를 사용함으로써 무차별 대입 공격, 사전 공격 등 비밀번호
탈취 목적의 공격에 대해 대비하기 위함","무차별 대입 공격, 비밀번호 추측 공격 등 비밀번호가 비교적 단순하거나 비교적 자주 쓰이는 비밀번호
(예:1q2w3e4r! 등)로 비인가 접근을 시도하는 공격 위험이 존재함","※ 무차별 대입 공격(Brute-force Attack): 특정한 암호를 풀기 위해 가능한 모든 조합을 시도하여
비밀번호를 찾아내는 공격 방식
※ 사전 공격(Dictionary attack): 사전에 있는 단어를 입력하여 비밀번호를 알아내거나 해독하는
컴퓨터 공격 방식",클라우드 플랫폼,복잡성을 만족하는 비밀번호 정책을 설정하고 로그인 시도 제한을 설정한 경우,복잡성을 만족하지 않는 비밀번호를 사용하거나 로그인 시도 제한을 설정하지 않은 경우,비밀번호 정책을 해당 기관의 보안 정책에 적합하게 설정,일반적인 경우 영향 없음,,,857,857,2026
CA-05,CA-05,인스턴스 서비스 정책 관리,클라우드,클라우드 > 2. 권한 관리,상,인스턴스 생성 또는 접근 권한 설정 여부 점검,인스턴스 생성 또는 접근 권한을 점검하여  인스턴스 내부 정보 유출을 방지하기 위함,"인스턴스 접근 권한이 적절하지 않을 경우 비인가자가  인스턴스 내부에 접근할 수 있어 중요 정보의 유
출 위험이 존재함","※ 인스턴스 : 클라우드 서비스에서 제공하는 서버 리소스로 인스턴스라는 형태로 자원에 대한 가상 액
세스를 제공함",클라우드 플랫폼,인스턴스 접근 권한이 적절하게 부여된 경우,인스턴스 접근 권한이 적절하게 부여되지 않은 경우,인스턴스 생성 및 접근 권한을 관리자 계정에 별도로 부여,일반적인 경우 영향 없음,,,858,858,2026
CA-06,CA-06,네트워크 서비스 정책 관리,클라우드,클라우드 > 2. 권한 관리,상,가상 네트워크 서비스 리소스 생성 또는 접근 권한 설정 여부 점검,가상 네트워크 서비스 리소스 생성 또는 접근 권한을 점검하여 서비스 내부 정보 유출을 방지하기 위함,"네트워크 서비스 접근 권한이 적절하지 않으면 비인가자가 서비스 내부에 침입하여 중요 정보를 유출하
는 위험이 존재함",※ 네트워크 서비스: 클라우드 서비스에서 제공하는 네트워크 리소스,클라우드 플랫폼,네트워크 서비스 리소스 접근 권한이 적절하게 부여된 경우,네트워크 서비스 리소스 접근 권한이 적절하게 부여되지 않은 경우,네트워크 서비스 리소스 생성 및 접근 권한을 관리자 계정에 별도로 부여,일반적인 경우 영향 없음,,,859,859,2026
CA-07,CA-07,VPC 네트워크 서브넷 관리,클라우드,클라우드 > 3. 가상 리소스 관리,상,단일 가상 네트워크 내 Public/Private 서브넷을 혼용하여 사용하는지 여부 점검,Public/Private 서브넷을 각 가상 네트워크 리소스를 단위로 분리하여 안전하게 운영하기 위함,"Public/Private 서브넷을 단일 가상 네트워크 리소스 내 혼용하여 사용할 경우, Private 서브넷이
외부에 노출되어 내부 정보의 유출 위험이 존재함","※ 서브넷: 가상 사설 클라우드(Virtual Private Cloud, VPC) 네트워크 내에서 IP 주소 범위를 분할
하는 작은 네트워크 영역",클라우드 플랫폼,공개용 네트워크와 내부 네트워크를 분리한 경우,공개용 네트워크와 내부 네트워크를 분리하지 않은 경우,각 서브넷 별 네트워크 리소스 설정,일반적인 경우 영향 없음,,,860,860,2026
CA-08,CA-08,가상 네트워크 리소스 관리,클라우드,클라우드 > 3. 가상 리소스 관리,중,내부 클라우드 리소스 접근 시 접근통제 적용 여부 점검,"각 서비스에서 내부 네트워크만 사용하는 리소스에 공용 IP주소를 제거하고, 서비스 역할에 맞게 권한을
부여하여 외부 접근 시도를 차단하기 위함","내부 리소스 공인 IP주소와 권한이 적절하지 않을 경우, 비인가자가 관리자 권한을 취득하여 내부
리소스 유출 및 악용할 위험이 존재함",-,클라우드 플랫폼,"각 서비스 리소스에 공인 IP주소가 존재하지 않고, 적절한 권한이 부여된 경우","각 서비스 리소스에 공인 IP주소가 존재하거나, 적절한 권한이 부여되지 않은 경우",서비스 리소스에 공인 IP주소 제거 및 관리자만 접근할 수 있도록 접근권한 설정,일반적인 경우 영향 없음,,,861,861,2026
CA-09,CA-09,접근 제어 설정 관리,클라우드,클라우드 > 3. 가상 리소스 관리,상,불필요한 접근 정책 존재 여부 점검,"클라우드 서비스에 접근할 수 있는 IP를 등록하여 비인가자의 클라우드 서비스 접근을 차단하고, 권한이
부여된 관리자만 클라우드 서비스에 접근할 수 있도록 하기 위함","불필요한 접근 제어 정책이 존재할 경우, 비인가자의 클라우드 서비스 접근 시도로 인한 내부 정보의
유출 위험이 존재함",-,클라우드 플랫폼,접근 제어 정책을 주기적으로 검토하고 불필요한 규칙이 존재하지 않는 경우,접근 제어 정책을 비주기적으로 검토하고 불필요한 규칙이 존재하는 경우,접근제어 정책 주기적 검토 및 불필요한 정책 제거,일반적인 경우 영향 없음,,,862,862,2026
CA-10,CA-10,스토리지 리소스 퍼블릭 접근 관리,클라우드,클라우드 > 3. 가상 리소스 관리,중,스토리지 리소스에 모든 인터넷 사용자 접근권한의 차단 여부 점검,"클라우드 스토리지 리소스에 모든 인터넷 사용자 접근권한을 차단하고 클라우드 관리 권한이 부여된
관리자만 접근하도록 정책을 수립해 비인가자의 접근을 방지하기 위함","스토리지 리소스에 모든 인터넷 사용자 접근권한이 허용된 경우, 비인가자가 접근하여 중요 정보 및
데이터가 유출될 위험이 존재함","※ 스토리지 리소스: 인터넷을 통해 스토리지 리소스를 추상화, 풀링, 공유하는 저장 공간",클라우드 플랫폼,스토리지 리소스에 불필요한 규칙이 존재하지 않고 접근 제어 정책을 주기적으로 검토하는 경우,스토리지 리소스에 불필요한 규칙이 존재하거나 접근 제어 정책을 비주기적으로 검토하는 경우,스토리지 리소스에 모든 인터넷 사용자 접근권한이 차단 설정,일반적인 경우 영향 없음,,,863,863,2026
CA-11,CA-11,관계형 데이터베이스 암호화 설정,클라우드,클라우드 > 4. 운영 관리,중,관계형 데이터베이스 암호화 설정 여부 점검,관계형 데이터베이스 암호화 설정을 적용해 데이터베이스 내부 정보를 보호하기 위함,"관계형 데이터베이스 암호화 설정이 적용되어 있지 않을 경우, 비인가자의 데이터베이스 내부 침입으로
중요 정보 유출 위험이 존재함","※ 관계형 데이터베이스: 테이블, 행, 열의 정보를 구조화하는 방식",클라우드 플랫폼,관계형 데이터베이스 암호화가 적용된 경우,관계형 데이터베이스 암호화가 적용되지 않은 경우,관계형 데이터베이스 암호화 기능 활성화 설정,일반적인 경우 영향 없음,,,864,864,2026
CA-12,CA-12,통신구간 암호화 설정,클라우드,클라우드 > 4. 운영 관리,중,클라우드 시스템 간 암호화 통신 여부 점검,클라우드 리소스 간 중요 정보 통신 구간을 암호화하여 내부 정보를 보호하기 위함,"통신 구간이 암호화되어 있지 않을 경우, 정보 송‧수신 간 공격자가 패킷을 가로채어 공격에 활용할
위험이 존재함",-,클라우드 플랫폼,클라우드 리소스통신 구간에 암호화가 적용된 경우,클라우드 리소스 통신 구간에 암호화가 적용되지 않은 경우,클라우드 리소스 통신 하는 주요 구간은  암호화된 통신수단  설정,일반적인 경우 영향 없음,,,865,865,2026
CA-13,CA-13,클라우드 서비스 사용자 계정 로깅 설정,클라우드,클라우드 > 4. 운영 관리,상,사용자 계정 로깅 설정 여부 점검,"사용자 계정 로깅 설정을 점검하여 클라우드 서비스의 이상 유무와 비인가자의 침입 및 공격을 식별하기
위함","사용자 계정 로깅 설정이 적용되어 있지 않을 경우, 클라우드 서비스에 장애, 침해사고 발생 시 원인
분석이 어려워져 문제 해결이 지연되거나, 추가적인 피해 발생 위험이 존재함",-,클라우드 플랫폼,사용자 계정 로깅 설정이 기관 정책에 따라 설정된 경우,사용자 계정 로깅 설정이 기관 정책에 따라 설정되지 않은 경우,사용자 계정 로깅 설정,일반적인 경우 영향 없음,,,866,866,2026
CA-14,CA-14,인스턴스 로깅 설정,클라우드,클라우드 > 4. 운영 관리,중,인스턴스 로깅 설정 여부 점검,"인스턴스 로깅 설정을 점검하여 클라우드 인스턴스 리소스의 이상 유무와 비인가자의 침입 및 공격을
식별하기 위함","인스턴스 설정이 적용되어 있지 않을 경우, 인스턴스 리소스에 장애, 침해사고 발생 시 원인 분석이
어려워져 문제해결이 지연되거나, 추가적인 피해 발생 위험이 존재함",-,클라우드 플랫폼,인스턴스 로깅 설정이 기관 정책에 따라 설정된 경우,인스턴스 로깅 설정이 기관 정책에 따라 설정되지 않은 경우,인스턴스 로깅 설정,일반적인 경우 영향 없음,,,867,867,2026
CA-15,CA-15,관계형 데이터베이스 로깅 설정,클라우드,클라우드 > 4. 운영 관리,중,관계형 데이터베이스 로깅 설정 여부 점검,"관계형 데이터베이스 설정을 점검하여 클라우드 데이터베이스의 이상 유무와 비인가자의 침입 및
공격을 식별하기 위함","관계형 데이터베이스 설정이 적용되어 있지 않을 경우, 클라우드 데이터베이스 장애, 침해 사고 발생 시
원인 분석이 어려워져 문제 해결이 지연되거나, 추가적인 피해 발생 위험이 존재함",-,클라우드 플랫폼,관계형 데이터베이스 로깅 설정이 기관 정책에 따라 설정된 경우,관계형 데이터베이스 로깅 설정이 기관 정책에 따라 설정되지 않은 경우,관계형 데이터베이스 로깅 설정,일반적인 경우 영향 없음,,,868,868,2026
CA-16,CA-16,오브젝트 스토리지 버킷 로깅 설정,클라우드,클라우드 > 4. 운영 관리,중,Object 스토리지 버킷 로깅 설정 여부 점검,"Object 스토리지 버킷 로깅 설정을 별도로 설정하고 Object 스토리지의 이상 유무와 비인가자의 침입
및 공격을 식별하기 위함","Object 스토리지 버킷 로깅 설정이 적용되어 있지 않을 경우, 클라우드 Object 스토리지에 장애, 침해
사고 발생 시 원인 분석이 어려워져 문제 해결이 지연되거나, 추가적인 피해 발생 위험이 존재함",※ Object 스토리지 버킷: 객체를 저장하는 공간,클라우드 플랫폼,Object 스토리지 버킷 로깅 설정이 기관 정책에 따라 설정된 경우,Object 스토리지 버킷 로깅 설정이 기관 정책에 따라 설정되지 않은 경우,Object 스토리지 버킷 로깅 설정,일반적인 경우 영향 없음,,,869,869,2026
CA-17,CA-17,로그 보관 기간 설정,클라우드,클라우드 > 4. 운영 관리,중,클라우드 서비스 로그 보관 기간을 기관 정책에 맞게 보관 여부 점검,"클라우드 서비스 로그 보관 정책을 수립하여 클라우드 침해 사고 원인 분석에 필요한 로그를 안전하게
보관하는지 확인하기 위함","클라우드 서비스 로그 보관 기간이 적용되어 있지 않을 경우, 로그 검토나 침해사고 원인 분석 시 필요한
로그가 남아 있지 않아 침해사고 원인 분석이 어려워져 문제해결이 지연되거나, 추가적인 피해 발생
위험이 존재함",-,클라우드 플랫폼,클라우드 서비스 로그 보관 기간을 기관 정책에 맞게 수립된 경우,클라우드 서비스 로그 보관 기간을 기관 정책에 맞게 수립되지 않은 경우,클라우드 서비스 로그 보관 기간을 기관 정책에 맞게 수립 설정,일반적인 경우 영향 없음,,,870,870,2026
CA-18,CA-18,백업 사용 여부,클라우드,클라우드 > 4. 운영 관리,중,클라우드 리소스에 대한 백업 수행 여부 점검,"클라우드 리소스에 대한 장애 발생, 시스템 오류 등의 문제발생 시 정상적인 서비스 제공이 가능하도록
데이터를 안전하게 보관하기 위함","클라우드 리소스를 백업 및 관리하지 않을 경우, 클라우드 시스템의 가용성을 해치고, 정상적인 복구가
불가하여 데이터 손실이 발생할 위험이 존재함",-,클라우드 플랫폼,클라우드 리소스를 기관 정책에 따라 주기적으로 백업이 수행된 경우,클라우드 리소스를 기관 정책에 따라 주기적으로 백업이 수행되지 않은 경우,클라우드 리소스를 주기적으로 백업 설정,일반적인 경우 영향 없음,,,871,871,2026
CA-19,CA-19,가상 리소스 이상징후 알림 설정,클라우드,클라우드 > 4. 운영 관리,중,가상 리소스 이상징후 알림 설정 여부 점검,"가상 리소스 이상징후 알림 설정을 통해 클라우드 리소스 내부 침입 사고나 접근 시도 시 초기대응을
통해 침해사고 대비를 하기 위함","기상 리소스 이상징후 알림 설정이 적용되어 있지 않을 경우, 침해사고 초기대응을 원활하게 수행할 수
없어 정보 유출 등의 보안 사고가 발생할 위험이 존재함",-,클라우드 플랫폼,가상 리소스 이상징후 알림 설정이 적용된 경우,가상 리소스 이상징후 알림 설정이 적용되지 않은 경우,가상 리소스 이상징후 알림 설정,일반적인 경우 영향 없음,,,872,873,2026
